TR4K Flange X48015,,TR4K Flange X50525,,TR70K Flange Pt100,,TR70k Magn.coupling Pt100,,TRFAA CA09,,TRFAA dd06,,TRFAA DD08,,TRFAA sf25,,TRFGGG CA07,,TRGGG d104,
84.9,297.38,85.92,292.19,6.03,44.61,7.46,47.84,3918,42.14,1020.2,395.08,1031.4,100.39,3850,0.92,3721,39.75,3922,0.5
84.93,297.26,85.93,292.16,6.27,45.16,7.46,47.84,3919,42.14,1020.3,383.76,1031.5,99.62,3907,0.88,3852,39.75,3923,0.5
84.94,297.22,85.94,292.12,6.41,45.48,7.46,47.84,3920,42.14,1020.4,373.07,1031.6,98.86,3911,0.88,3860,39.75,3924,0.5
84.95,297.18,85.95,292.09,6.49,45.66,7.46,47.85,3921,42.14,1020.5,362.96,1031.7,98.11,3912,0.87,3874,39.75,3925,0.5
84.99,297.01,85.96,292.05,6.52,45.72,7.46,47.85,3922,42.14,1020.6,353.39,1031.8,97.38,3913,0.87,3875,39.75,3926,0.5
85,296.97,85.97,292.02,6.54,45.78,7.46,47.85,3923,42.14,1020.7,344.31,1031.9,96.65,3914,0.87,3876,39.75,3927,0.5
85.01,296.93,85.98,291.98,6.54,45.79,7.46,47.85,3924,42.14,1020.8,335.68,1032,95.94,3915,0.87,3877,39.75,3928,0.5
85.02,296.89,85.99,291.94,6.55,45.8,7.46,47.86,3926,42.14,1020.9,327.47,1032.1,95.24,3916,0.87,3878,39.75,3929,0.5
85.03,296.85,86,291.91,6.55,45.8,7.46,47.86,4001,42.14,1021,319.66,1032.2,94.54,3917,0.87,3879,39.75,3930,0.5
85.04,296.8,86.01,291.87,6.56,45.83,7.46,47.86,4002,42.14,1021.1,312.21,1032.3,93.86,3918,0.87,3880,39.75,3931,0.5
85.05,296.76,86.02,291.84,6.57,45.85,7.46,47.86,4003,42.13,1021.2,305.1,1032.4,93.19,3919,0.87,3881,39.75,3932,0.5
85.06,296.72,86.03,291.8,6.59,45.88,7.47,47.86,4004,42.13,1021.3,298.31,1032.5,92.52,3920,0.87,3882,39.75,3933,0.5
85.07,296.68,86.04,291.77,6.63,45.98,7.47,47.87,4005,42.13,1021.4,291.81,1032.6,91.87,3921,0.87,3883,39.75,3934,0.5
85.08,296.64,86.05,291.73,6.64,46,7.47,47.87,4006,42.13,1021.5,285.59,1032.7,91.22,3922,0.87,3884,39.75,3935,0.5
85.09,296.6,86.06,291.69,6.66,46.05,7.47,47.87,4007,42.12,1021.6,279.63,1032.8,90.59,3923,0.87,3885,39.75,3936,0.5
85.1,296.56,86.07,291.66,6.67,46.07,7.47,47.87,4008,42.12,1021.7,273.92,1032.9,89.96,3924,0.87,3886,39.75,3937,0.5
85.11,296.52,86.08,291.62,6.67,46.07,7.47,47.88,4009,42.12,1021.8,268.43,1033,89.34,3925,0.87,3887,39.75,3938,0.5
85.12,296.48,86.09,291.59,6.68,46.09,7.47,47.88,4010,42.11,1021.9,263.16,1033.1,88.73,3926,0.86,3888,39.75,3939,0.5
85.13,296.43,86.1,291.55,6.68,46.1,7.47,47.88,4011,42.11,1022,258.09,1033.2,88.13,3927,0.86,3889,39.75,3940,0.5
85.14,296.39,86.11,291.52,6.69,46.11,7.47,47.89,4012,42.11,1022.1,253.21,1033.3,87.54,3928,0.86,3890,39.75,3941,0.5
85.15,296.35,86.12,291.48,6.69,46.11,7.48,47.89,4013,42.1,1022.2,248.52,1033.4,86.95,3929,0.86,3891,39.75,3942,0.5
85.16,296.31,86.13,291.44,6.7,46.13,7.48,47.89,4014,42.1,1022.3,243.99,1033.5,86.37,3930,0.86,3892,39.75,3943,0.5
85.17,296.27,86.14,291.41,6.7,46.14,7.48,47.89,4015,42.1,1022.4,239.63,1033.6,85.8,3931,0.86,3893,39.75,3944,0.5
85.18,296.23,86.15,291.37,6.7,46.14,7.48,47.9,4016,42.09,1022.5,235.42,1033.7,85.24,3932,0.86,3894,39.75,3945,0.5
85.19,296.19,86.16,291.34,6.7,46.14,7.48,47.9,4017,42.09,1022.6,231.35,1033.8,84.69,3933,0.86,3895,39.75,3946,0.5
85.2,296.15,86.17,291.3,6.71,46.15,7.48,47.9,4018,42.08,1022.7,227.43,1033.9,84.14,3934,0.86,3896,39.75,3947,0.5
85.21,296.1,86.18,291.27,6.71,46.15,7.48,47.9,4019,42.08,1022.8,223.63,1034,83.6,3935,0.86,3897,39.75,3948,0.5
85.22,296.06,86.19,291.23,6.71,46.15,7.48,47.91,4020,42.07,1022.9,219.96,1034.1,83.06,3936,0.86,3898,39.75,3949,0.5
85.23,296.02,86.2,291.2,6.71,46.15,7.49,47.91,4021,42.07,1023,216.41,1034.2,82.53,3937,0.86,3899,39.75,3950,0.5
85.24,295.98,86.21,291.16,6.71,46.16,7.49,47.91,4022,42.06,1023.1,212.97,1034.3,82.01,3938,0.86,3900,39.75,3951,0.5
85.25,295.94,86.22,291.12,6.71,46.16,7.49,47.91,4023,42.06,1023.2,209.64,1034.4,81.5,3939,0.86,3901,39.75,3952,0.5
85.26,295.9,86.23,291.09,6.71,46.16,7.49,47.92,4024,42.05,1023.3,206.41,1034.5,80.99,3940,0.86,3902,39.75,3953,0.5
85.27,295.86,86.24,291.05,6.71,46.16,7.49,47.92,4025,42.05,1023.4,203.28,1034.6,80.49,3941,0.85,3903,39.75,3954,0.5
85.28,295.82,86.25,291.02,6.71,46.16,7.49,47.92,4026,42.04,1023.5,200.25,1034.7,80,3942,0.85,3904,39.75,3955,0.5
85.29,295.78,86.26,290.98,6.71,46.17,7.49,47.93,4027,42.03,1023.6,197.3,1034.8,79.51,3943,0.85,3905,39.75,3956,0.5
85.3,295.74,86.27,290.95,6.71,46.17,7.49,47.93,4028,42.03,1023.7,194.44,1034.9,79.02,3944,0.85,3906,39.75,3957,0.5
85.31,295.69,86.28,290.91,6.72,46.17,7.5,47.93,4029,42.02,1023.8,191.66,1035,78.55,3945,0.85,3907,39.75,3958,0.5
85.32,295.65,86.29,290.88,6.72,46.17,7.5,47.95,4030,42.01,1023.9,188.95,1035.1,78.07,3946,0.85,3908,39.75,3959,0.5
85.33,295.61,86.3,290.84,6.72,46.18,7.5,47.95,4031,42.01,1024,186.33,1035.2,77.61,3947,0.85,3909,39.75,3960,0.5
85.34,295.57,86.31,290.81,6.72,46.18,7.51,47.96,4032,42,1024.1,183.77,1035.3,77.15,3948,0.85,3910,39.75,3961,0.49
85.35,295.53,86.32,290.77,6.72,46.18,7.51,47.97,4033,41.99,1024.2,181.29,1035.4,76.69,3949,0.85,3911,39.75,3962,0.49
85.36,295.49,86.33,290.73,6.72,46.18,7.52,47.98,4034,41.99,1024.3,178.87,1035.5,76.24,3950,0.85,3912,39.75,3963,0.49
85.37,295.45,86.34,290.7,6.72,46.18,7.52,47.99,4035,41.98,1024.4,176.51,1035.6,75.8,3951,0.85,3913,39.75,3964,0.49
85.38,295.41,86.35,290.66,6.72,46.19,7.52,47.99,4036,41.97,1024.5,174.22,1035.7,75.36,3952,0.85,3914,39.75,3965,0.49
85.39,295.37,86.36,290.63,6.72,46.19,7.52,47.99,4037,41.96,1024.6,171.99,1035.8,74.93,3953,0.85,3915,39.75,3966,0.49
85.4,295.33,86.37,290.59,6.73,46.19,7.53,48,4038,41.95,1024.7,169.81,1035.9,74.5,3954,0.85,3916,39.75,3967,0.49
85.41,295.29,86.38,290.56,6.73,46.2,7.53,48.01,4039,41.95,1024.8,167.68,1036,74.07,3955,0.85,3917,39.75,3968,0.49
85.42,295.24,86.39,290.52,6.73,46.2,7.53,48.01,4040,41.94,1024.9,165.61,1036.1,73.65,3956,0.85,3918,39.75,3969,0.49
85.43,295.2,86.4,290.49,6.73,46.2,7.53,48.02,4041,41.93,1025,163.59,1036.2,73.24,3957,0.84,3919,39.75,3970,0.49
85.44,295.16,86.41,290.45,6.73,46.21,7.54,48.03,4042,41.92,1025.1,161.62,1036.3,72.83,3958,0.84,3920,39.75,3971,0.49
85.45,295.12,86.42,290.42,6.73,46.21,7.54,48.03,4043,41.91,1025.2,159.69,1036.4,72.42,3960,0.84,3921,39.75,3972,0.49
85.46,295.08,86.43,290.38,6.73,46.21,7.55,48.05,4044,41.9,1025.3,157.81,1036.5,72.02,3961,0.84,3922,39.75,3973,0.49
85.47,295.04,86.44,290.35,6.74,46.21,7.55,48.06,4045,41.89,1025.4,155.98,1036.6,71.62,3962,0.84,3923,39.75,3974,0.49
85.48,295,86.45,290.31,6.74,46.22,7.55,48.07,4046,41.88,1025.5,154.19,1036.7,71.23,3963,0.84,3924,39.75,3975,0.49
85.49,294.96,86.46,290.27,6.74,46.22,7.56,48.07,4047,41.88,1025.6,152.43,1036.8,70.84,3964,0.84,3925,39.75,3976,0.49
85.5,294.92,86.47,290.24,6.74,46.22,7.56,48.08,4048,41.87,1025.7,150.72,1036.9,70.46,3965,0.84,3926,39.75,3977,0.49
85.51,294.88,86.48,290.2,6.74,46.23,7.56,48.09,4049,41.86,1025.8,149.04,1037,70.08,3966,0.84,3927,39.75,3978,0.49
85.52,294.84,86.49,290.17,6.74,46.23,7.57,48.09,4050,41.85,1025.9,147.41,1037.1,69.7,3967,0.84,3928,39.75,3979,0.49
85.53,294.8,86.5,290.13,6.74,46.23,7.57,48.1,4051,41.84,1026,145.8,1037.2,69.33,3968,0.84,3929,39.75,3980,0.49
85.54,294.76,86.51,290.1,6.74,46.23,7.57,48.1,4052,41.83,1026.1,144.23,1037.3,68.97,3969,0.84,3930,39.75,3981,0.49
85.55,294.71,86.52,290.06,6.74,46.23,7.57,48.1,4053,41.82,1026.2,142.7,1037.4,68.6,3970,0.84,3931,39.75,3982,0.49
85.56,294.67,86.53,290.03,6.75,46.24,7.57,48.11,4054,41.8,1026.3,141.2,1037.5,68.24,3971,0.84,3932,39.75,3983,0.49
85.57,294.63,86.54,289.99,6.75,46.24,7.57,48.11,4055,41.79,1026.4,139.73,1037.6,67.89,3972,0.83,3933,39.75,3984,0.49
85.58,294.59,86.55,289.96,6.75,46.24,7.58,48.11,4056,41.78,1026.5,138.29,1037.7,67.53,3973,0.83,3934,39.75,3985,0.49
85.59,294.55,86.56,289.92,6.75,46.24,7.58,48.11,4057,41.77,1026.6,136.87,1037.8,67.18,3974,0.83,3935,39.75,3986,0.49
85.6,294.51,86.57,289.89,6.75,46.25,7.58,48.12,4058,41.76,1026.7,135.49,1037.9,66.84,3975,0.83,3936,39.75,3987,0.49
85.61,294.47,86.58,289.85,6.75,46.25,7.58,48.12,4059,41.75,1026.8,134.14,1038,66.5,3977,0.83,3937,39.75,3988,0.49
85.62,294.43,86.59,289.82,6.75,46.25,7.58,48.12,4060,41.74,1026.9,132.81,1038.1,66.16,3978,0.83,3938,39.75,3989,0.49
85.63,294.39,86.6,289.78,6.75,46.25,7.58,48.13,4061,41.73,1027,131.51,1038.2,65.83,3979,0.83,3939,39.75,3990,0.49
85.64,294.35,86.61,289.75,6.75,46.26,7.58,48.13,4062,41.71,1027.1,130.23,1038.3,65.49,3980,0.83,3940,39.75,3991,0.49
85.65,294.31,86.62,289.71,6.75,46.26,7.59,48.14,4063,41.7,1027.2,128.98,1038.4,65.17,3981,0.83,3941,39.75,3992,0.49
85.66,294.27,86.63,289.68,6.76,46.26,7.59,48.14,4064,41.69,1027.3,127.75,1038.5,64.84,3982,0.83,3942,39.75,3993,0.49
85.67,294.23,86.64,289.64,6.76,46.27,7.59,48.15,4065,41.68,1027.4,126.54,1038.6,64.52,3983,0.83,3943,39.75,3994,0.49
85.68,294.19,86.65,289.61,6.76,46.27,7.59,48.15,4066,41.67,1027.5,125.36,1038.7,64.2,3984,0.83,3944,39.75,3995,0.49
85.69,294.15,86.66,289.57,6.76,46.27,7.6,48.17,4067,41.65,1027.6,124.2,1038.8,63.89,3985,0.83,3945,39.75,3996,0.49
85.7,294.11,86.67,289.54,6.76,46.28,7.6,48.17,4068,41.64,1027.7,123.06,1038.9,63.57,3986,0.83,3946,39.75,3997,0.49
85.71,294.06,86.68,289.5,6.76,46.28,7.6,48.17,4069,41.63,1027.8,121.94,1039,63.26,3987,0.83,3947,39.75,3998,0.49
85.72,294.02,86.69,289.47,6.77,46.29,7.6,48.18,4070,41.61,1027.9,120.84,1039.1,62.96,3988,0.82,3948,39.75,3999,0.49
85.73,293.98,86.7,289.43,6.77,46.29,7.61,48.18,4071,41.6,1028,119.76,1039.2,62.66,3989,0.82,3949,39.75,4000,0.49
85.74,293.94,86.71,289.4,6.77,46.29,7.61,48.18,4072,41.59,1028.1,118.7,1039.3,62.36,3990,0.82,3950,39.75,4001,0.49
85.75,293.9,86.72,289.36,6.77,46.3,7.61,48.19,4073,41.57,1028.2,117.66,1039.4,62.06,3991,0.82,3951,39.75,4002,0.49
85.76,293.86,86.73,289.33,6.77,46.3,7.61,48.19,4074,41.56,1028.3,116.64,1039.5,61.76,3992,0.82,3952,39.75,4003,0.49
85.77,293.82,86.74,289.29,6.78,46.3,7.61,48.2,4075,41.55,1028.4,115.63,1039.6,61.47,3993,0.82,3953,39.75,4004,0.49
85.78,293.78,86.75,289.26,6.78,46.31,7.61,48.2,4076,41.53,1028.5,114.65,1039.7,61.18,3994,0.82,3954,39.75,4005,0.49
85.79,293.74,86.76,289.22,6.78,46.31,7.62,48.2,4077,41.52,1028.6,113.68,1039.8,60.9,3995,0.82,3955,39.75,4006,0.49
85.8,293.7,86.77,289.19,6.78,46.31,7.62,48.2,4078,41.51,1028.7,112.72,1039.9,60.61,3996,0.82,3956,39.75,4007,0.49
85.81,293.66,86.78,289.15,6.78,46.32,7.62,48.21,4079,41.49,1028.8,111.78,1040,60.33,3997,0.82,3957,39.75,4008,0.49
85.82,293.62,86.79,289.12,6.78,46.32,7.62,48.21,4080,41.48,1028.9,110.86,1040.1,60.05,3998,0.82,3958,39.75,4009,0.49
85.83,293.58,86.8,289.08,6.78,46.32,7.62,48.21,4081,41.46,1029,109.95,1040.2,59.78,3999,0.82,3959,39.75,4010,0.49
85.84,293.54,86.81,289.05,6.78,46.32,7.62,48.21,4082,41.45,1029.1,109.06,1040.3,59.5,4000,0.82,3960,39.75,4011,0.49
85.85,293.5,86.82,289.01,6.78,46.32,7.62,48.22,4083,41.43,1029.2,108.18,1040.4,59.23,4001,0.82,3961,39.75,4012,0.49
85.86,293.46,86.83,288.98,6.79,46.33,7.62,48.22,4084,41.42,1029.3,107.31,1040.5,58.97,4002,0.82,3962,39.75,4013,0.49
85.87,293.42,86.84,288.94,6.79,46.33,7.62,48.22,4085,41.4,1029.4,106.46,1040.6,58.7,4003,0.82,3963,39.75,4014,0.49
85.88,293.38,86.85,288.91,6.79,46.33,7.62,48.22,4086,41.39,1029.5,105.62,1040.7,58.44,4004,0.82,3964,39.75,4015,0.49
85.89,293.34,86.86,288.87,6.79,46.33,7.63,48.22,4087,41.37,1029.6,104.8,1040.8,58.17,4005,0.81,3965,39.75,4016,0.49
85.9,293.3,86.87,288.84,6.79,46.34,7.63,48.23,4088,41.35,1029.7,103.98,1040.9,57.92,4006,0.81,3966,39.75,4017,0.49
85.91,293.26,86.88,288.8,6.79,46.34,7.63,48.23,4089,41.34,1029.8,103.18,1041,57.66,4007,0.81,3967,39.75,4018,0.49
85.92,293.22,86.89,288.77,6.79,46.34,7.63,48.23,4090,41.32,1029.9,102.4,1041.1,57.4,4008,0.81,3968,39.75,4019,0.49
85.93,293.18,86.9,288.73,6.79,46.34,7.63,48.23,4091,41.31,1030,101.62,1041.2,57.15,4009,0.81,3969,39.75,4020,0.49
85.94,293.14,86.91,288.7,6.79,46.35,7.63,48.24,4092,41.29,1030.1,100.86,1041.3,56.9,4010,0.81,3970,39.75,4021,0.49
85.95,293.1,86.92,288.66,6.8,46.35,7.63,48.24,4093,41.27,1030.2,100.11,1041.4,56.66,4011,0.81,3971,39.75,4022,0.49
85.96,293.06,86.93,288.63,6.8,46.36,7.63,48.24,4094,41.26,1030.3,99.36,1041.5,56.41,4012,0.81,3972,39.75,4023,0.49
85.97,293.02,86.94,288.59,6.8,46.36,7.63,48.24,4095,41.24,1030.4,98.63,1041.6,56.17,4013,0.81,3973,39.75,4024,0.48
85.98,292.97,86.95,288.56,6.8,46.36,7.63,48.24,4096,41.22,1030.5,97.91,1041.7,55.93,4014,0.81,3974,39.75,4025,0.48
85.99,292.93,86.96,288.52,6.8,46.37,7.63,48.25,4097,41.21,1030.6,97.2,1041.8,55.69,4015,0.81,3975,39.75,4026,0.48
86,292.89,86.97,288.49,6.8,46.37,7.64,48.25,4098,41.19,1030.7,96.51,1041.9,55.45,4016,0.81,3976,39.75,4027,0.48
86.01,292.85,86.98,288.45,6.8,46.37,7.64,48.25,4099,41.17,1030.8,95.82,1042,55.21,4018,0.81,3977,39.75,4028,0.48
86.02,292.81,86.99,288.42,6.81,46.37,7.64,48.25,4100,41.16,1030.9,95.14,1042.1,54.98,4019,0.81,3978,39.75,4029,0.48
86.03,292.77,87,288.38,6.81,46.38,7.64,48.26,4101,41.14,1031,94.47,1042.2,54.75,4020,0.81,3979,39.75,4030,0.48
86.04,292.73,87.01,288.35,6.81,46.38,7.64,48.26,4102,41.12,1031.1,93.81,1042.3,54.52,4021,0.8,3980,39.75,4031,0.48
86.05,292.69,87.02,288.31,6.81,46.38,7.64,48.26,4103,41.1,1031.2,93.16,1042.4,54.29,4023,0.8,3981,39.75,4032,0.48
86.06,292.65,87.03,288.28,6.81,46.39,7.64,48.26,4104,41.09,1031.4,91.88,1042.5,54.07,4024,0.8,3982,39.75,4033,0.48
86.07,292.61,87.04,288.24,6.81,46.39,7.64,48.26,4105,41.07,1031.5,91.26,1042.6,53.84,4025,0.8,3983,39.75,4034,0.48
86.08,292.57,87.05,288.21,6.82,46.4,7.64,48.27,4106,41.05,1031.6,90.64,1042.7,53.62,4026,0.8,3984,39.75,4035,0.48
86.09,292.53,87.06,288.17,6.82,46.4,7.64,48.27,4107,41.03,1031.7,90.03,1042.8,53.4,4027,0.8,3985,39.75,4036,0.48
86.1,292.49,87.07,288.14,6.82,46.41,7.65,48.27,4108,41.01,1031.8,89.43,1042.9,53.18,4029,0.8,3986,39.75,4037,0.48
86.11,292.45,87.08,288.1,6.82,46.41,7.65,48.27,4109,40.99,1031.9,88.84,1043,52.97,4030,0.8,3987,39.75,4038,0.48
86.12,292.41,87.09,288.07,6.82,46.41,7.65,48.28,4110,40.98,1032,88.26,1043.1,52.75,4031,0.8,3988,39.75,4039,0.48
86.13,292.37,87.1,288.03,6.82,46.41,7.65,48.28,4111,40.96,1032.1,87.68,1043.2,52.54,4032,0.8,3989,39.75,4040,0.48
86.14,292.33,87.11,288,6.83,46.42,7.65,48.28,4112,40.94,1032.2,87.11,1043.3,52.33,4033,0.8,3990,39.75,4041,0.48
86.15,292.29,87.12,287.96,6.83,46.42,7.65,48.28,4113,40.92,1032.3,86.55,1043.4,52.12,4034,0.8,3991,39.75,4042,0.48
86.16,292.25,87.13,287.93,6.83,46.43,7.65,48.29,4114,40.9,1032.4,85.99,1043.5,51.91,4035,0.8,3992,39.75,4043,0.48
86.17,292.21,87.14,287.9,6.83,46.43,7.65,48.29,4115,40.88,1032.5,85.45,1043.6,51.71,4036,0.8,3993,39.75,4044,0.48
86.18,292.17,87.15,287.86,6.83,46.43,7.65,48.29,4116,40.86,1032.6,84.91,1043.7,51.5,4037,0.8,3994,39.75,4045,0.48
86.19,292.13,87.16,287.83,6.83,46.44,7.66,48.29,4117,40.84,1032.7,84.37,1043.8,51.3,4038,0.79,3995,39.75,4046,0.48
86.2,292.09,87.17,287.79,6.83,46.44,7.66,48.29,4118,40.82,1032.9,83.33,1043.9,51.1,4040,0.79,3996,39.75,4047,0.48
86.21,292.05,87.18,287.76,6.84,46.44,7.66,48.3,4119,40.8,1033.1,82.3,1044,50.9,4042,0.79,3997,39.75,4048,0.48
86.22,292.01,87.19,287.72,6.84,46.45,7.66,48.3,4120,40.78,1033.2,81.8,1044.1,50.7,4043,0.79,3998,39.75,4049,0.48
86.23,291.97,87.2,287.69,6.84,46.46,7.66,48.3,4121,40.76,1033.3,81.31,1044.2,50.5,4044,0.79,3999,39.75,4050,0.48
86.24,291.93,87.21,287.65,6.84,46.46,7.66,48.3,4122,40.74,1033.4,80.82,1044.3,50.31,4045,0.79,4000,39.75,4051,0.48
86.25,291.89,87.22,287.62,6.84,46.46,7.66,48.31,4123,40.72,1033.5,80.33,1044.4,50.11,4046,0.79,4001,39.75,4052,0.48
86.26,291.85,87.23,287.58,6.84,46.46,7.66,48.31,4124,40.7,1033.6,79.86,1044.5,49.92,4047,0.79,4002,39.75,4053,0.48
86.27,291.81,87.24,287.55,6.85,46.47,7.66,48.31,4125,40.68,1033.7,79.38,1044.6,49.73,4048,0.79,4003,39.75,4054,0.48
86.28,291.77,87.25,287.51,6.85,46.47,7.66,48.31,4126,40.66,1033.8,78.92,1044.7,49.54,4049,0.79,4004,39.75,4055,0.48
86.29,291.73,87.26,287.48,6.85,46.47,7.67,48.31,4127,40.64,1034,78,1044.8,49.35,4050,0.79,4005,39.75,4056,0.48
86.3,291.69,87.27,287.45,6.85,46.48,7.67,48.32,4128,40.62,1034.1,77.55,1044.9,49.17,4051,0.79,4006,39.75,4057,0.48
86.31,291.65,87.28,287.41,6.86,46.48,7.67,48.32,4129,40.6,1034.2,77.1,1045,48.98,4052,0.79,4007,39.75,4058,0.48
86.32,291.61,87.29,287.38,6.86,46.49,7.67,48.32,4130,40.57,1034.3,76.66,1045.1,48.8,4053,0.79,4008,39.75,4059,0.48
86.33,291.57,87.3,287.34,6.86,46.49,7.67,48.32,4131,40.55,1034.5,75.8,1045.2,48.62,4054,0.79,4009,39.75,4060,0.48
86.34,291.53,87.31,287.31,6.86,46.49,7.67,48.33,4132,40.53,1034.6,75.37,1045.3,48.44,4056,0.78,4010,39.75,4062,0.48
86.35,291.49,87.32,287.27,6.86,46.5,7.67,48.33,4133,40.51,1034.7,74.95,1045.4,48.26,4058,0.78,4011,39.75,4063,0.48
86.36,291.45,87.33,287.24,6.86,46.5,7.67,48.33,4134,40.49,1034.8,74.54,1045.5,48.08,4060,0.78,4012,39.75,4064,0.48
86.37,291.41,87.34,287.2,6.86,46.5,7.67,48.33,4135,40.47,1035,73.72,1045.6,47.9,4061,0.78,4013,39.75,4065,0.48
86.38,291.37,87.35,287.17,6.86,46.51,7.67,48.33,4136,40.45,1035.1,73.32,1045.7,47.73,4062,0.78,4014,39.75,4066,0.48
86.39,291.33,87.36,287.13,6.87,46.51,7.67,48.34,4137,40.42,1035.2,72.92,1045.8,47.55,4065,0.78,4015,39.75,4067,0.48
86.4,291.29,87.37,287.1,6.87,46.52,7.68,48.34,4138,40.4,1035.3,72.52,1045.9,47.38,4066,0.78,4016,39.75,4068,0.48
86.41,291.26,87.38,287.07,6.88,46.53,7.68,48.34,4139,40.38,1035.5,71.75,1046,47.21,4067,0.78,4017,39.75,4069,0.48
86.42,291.22,87.39,287.03,6.88,46.54,7.68,48.34,4140,40.36,1035.6,71.37,1046.1,47.04,4068,0.78,4018,39.75,4070,0.48
86.43,291.18,87.4,287,6.88,46.55,7.68,48.35,4141,40.33,1035.7,70.99,1046.2,46.87,4071,0.78,4019,39.75,4071,0.48
86.44,291.14,87.41,286.96,6.89,46.56,7.68,48.35,4142,40.31,1035.9,70.25,1046.3,46.7,4074,0.77,4020,39.75,4072,0.48
86.45,291.1,87.42,286.93,6.89,46.56,7.68,48.35,4143,40.29,1036,69.88,1046.4,46.53,4075,0.77,4021,39.75,4073,0.48
86.46,291.06,87.43,286.89,6.89,46.57,7.68,48.36,4144,40.27,1036.2,69.16,1046.5,46.37,4076,0.77,4022,39.75,4074,0.48
86.47,291.02,87.44,286.86,6.89,46.57,7.68,48.36,4145,40.24,1036.3,68.81,1046.6,46.2,4077,0.77,4023,39.75,4075,0.48
86.48,290.98,87.45,286.82,6.9,46.58,7.69,48.36,4146,40.22,1036.4,68.46,1046.7,46.04,4078,0.77,4024,39.75,4076,0.48
86.49,290.94,87.46,286.79,6.9,46.58,7.69,48.36,4147,40.2,1036.6,67.77,1046.8,45.88,4080,0.77,4025,39.75,4077,0.48
86.5,290.9,87.47,286.76,6.9,46.58,7.69,48.37,4148,40.17,1036.7,67.43,1046.9,45.72,4081,0.77,4026,39.75,4078,0.48
86.51,290.86,87.48,286.72,6.91,46.6,7.69,48.37,4149,40.15,1037.1,66.1,1047,45.56,4082,0.77,4027,39.75,4079,0.48
86.52,290.82,87.49,286.69,6.91,46.6,7.69,48.38,4150,40.13,1037.3,65.45,1047.1,45.4,4083,0.77,4028,39.75,4081,0.48
86.53,290.78,87.5,286.65,6.91,46.6,7.69,48.38,4151,40.1,1037.4,65.14,1047.2,45.24,4084,0.77,4029,39.75,4082,0.48
86.54,290.74,87.51,286.62,6.91,46.61,7.7,48.38,4152,40.08,1037.6,64.51,1047.3,45.08,4085,0.77,4030,39.75,4083,0.48
86.55,290.7,87.52,286.58,6.91,46.62,7.7,48.38,4153,40.06,1037.8,63.9,1047.4,44.93,4088,0.77,4031,39.75,4084,0.48
86.56,290.66,87.53,286.55,6.91,46.62,7.7,48.39,4154,40.03,1038,63.29,1047.5,44.77,4089,0.77,4032,39.75,4085,0.48
86.57,290.62,87.54,286.51,6.92,46.62,7.7,48.39,4155,40.01,1038.2,62.7,1047.6,44.62,4091,0.77,4033,39.75,4086,0.48
86.58,290.58,87.55,286.48,6.92,46.63,7.7,48.39,4156,39.98,1038.3,62.41,1047.7,44.47,4093,0.76,4034,39.75,4087,0.48
86.59,290.54,87.56,286.45,6.92,46.63,7.7,48.39,4157,39.96,1038.5,61.84,1047.8,44.32,4094,0.76,4035,39.75,4088,0.48
86.6,290.5,87.57,286.41,6.92,46.64,7.7,48.4,4158,39.93,1038.7,61.27,1047.9,44.17,4095,0.76,4036,39.75,4089,0.47
86.61,290.46,87.58,286.38,6.93,46.65,7.7,48.4,4159,39.91,1038.9,60.72,1048,44.02,4096,0.76,4037,39.75,4090,0.47
86.62,290.42,87.59,286.34,6.93,46.65,7.7,48.4,4160,39.89,1039.1,60.18,1048.1,43.87,4097,0.76,4038,39.75,4091,0.47
86.63,290.38,87.6,286.31,6.93,46.66,7.7,48.4,4161,39.86,1039.3,59.64,1048.2,43.72,4099,0.76,4039,39.75,4092,0.47
86.64,290.34,87.61,286.27,6.94,46.67,7.71,48.41,4162,39.84,1039.5,59.12,1048.3,43.58,4100,0.76,4040,39.75,4093,0.47
86.65,290.3,87.62,286.24,6.94,46.67,7.71,48.41,4163,39.81,1039.7,58.6,1048.4,43.43,4101,0.76,4041,39.75,4094,0.47
86.66,290.26,87.63,286.21,6.94,46.68,7.71,48.41,4164,39.79,1039.9,58.09,1048.5,43.29,4106,0.76,4042,39.75,4095,0.47
86.67,290.22,87.64,286.17,6.94,46.68,7.71,48.41,4165,39.76,1040.2,57.35,1048.6,43.14,4107,0.76,4043,39.75,4096,0.47
86.68,290.19,87.65,286.14,6.95,46.69,7.71,48.42,4166,39.74,1040.4,56.86,1048.7,43,4108,0.76,4044,39.75,4097,0.47
86.69,290.15,87.66,286.1,6.95,46.69,7.71,48.42,4167,39.71,1040.6,56.39,1048.8,42.86,4109,0.76,4045,39.75,4098,0.47
86.7,290.11,87.67,286.07,6.95,46.69,7.71,48.42,4168,39.69,1040.9,55.69,1048.9,42.72,4111,0.75,4046,39.75,4099,0.47
86.71,290.07,87.68,286.03,6.95,46.7,7.71,48.42,4169,39.66,1041.1,55.23,1049,42.58,4114,0.75,4047,39.75,4101,0.47
86.72,290.03,87.69,286,6.95,46.71,7.71,48.43,4170,39.63,1041.4,54.56,1049.1,42.44,4115,0.75,4048,39.75,4102,0.47
86.73,289.99,87.7,285.97,6.95,46.71,7.71,48.43,4171,39.61,1041.6,54.12,1049.2,42.3,4118,0.75,4049,39.75,4104,0.47
86.74,289.95,87.71,285.93,6.96,46.72,7.72,48.43,4172,39.58,1041.9,53.47,1049.3,42.17,4119,0.75,4050,39.75,4106,0.47
86.75,289.91,87.72,285.9,6.96,46.72,7.72,48.43,4173,39.56,1042.2,52.84,1049.4,42.03,4120,0.75,4051,39.75,4107,0.47
86.76,289.87,87.73,285.86,6.96,46.72,7.72,48.43,4174,39.53,1042.5,52.22,1049.5,41.9,4121,0.75,4052,39.74,4109,0.47
86.77,289.83,87.74,285.83,6.96,46.73,7.72,48.44,4175,39.51,1042.8,51.62,1049.6,41.76,4123,0.75,4053,39.74,4110,0.47
86.78,289.79,87.75,285.8,6.96,46.73,7.72,48.44,4176,39.48,1043,51.23,1049.7,41.63,4126,0.75,4054,39.74,4111,0.47
86.79,289.75,87.76,285.76,6.96,46.73,7.72,48.44,4177,39.45,1043.4,50.46,1049.8,41.5,4128,0.75,4055,39.74,4112,0.47
86.8,289.71,87.77,285.73,6.97,46.74,7.72,48.44,4178,39.43,1043.7,49.9,1049.9,41.36,4131,0.74,4056,39.74,4113,0.47
86.81,289.67,87.78,285.69,6.97,46.74,7.72,48.45,4179,39.4,1044,49.35,1050,41.23,4133,0.74,4057,39.74,4114,0.47
86.82,289.63,87.79,285.66,6.97,46.74,7.72,48.45,4180,39.37,1044.4,48.63,1050.1,41.1,4135,0.74,4058,39.73,4116,0.47
86.83,289.59,87.8,285.62,6.97,46.74,7.72,48.45,4181,39.35,1044.7,48.11,1050.2,40.97,4136,0.74,4059,39.73,4117,0.47
86.84,289.56,87.81,285.59,6.97,46.75,7.73,48.45,4182,39.32,1045.1,47.43,1050.3,40.85,4138,0.74,4060,39.73,4118,0.47
86.85,289.52,87.82,285.56,6.97,46.75,7.73,48.45,4183,39.29,1045.4,46.93,1050.4,40.72,4145,0.74,4061,39.73,4119,0.47
86.86,289.48,87.83,285.52,6.97,46.75,7.73,48.46,4184,39.27,1045.5,46.77,1050.5,40.59,4146,0.74,4062,39.72,4120,0.47
86.87,289.44,87.84,285.49,6.97,46.76,7.73,48.46,4185,39.24,1045.6,46.61,1050.6,40.47,4147,0.74,4063,39.72,4121,0.47
86.88,289.4,87.85,285.45,6.98,46.76,7.73,48.46,4186,39.21,1045.8,46.29,1050.7,40.34,4150,0.73,4064,39.72,4123,0.47
86.89,289.36,87.86,285.42,6.98,46.76,7.73,48.46,4187,39.19,1046.6,45.05,1050.8,40.22,4154,0.73,4065,39.71,4124,0.47
86.9,289.32,87.87,285.39,6.98,46.76,7.73,48.47,4188,39.16,1047.1,44.31,1050.9,40.09,4157,0.73,4066,39.71,4125,0.47
86.91,289.28,87.88,285.35,6.98,46.76,7.73,48.47,4189,39.13,1047.5,43.73,1051,39.97,4158,0.73,4067,39.71,4126,0.47
86.92,289.24,87.89,285.32,6.98,46.77,7.73,48.47,4190,39.1,1047.9,43.17,1051.1,39.85,4159,0.73,4068,39.7,4128,0.47
86.93,289.2,87.9,285.28,6.98,46.77,7.74,48.47,4191,39.08,1048.4,42.48,1051.2,39.73,4161,0.73,4069,39.7,4129,0.47
86.94,289.16,87.91,285.25,6.98,46.77,7.74,48.48,4192,39.05,1048.9,41.82,1051.3,39.6,4162,0.73,4070,39.7,4130,0.47
86.95,289.12,87.92,285.22,6.98,46.77,7.74,48.48,4193,39.02,1049.4,41.18,1051.4,39.48,4167,0.73,4071,39.69,4131,0.47
86.96,289.08,87.93,285.18,6.99,46.78,7.74,48.49,4194,38.99,1050,40.44,1051.5,39.37,4171,0.72,4072,39.69,4133,0.47
86.97,289.04,87.94,285.15,6.99,46.78,7.74,48.49,4195,38.97,1050.5,39.84,1051.6,39.25,4173,0.72,4073,39.68,4134,0.47
86.98,289.01,87.95,285.11,6.99,46.79,7.74,48.49,4196,38.94,1051.1,39.15,1051.7,39.13,4174,0.72,4074,39.68,4135,0.47
86.99,288.97,87.96,285.08,6.99,46.79,7.74,48.49,4197,38.91,1051.7,38.47,1051.8,39.01,4177,0.72,4075,39.67,4137,0.47
87,288.93,87.97,285.05,6.99,46.8,7.75,48.5,4198,38.88,1052.3,37.82,1051.9,38.9,4180,0.72,4076,39.67,4138,0.47
87.01,288.89,87.98,285.01,6.99,46.8,7.75,48.5,4199,38.85,1052.9,37.2,1052,38.78,4181,0.72,4077,39.66,4139,0.47
87.02,288.85,87.99,284.98,7,46.8,7.75,48.5,4200,38.83,1053.6,36.49,1052.1,38.67,4183,0.72,4078,39.66,4141,0.47
87.03,288.81,88,284.94,7,46.81,7.75,48.5,4201,38.8,1054.3,35.81,1052.2,38.55,4185,0.72,4079,39.65,4142,0.47
87.04,288.77,88.01,284.91,7,46.81,7.75,48.51,4202,38.77,1055.1,35.06,1052.3,38.44,4187,0.72,4080,39.65,4144,0.47
87.05,288.73,88.02,284.88,7,46.81,7.75,48.51,4203,38.74,1055.9,34.35,1052.4,38.32,4189,0.71,4081,39.64,4145,0.47
87.06,288.69,88.03,284.84,7,46.81,7.75,48.51,4204,38.71,1056.7,33.66,1052.5,38.21,4190,0.71,4082,39.64,4146,0.47
87.07,288.65,88.04,284.81,7,46.82,7.75,48.51,4205,38.68,1057.6,32.92,1052.6,38.1,4194,0.71,4083,39.63,4147,0.47
87.08,288.61,88.05,284.77,7,46.82,7.75,48.52,4206,38.65,1058.5,32.21,1052.7,37.99,4197,0.71,4084,39.62,4148,0.47
87.09,288.58,88.06,284.74,7,46.82,7.75,48.52,4207,38.63,1059.5,31.45,1052.8,37.88,4199,0.71,4085,39.62,4150,0.47
87.1,288.54,88.07,284.71,7.01,46.83,7.76,48.52,4208,38.6,1060.5,30.74,1052.9,37.77,4203,0.71,4086,39.61,4151,0.47
87.11,288.5,88.08,284.67,7.01,46.83,7.76,48.52,4209,38.57,1061.6,29.98,1053,37.66,4204,0.71,4087,39.61,4153,0.47
87.12,288.46,88.09,284.64,7.01,46.83,7.76,48.52,4210,38.54,1062.8,29.2,1053.1,37.55,4208,0.71,4088,39.6,4154,0.47
87.13,288.42,88.1,284.6,7.01,46.84,7.76,48.53,4211,38.51,1064.1,28.4,1053.2,37.44,4211,0.7,4089,39.59,4156,0.47
87.14,288.38,88.11,284.57,7.01,46.84,7.76,48.53,4212,38.48,1065.4,27.64,1053.3,37.34,4212,0.7,4090,39.59,4157,0.47
87.15,288.34,88.12,284.54,7.01,46.84,7.76,48.53,4213,38.45,1066.8,26.87,1053.4,37.23,4216,0.7,4091,39.58,4159,0.46
87.16,288.3,88.13,284.5,7.01,46.84,7.76,48.53,4214,38.42,1068.4,26.04,1053.5,37.12,4218,0.7,4092,39.57,4160,0.46
87.17,288.26,88.14,284.47,7.01,46.85,7.76,48.54,4215,38.39,1070.1,25.21,1053.6,37.02,4220,0.7,4093,39.56,4162,0.46
87.18,288.22,88.15,284.44,7.02,46.85,7.76,48.54,4216,38.36,1072.2,24.25,1053.7,36.91,4226,0.7,4094,39.56,4164,0.46
87.19,288.19,88.16,284.4,7.02,46.85,7.76,48.54,4217,38.33,1074.2,23.41,1053.8,36.81,4228,0.7,4095,39.55,4165,0.46
87.2,288.15,88.17,284.37,7.02,46.86,7.77,48.54,4218,38.3,1076.4,22.54,1053.9,36.71,4233,0.69,4096,39.54,4166,0.46
87.21,288.11,88.18,284.33,7.02,46.86,7.77,48.55,4219,38.27,1078.8,21.67,1054,36.6,4234,0.69,4097,39.53,4168,0.46
87.22,288.07,88.19,284.3,7.02,46.86,7.77,48.55,4220,38.24,1081.4,20.8,1054.1,36.5,4240,0.69,4098,39.53,4169,0.46
87.23,288.03,88.2,284.27,7.02,46.86,7.77,48.55,4221,38.21,1084.3,19.91,1054.2,36.4,4244,0.69,4099,39.52,4171,0.46
87.24,287.99,88.21,284.23,7.03,46.87,7.77,48.55,4222,38.19,1087.5,19,1054.3,36.3,4245,0.69,4100,39.51,4173,0.46
87.25,287.95,88.22,284.2,7.03,46.87,7.77,48.55,4223,38.16,1091,18.11,1054.4,36.2,4249,0.69,4101,39.5,4175,0.46
87.26,287.91,88.23,284.17,7.03,46.87,7.77,48.56,4224,38.13,1095,17.18,1054.5,36.1,4254,0.68,4102,39.49,4176,0.46
87.27,287.87,88.24,284.13,7.03,46.88,7.77,48.56,4225,38.1,1099.4,16.26,1054.6,36,4257,0.68,4103,39.49,4178,0.46
87.28,287.84,88.25,284.1,7.03,46.88,7.77,48.56,4226,38.06,1104.3,15.35,1054.7,35.9,4259,0.68,4104,39.48,4180,0.46
87.29,287.8,88.26,284.06,7.03,46.88,7.78,48.56,4227,38.03,1109.8,14.44,1054.8,35.8,4262,0.68,4105,39.47,4181,0.46
87.3,287.76,88.27,284.03,7.03,46.88,7.78,48.57,4228,38,1116.1,13.52,1055,35.6,4267,0.68,4106,39.46,4183,0.46
87.31,287.72,88.28,284,7.03,46.89,7.78,48.57,4229,37.97,1123.2,12.62,1055.1,35.51,4268,0.68,4107,39.45,4185,0.46
87.32,287.68,88.29,283.96,7.03,46.89,7.78,48.57,4230,37.94,1133.5,11.5,1055.2,35.41,4272,0.68,4108,39.44,4187,0.46
87.33,287.64,88.3,283.93,7.04,46.89,7.78,48.57,4231,37.91,1142.8,10.64,1055.3,35.31,4275,0.67,4109,39.43,4188,0.46
87.34,287.6,88.31,283.9,7.04,46.89,7.78,48.57,4232,37.88,1153.2,9.82,1055.4,35.22,4278,0.67,4110,39.42,4191,0.46
87.35,287.56,88.32,283.86,7.04,46.9,7.78,48.58,4233,37.85,1164.7,9.05,1055.5,35.12,4286,0.67,4111,39.41,4192,0.46
87.36,287.53,88.33,283.83,7.04,46.9,7.78,48.58,4234,37.82,1176.9,8.35,1055.6,35.03,4288,0.67,4112,39.4,4194,0.46
87.37,287.49,88.34,283.79,7.04,46.9,7.78,48.58,4235,37.79,1189.6,7.73,1055.7,34.94,4292,0.67,4113,39.39,4196,0.46
87.38,287.45,88.35,283.76,7.04,46.9,7.78,48.58,4236,37.76,1202.1,7.2,1055.9,34.75,4293,0.67,4114,39.38,4198,0.46
87.39,287.41,88.36,283.73,7.04,46.91,7.79,48.59,4237,37.73,1214.2,6.75,1056,34.66,4301,0.66,4115,39.37,4200,0.46
87.4,287.37,88.37,283.69,7.04,46.91,7.79,48.59,4238,37.7,1225.3,6.38,1056.1,34.57,4305,0.66,4116,39.36,4202,0.46
87.41,287.33,88.38,283.66,7.05,46.92,7.79,48.59,4239,37.67,1235.2,6.08,1056.2,34.47,4308,0.66,4117,39.35,4204,0.46
87.42,287.29,88.39,283.63,7.05,46.92,7.79,48.59,4240,37.64,1243.9,5.84,1056.3,34.38,4313,0.66,4118,39.34,4206,0.46
87.43,287.25,88.4,283.59,7.05,46.92,7.79,48.6,4241,37.61,1251.6,5.65,1056.4,34.29,4318,0.66,4119,39.33,4208,0.46
87.44,287.22,88.41,283.56,7.05,46.92,7.79,48.6,4242,37.57,1258.4,5.48,1056.5,34.2,4322,0.65,4120,39.32,4210,0.46
87.45,287.18,88.42,283.53,7.05,46.93,7.79,48.6,4243,37.54,1264.1,5.35,1056.6,34.11,4330,0.65,4121,39.31,4212,0.46
87.46,287.14,88.43,283.49,7.05,46.93,7.79,48.6,4244,37.51,1269.2,5.24,1056.7,34.02,4334,0.65,4122,39.3,4215,0.46
87.47,287.1,88.44,283.46,7.05,46.93,7.79,48.6,4245,37.48,1274,5.14,1056.8,33.94,4340,0.65,4123,39.29,4217,0.46
87.48,287.06,88.45,283.42,7.05,46.93,7.79,48.61,4246,37.45,1278.3,5.05,1056.9,33.85,4345,0.64,4124,39.28,4219,0.46
87.49,287.02,88.46,283.39,7.05,46.93,7.79,48.61,4247,37.42,1282,4.98,1057,33.76,4349,0.64,4125,39.26,4221,0.46
87.5,286.98,88.47,283.36,7.05,46.94,7.8,48.61,4248,37.39,1285.6,4.91,1057.1,33.67,4356,0.64,4126,39.25,4223,0.46
87.51,286.94,88.48,283.32,7.06,46.94,7.8,48.61,4249,37.35,1288.7,4.85,1057.2,33.59,4360,0.64,4127,39.24,4226,0.46
87.52,286.91,88.49,283.29,7.06,46.94,7.8,48.62,4250,37.32,1291.8,4.79,1057.3,33.5,4367,0.64,4128,39.23,4228,0.46
87.53,286.87,88.5,283.26,7.06,46.94,7.8,48.62,4251,37.29,1295.1,4.74,1057.4,33.41,4368,0.64,4129,39.22,4230,0.45
87.54,286.83,88.51,283.22,7.06,46.95,7.8,48.62,4252,37.26,1298.4,4.68,1057.5,33.33,4369,0.63,4130,39.2,4232,0.45
87.55,286.79,88.52,283.19,7.06,46.95,7.8,48.62,4253,37.23,1301.5,4.62,1057.6,33.24,4382,0.63,4131,39.19,4235,0.45
87.56,286.75,88.53,283.16,7.06,46.95,7.8,48.62,4254,37.2,1304.6,4.57,1057.7,33.16,4387,0.63,4132,39.18,4237,0.45
87.57,286.71,88.54,283.12,7.06,46.95,7.8,48.63,4255,37.16,1305.6,4.56,1057.8,33.08,4395,0.62,4133,39.17,4240,0.45
87.58,286.67,88.55,283.09,7.06,46.95,7.8,48.63,4256,37.13,1307.7,4.52,1057.9,32.99,4404,0.62,4134,39.16,4242,0.45
87.59,286.64,88.56,283.06,7.06,46.96,7.8,48.63,4257,37.1,1310.9,4.47,1058,32.91,4407,0.62,4135,39.14,4244,0.45
87.6,286.6,88.57,283.02,7.07,46.96,7.81,48.63,4258,37.07,1311.7,4.46,1058.1,32.83,4416,0.62,4136,39.13,4247,0.45
87.61,286.56,88.58,282.99,7.07,46.96,7.81,48.64,4259,37.04,1313.9,4.42,1058.2,32.74,4424,0.61,4137,39.12,4249,0.45
87.62,286.52,88.59,282.96,7.07,46.97,7.81,48.64,4260,37,1315.3,4.4,1058.3,32.66,4434,0.61,4138,39.1,4252,0.45
87.63,286.48,88.6,282.92,7.07,46.97,7.81,48.64,4261,36.97,1317,4.37,1058.4,32.58,4440,0.61,4139,39.09,4255,0.45
87.64,286.44,88.61,282.89,7.07,46.97,7.81,48.64,4262,36.94,1320.2,4.33,1058.5,32.5,4447,0.6,4140,39.08,4258,0.45
87.65,286.41,88.62,282.85,7.07,46.97,7.81,48.64,4263,36.91,1321.3,4.31,1058.6,32.42,4458,0.6,4141,39.06,4260,0.45
87.66,286.37,88.63,282.82,7.07,46.98,7.81,48.65,4264,36.88,1323.6,4.28,1058.7,32.34,4467,0.6,4142,39.05,4263,0.45
87.67,286.33,88.64,282.79,7.07,46.98,7.81,48.65,4265,36.84,1324.6,4.26,1058.8,32.26,4475,0.59,4143,39.04,4266,0.45
87.68,286.29,88.65,282.75,7.08,46.98,7.81,48.65,4266,36.81,1326.8,4.23,1058.9,32.18,4486,0.59,4144,39.02,4269,0.45
87.69,286.25,88.66,282.72,7.08,46.99,7.82,48.65,4267,36.78,1330.6,4.18,1059,32.1,4497,0.59,4145,39.01,4272,0.45
87.7,286.21,88.67,282.69,7.08,46.99,7.82,48.66,4268,36.75,1338.8,4.06,1059.1,32.02,4504,0.58,4146,39,4275,0.45
87.71,286.17,88.68,282.65,7.08,46.99,7.82,48.66,4269,36.71,1345.8,3.97,1059.2,31.94,4517,0.58,4147,38.98,4280,0.45
87.72,286.14,88.69,282.62,7.08,46.99,7.82,48.66,4270,36.68,1351.7,3.9,1059.3,31.86,4530,0.58,4148,38.97,4281,0.45
87.73,286.1,88.7,282.59,7.08,47,7.82,48.66,4271,36.65,1352.6,3.8,1059.4,31.79,4542,0.57,4149,38.95,4282,0.45
87.74,286.06,88.71,282.55,7.08,47,7.82,48.67,4272,36.62,1356.8,3.84,1059.6,31.63,4553,0.57,4150,38.94,4285,0.45
87.75,286.02,88.72,282.52,7.08,47,7.82,48.67,4273,36.58,1357.5,3.75,1059.7,31.56,4566,0.56,4151,38.92,4288,0.45
87.76,285.98,88.73,282.49,7.08,47,7.82,48.67,4274,36.55,1361.3,3.79,1059.8,31.48,4584,0.56,4152,38.91,4292,0.45
87.77,285.94,88.74,282.45,7.09,47.01,7.82,48.67,4275,36.52,1363.2,3.68,1059.9,31.4,4595,0.55,4153,38.89,4294,0.45
87.78,285.91,88.75,282.42,7.09,47.01,7.82,48.67,4276,36.49,1365.2,3.74,1060,31.33,4612,0.55,4154,38.88,4297,0.45
87.79,285.87,88.76,282.39,7.09,47.01,7.83,48.68,4277,36.45,1368.8,3.7,1060.1,31.25,4629,0.54,4155,38.86,4301,0.45
87.8,285.83,88.77,282.35,7.09,47.01,7.83,48.68,4278,36.42,1369.2,3.61,1060.2,31.18,4646,0.54,4156,38.85,4304,0.45
87.81,285.79,88.78,282.32,7.09,47.02,7.83,48.68,4279,36.39,1372.1,3.66,1060.3,31.1,4664,0.53,4157,38.83,4308,0.44
87.82,285.75,88.79,282.29,7.09,47.02,7.83,48.68,4280,36.35,1375.5,3.63,1060.4,31.03,4685,0.53,4158,38.82,4311,0.44
87.83,285.71,88.8,282.25,7.09,47.02,7.83,48.69,4281,36.32,1377.9,3.52,1060.5,30.96,4705,0.52,4159,38.8,4315,0.44
87.84,285.68,88.81,282.22,7.09,47.03,7.83,48.69,4282,36.29,1378.8,3.59,1060.6,30.88,4729,0.51,4160,38.79,4319,0.44
87.85,285.64,88.82,282.19,7.1,47.03,7.83,48.69,4283,36.25,1382,3.56,1060.7,30.81,4756,0.51,4161,38.77,4322,0.44
87.86,285.6,88.83,282.15,7.1,47.03,7.83,48.69,4284,36.22,1385.2,3.53,1060.8,30.74,4779,0.5,4162,38.76,4326,0.44
87.87,285.56,88.84,282.12,7.1,47.04,7.83,48.7,4285,36.19,1388.3,3.49,1060.9,30.67,4807,0.49,4163,38.74,4330,0.44
87.88,285.52,88.85,282.09,7.1,47.04,7.84,48.7,4286,36.16,1391.2,3.47,1061,30.59,4840,0.48,4164,38.72,4334,0.44
87.89,285.48,88.86,282.05,7.1,47.04,7.84,48.7,4287,36.12,1393.8,3.44,1061.1,30.52,4871,0.48,4165,38.71,4338,0.44
87.9,285.45,88.87,282.02,7.1,47.04,7.84,48.71,4288,36.09,1394.8,3.35,1061.3,30.38,4907,0.47,4166,38.69,4343,0.44
87.91,285.41,88.88,281.99,7.1,47.05,7.84,48.71,4289,36.06,1396.4,3.41,1061.4,30.31,4945,0.46,4167,38.68,4347,0.44
87.92,285.37,88.89,281.96,7.11,47.05,7.84,48.71,4290,36.02,1399,3.39,1061.5,30.24,4986,0.45,4168,38.66,4351,0.44
87.93,285.33,88.9,281.92,7.11,47.05,7.84,48.71,4291,35.99,1401.5,3.37,1061.6,30.17,5032,0.44,4169,38.64,4356,0.44
87.94,285.29,88.91,281.89,7.11,47.05,7.84,48.72,4292,35.96,1403.7,3.35,1061.7,30.1,5083,0.43,4170,38.63,4361,0.44
87.95,285.26,88.92,281.86,7.11,47.06,7.84,48.72,4293,35.92,1405.5,3.26,1061.8,30.03,5141,0.42,4171,38.61,4366,0.44
87.96,285.22,88.93,281.82,7.11,47.06,7.84,48.72,4294,35.89,1405.6,3.25,1061.9,29.96,5201,0.41,4172,38.59,4371,0.44
87.97,285.18,88.94,281.79,7.11,47.06,7.85,48.72,4295,35.85,1405.7,3.33,1062,29.89,5270,0.39,4173,38.57,4376,0.44
87.98,285.14,88.95,281.76,7.11,47.07,7.85,48.73,4296,35.82,1406.5,3.25,1062.1,29.83,5367,0.38,4174,38.56,4381,0.44
87.99,285.1,88.96,281.72,7.11,47.07,7.85,48.73,4297,35.79,1406.6,3.25,1062.2,29.76,5457,0.36,4175,38.54,4387,0.43
88,285.06,88.97,281.69,7.11,47.07,7.85,48.73,4298,35.75,1406.7,3.25,1062.3,29.69,5550,0.35,4176,38.52,4393,0.43
88.01,285.03,88.98,281.66,7.12,47.08,7.85,48.74,4299,35.72,1406.8,3.24,1062.4,29.62,5656,0.33,4177,38.51,4399,0.43
88.02,284.99,88.99,281.62,7.12,47.08,7.85,48.74,4300,35.69,1406.9,3.24,1062.5,29.55,5764,0.32,4178,38.49,4404,0.43
88.03,284.95,89,281.59,7.12,47.09,7.85,48.74,4301,35.65,1407,3.24,1062.6,29.49,5877,0.31,4179,38.47,4411,0.43
88.04,284.91,89.01,281.56,7.12,47.09,7.85,48.74,4302,35.62,1407.1,3.24,1062.7,29.42,5990,0.29,4180,38.45,4417,0.43
88.05,284.87,89.02,281.52,7.13,47.09,7.86,48.74,4303,35.59,1407.2,3.24,1062.8,29.36,6097,0.28,4181,38.43,4424,0.43
88.06,284.84,89.03,281.49,7.13,47.1,7.86,48.75,4304,35.55,1407.4,3.31,1062.9,29.29,6194,0.27,4182,38.42,4432,0.43
88.07,284.8,89.04,281.46,7.13,47.1,7.86,48.75,4305,35.52,1409.1,3.3,1063,29.22,6283,0.27,4183,38.4,4438,0.43
88.08,284.76,89.05,281.42,7.13,47.1,7.86,48.75,4306,35.48,1410.6,3.28,1063.1,29.16,6360,0.26,4184,38.38,4446,0.43
88.09,284.72,89.06,281.39,7.13,47.1,7.86,48.75,4307,35.45,1411.8,3.27,1063.2,29.09,6427,0.25,4185,38.36,4457,0.43
88.1,284.68,89.07,281.36,7.13,47.11,7.86,48.76,4308,35.42,1412.4,3.2,1063.3,29.03,6486,0.25,4186,38.34,4458,0.43
88.11,284.65,89.08,281.33,7.13,47.11,7.86,48.76,4309,35.38,1412.7,3.27,1063.4,28.96,6536,0.25,4187,38.33,4463,0.43
88.12,284.61,89.09,281.29,7.13,47.11,7.86,48.76,4310,35.35,1413.6,3.26,1063.5,28.9,6582,0.24,4188,38.31,4471,0.42
88.13,284.57,89.1,281.26,7.13,47.11,7.86,48.76,4311,35.32,1414.3,3.25,1063.7,28.77,6624,0.24,4189,38.29,4479,0.42
88.14,284.53,89.11,281.23,7.14,47.12,7.87,48.77,4312,35.28,1414.9,3.25,1063.8,28.71,6662,0.24,4190,38.27,4487,0.42
88.15,284.49,89.12,281.19,7.14,47.12,7.87,48.77,4313,35.25,1415.3,3.24,1063.9,28.65,6694,0.23,4191,38.25,4496,0.42
88.16,284.46,89.13,281.16,7.14,47.13,7.87,48.77,4314,35.21,1415.5,3.24,1064,28.58,6725,0.23,4192,38.23,4505,0.42
88.17,284.42,89.14,281.13,7.14,47.13,7.87,48.78,4315,35.18,1415.7,3.24,1064.1,28.52,6751,0.23,4193,38.21,4514,0.42
88.18,284.38,89.15,281.09,7.14,47.13,7.87,48.78,4316,35.15,1415.8,3.24,1064.2,28.46,6778,0.23,4194,38.19,4524,0.42
88.19,284.34,89.16,281.06,7.14,47.13,7.87,48.78,4317,35.11,1416,3.24,1064.3,28.4,6809,0.23,4195,38.17,4533,0.42
88.2,284.3,89.17,281.03,7.14,47.14,7.87,48.78,4318,35.08,1416.4,3.23,1064.4,28.34,6836,0.22,4196,38.15,4544,0.42
88.21,284.27,89.18,281,7.14,47.14,7.87,48.78,4319,35.04,1416.8,3.16,1064.5,28.27,6864,0.22,4197,38.14,4555,0.41
88.22,284.23,89.19,280.96,7.15,47.14,7.87,48.79,4320,35.01,1416.9,3.23,1064.6,28.21,6887,0.22,4198,38.12,4566,0.41
88.23,284.19,89.2,280.93,7.15,47.14,7.88,48.79,4321,34.97,1417.5,3.22,1064.7,28.15,6899,0.22,4199,38.1,4577,0.41
88.24,284.15,89.21,280.9,7.15,47.15,7.88,48.79,4322,34.94,1418.1,3.22,1064.8,28.09,6914,0.22,4200,38.08,4589,0.41
88.25,284.11,89.22,280.86,7.15,47.15,7.88,48.79,4323,34.91,1419,3.21,1064.9,28.03,6937,0.22,4201,38.06,4602,0.41
88.26,284.08,89.23,280.83,7.15,47.15,7.88,48.8,4324,34.87,1419.8,3.13,1065,27.97,6941,0.22,4202,38.04,4615,0.41
88.27,284.04,89.24,280.8,7.15,47.16,7.88,48.8,4325,34.84,1420,3.2,1065.1,27.91,6966,0.22,4203,38.02,4629,0.41
88.28,284,89.25,280.76,7.15,47.16,7.88,48.8,4326,34.8,1421.1,3.19,1065.2,27.85,6993,0.21,4204,38,4643,0.41
88.29,283.96,89.26,280.73,7.16,47.16,7.88,48.8,4327,34.77,1422.1,3.11,1065.3,27.79,7012,0.21,4205,37.98,4658,0.4
88.3,283.93,89.27,280.7,7.16,47.17,7.88,48.81,4328,34.73,1422.3,3.18,1065.4,27.73,7020,0.21,4206,37.96,4674,0.4
88.31,283.89,89.28,280.67,7.16,47.17,7.88,48.81,4329,34.7,1423.5,3.17,1065.5,27.67,7021,0.21,4207,37.94,4690,0.4
88.32,283.85,89.29,280.63,7.16,47.17,7.88,48.81,4330,34.67,1423.7,3.1,1065.6,27.62,7050,0.21,4208,37.91,4707,0.4
88.33,283.81,89.3,280.6,7.16,47.18,7.88,48.81,4331,34.63,1424.3,3.17,1065.8,27.5,7073,0.21,4209,37.89,4725,0.4
88.34,283.77,89.31,280.57,7.16,47.18,7.89,48.81,4332,34.6,1424.7,3.09,1065.9,27.44,7076,0.21,4210,37.87,4745,0.39
88.35,283.74,89.32,280.53,7.16,47.18,7.89,48.82,4333,34.56,1425,3.16,1066,27.38,7098,0.21,4211,37.85,4765,0.39
88.36,283.7,89.33,280.5,7.16,47.18,7.89,48.82,4334,34.53,1425.4,3.16,1066.1,27.33,7176,0.2,4212,37.83,4786,0.39
88.37,283.66,89.34,280.47,7.17,47.18,7.89,48.82,4335,34.49,1425.5,3.09,1066.2,27.27,7237,0.2,4213,37.81,4809,0.39
88.38,283.62,89.35,280.44,7.17,47.19,7.89,48.83,4336,34.46,1425.7,3.15,1066.3,27.21,7286,0.2,4214,37.79,4833,0.39
88.39,283.59,89.36,280.4,7.17,47.19,7.89,48.83,4337,34.43,1425.9,3.15,1066.4,27.16,7330,0.2,4215,37.77,4859,0.38
88.4,283.55,89.37,280.37,7.17,47.19,7.89,48.83,4338,34.39,1426.2,3.08,1066.5,27.1,7370,0.19,4216,37.75,4892,0.38
88.41,283.51,89.38,280.34,7.17,47.2,7.89,48.83,4339,34.36,1426.5,3.15,1066.6,27.04,7408,0.19,4217,37.73,4921,0.38
88.42,283.47,89.39,280.3,7.17,47.2,7.89,48.83,4340,34.32,1426.6,3.15,1066.7,26.99,7438,0.19,4218,37.7,4953,0.38
88.43,283.43,89.4,280.27,7.17,47.2,7.9,48.84,4341,34.29,1426.7,3.15,1066.8,26.93,7466,0.19,4219,37.68,4987,0.37
88.44,283.4,89.41,280.24,7.17,47.21,7.9,48.84,4342,34.25,1426.8,3.15,1066.9,26.88,7492,0.19,4220,37.66,5022,0.37
88.45,283.36,89.42,280.21,7.18,47.21,7.9,48.84,4343,34.22,1426.9,3.14,1067.1,26.77,7523,0.19,4221,37.64,5060,0.37
88.46,283.32,89.43,280.17,7.18,47.21,7.9,48.84,4344,34.18,1427.2,3.14,1067.2,26.71,7551,0.19,4222,37.62,5100,0.36
88.47,283.28,89.44,280.14,7.18,47.21,7.9,48.85,4345,34.15,1427.5,3.14,1067.3,26.66,7580,0.18,4223,37.6,5141,0.36
88.48,283.25,89.45,280.11,7.18,47.22,7.9,48.85,4346,34.11,1427.6,3.14,1067.4,26.6,7607,0.18,4224,37.57,5183,0.36
88.49,283.21,89.46,280.08,7.18,47.22,7.9,48.85,4347,34.08,1427.8,3.14,1067.5,26.55,7630,0.18,4225,37.55,5227,0.35
88.5,283.17,89.47,280.04,7.18,47.22,7.9,48.85,4348,34.05,1428.1,3.13,1067.6,26.5,7653,0.18,4226,37.53,5274,0.35
88.51,283.13,89.48,280.01,7.18,47.22,7.9,48.86,4349,34.01,1428.3,3.13,1067.7,26.44,7675,0.18,4227,37.51,5321,0.35
88.52,283.1,89.49,279.98,7.18,47.23,7.91,48.86,4350,33.98,1428.7,3.13,1067.9,26.33,7699,0.18,4228,37.49,5369,0.34
88.53,283.06,89.5,279.94,7.18,47.23,7.91,48.86,4351,33.94,1428.9,3.13,1068,26.28,7720,0.18,4229,37.46,5419,0.34
88.54,283.02,89.51,279.91,7.18,47.23,7.91,48.86,4352,33.91,1429,3.13,1068.1,26.23,7740,0.18,4230,37.44,5482,0.33
88.55,282.98,89.52,279.88,7.19,47.23,7.91,48.86,4353,33.87,1429.1,3.13,1068.2,26.18,7756,0.18,4231,37.42,5533,0.33
88.56,282.95,89.53,279.85,7.19,47.23,7.91,48.87,4354,33.84,1429.2,3.13,1068.3,26.12,7772,0.18,4232,37.4,5585,0.33
88.57,282.91,89.54,279.81,7.19,47.24,7.91,48.87,4355,33.8,1429.3,3.12,1068.5,26.02,7788,0.17,4233,37.37,5637,0.32
88.58,282.87,89.55,279.78,7.19,47.24,7.91,48.87,4356,33.77,1429.5,3.12,1068.6,25.97,7802,0.17,4234,37.35,5689,0.32
88.59,282.83,89.56,279.75,7.19,47.24,7.91,48.87,4357,33.73,1429.6,3.12,1068.7,25.92,7809,0.17,4235,37.33,5739,0.32
88.6,282.8,89.57,279.72,7.19,47.24,7.91,48.88,4358,33.7,1429.7,3.12,1068.9,25.81,7819,0.17,4236,37.31,5786,0.32
88.61,282.76,89.58,279.68,7.19,47.25,7.91,48.88,4359,33.66,1429.8,3.12,1069,25.76,7828,0.17,4237,37.28,5832,0.31
88.62,282.72,89.59,279.65,7.2,47.25,7.92,48.88,4360,33.63,1429.9,3.12,1069.1,25.71,7834,0.17,4238,37.26,5875,0.31
88.63,282.68,89.6,279.62,7.2,47.26,7.92,48.88,4361,33.6,1430,3.12,1069.2,25.66,7841,0.17,4239,37.24,5915,0.31
88.64,282.65,89.61,279.58,7.2,47.27,7.92,48.88,4362,33.56,1430.1,3.12,1069.3,25.61,7844,0.17,4240,37.21,5953,0.31
88.65,282.61,89.62,279.55,7.2,47.27,7.92,48.89,4363,33.53,1430.2,3.12,1069.4,25.56,7846,0.17,4241,37.19,5988,0.3
88.66,282.57,89.63,279.52,7.21,47.28,7.92,48.89,4364,33.49,1430.3,3.12,1069.7,25.41,7848,0.17,4242,37.17,6021,0.3
88.67,282.53,89.64,279.49,7.21,47.28,7.92,48.89,4365,33.46,1430.4,3.12,1069.8,25.36,7850,0.17,4243,37.14,6053,0.3
88.68,282.5,89.65,279.45,7.21,47.28,7.92,48.89,4366,33.42,1430.5,3.12,1069.9,25.31,7852,0.17,4244,37.12,6083,0.3
88.69,282.46,89.66,279.42,7.21,47.28,7.92,48.9,4367,33.39,1430.6,3.11,1070,25.26,7853,0.17,4245,37.1,6112,0.3
88.7,282.42,89.67,279.39,7.21,47.28,7.92,48.9,4368,33.35,1430.7,3.11,1070.1,25.22,7856,0.17,4246,37.07,6141,0.3
88.71,282.38,89.68,279.36,7.21,47.29,7.92,48.9,4369,33.32,1430.8,3.11,1070.2,25.17,7859,0.17,4247,37.05,6169,0.29
88.72,282.35,89.69,279.32,7.21,47.3,7.92,48.9,4370,33.28,1430.9,3.11,1070.3,25.12,7868,0.17,4248,37.02,6197,0.29
88.73,282.31,89.7,279.29,7.22,47.3,7.93,48.9,4371,33.25,1431,3.11,1070.4,25.07,7874,0.17,4249,37,6224,0.29
88.74,282.27,89.71,279.26,7.22,47.31,7.93,48.91,4372,33.21,1431.1,3.11,1070.7,24.93,7886,0.17,4250,36.98,6251,0.29
88.75,282.23,89.72,279.23,7.22,47.31,7.93,48.91,4373,33.18,1431.2,3.11,1070.8,24.88,7894,0.17,4251,36.95,6280,0.29
88.76,282.2,89.73,279.19,7.22,47.31,7.93,48.91,4374,33.14,1431.3,3.11,1070.9,24.83,7903,0.17,4252,36.93,6281,0.29
88.77,282.16,89.74,279.16,7.22,47.31,7.93,48.91,4375,33.11,1431.4,3.11,1071.1,24.74,7914,0.17,4253,36.9,6310,0.29
88.78,282.12,89.75,279.13,7.22,47.32,7.93,48.92,4376,33.07,1431.5,3.11,1071.2,24.69,7921,0.17,4254,36.88,6339,0.29
88.79,282.08,89.76,279.1,7.22,47.32,7.93,48.92,4377,33.04,1431.6,3.11,1071.3,24.64,7926,0.17,4255,36.86,6344,0.29
88.8,282.05,89.77,279.06,7.23,47.32,7.93,48.92,4379,32.97,1431.7,3.11,1071.4,24.6,7931,0.17,4256,36.83,6369,0.28
88.81,282.01,89.78,279.03,7.23,47.33,7.93,48.92,4380,32.94,1431.8,3.1,1071.5,24.55,7937,0.17,4257,36.81,6400,0.28
88.82,281.97,89.79,279,7.23,47.33,7.93,48.93,4382,32.87,1431.9,3.1,1071.6,24.51,7938,0.17,4258,36.78,6431,0.28
88.83,281.93,89.8,278.97,7.23,47.34,7.94,48.93,4384,32.8,1432,3.1,1071.7,24.46,7942,0.17,4259,36.76,6464,0.28
88.84,281.9,89.81,278.93,7.24,47.34,7.94,48.93,4385,32.76,1432.1,3.1,1071.9,24.37,7943,0.17,4260,36.73,6483,0.28
88.85,281.86,89.82,278.9,7.24,47.35,7.94,48.93,4386,32.73,1432.2,3.1,1072,24.32,7944,0.17,4261,36.71,6496,0.28
88.86,281.82,89.83,278.87,7.24,47.35,7.94,48.93,4387,32.69,1432.3,3.1,1072.1,24.28,7945,0.17,4262,36.68,6530,0.28
88.87,281.79,89.84,278.84,7.24,47.36,7.94,48.94,4388,32.66,1432.4,3.1,1072.5,24.1,7946,0.17,4263,36.66,6556,0.28
88.88,281.75,89.85,278.8,7.25,47.37,7.94,48.94,4389,32.62,1432.5,3.1,1072.6,24.05,7947,0.17,4264,36.63,6566,0.28
88.89,281.71,89.86,278.77,7.25,47.37,7.94,48.94,4390,32.59,1432.8,3.1,1072.7,24.01,7948,0.17,4265,36.61,6602,0.27
88.9,281.67,89.87,278.74,7.25,47.37,7.94,48.94,4391,32.55,1432.9,3.1,1072.8,23.97,7951,0.17,4266,36.58,6698,0.27
88.91,281.64,89.88,278.71,7.25,47.37,7.94,48.95,4392,32.52,1433,3.1,1072.9,23.92,7954,0.17,4267,36.56,6776,0.27
88.92,281.6,89.89,278.67,7.25,47.38,7.95,48.95,4393,32.48,1433.1,3.09,1073,23.88,7956,0.17,4268,36.53,6845,0.26
88.93,281.56,89.9,278.64,7.25,47.38,7.95,48.95,4394,32.45,1433.2,3.09,1073.1,23.83,7958,0.17,4269,36.51,6906,0.26
88.94,281.52,89.91,278.61,7.25,47.39,7.95,48.95,4396,32.38,1433.3,3.09,1073.2,23.79,7959,0.17,4270,36.48,6963,0.26
88.95,281.49,89.92,278.58,7.26,47.39,7.95,48.95,4397,32.34,1433.6,3.09,1073.3,23.75,7960,0.17,4271,36.46,7018,0.26
88.96,281.45,89.93,278.54,7.26,47.39,7.95,48.96,4398,32.31,1433.7,3.09,1073.5,23.66,7961,0.17,4272,36.43,7070,0.26
88.97,281.41,89.94,278.51,7.26,47.4,7.95,48.96,4399,32.28,1433.8,3.09,1073.6,23.62,7962,0.17,4273,36.41,7121,0.25
88.98,281.38,89.95,278.48,7.27,47.41,7.95,48.96,4400,32.24,1433.9,3.09,1073.7,23.58,7963,0.17,4274,36.38,7171,0.25
88.99,281.34,89.96,278.45,7.27,47.42,7.95,48.96,4401,32.21,1434,3.09,1073.8,23.53,7964,0.17,4275,36.36,7222,0.25
89,281.3,89.97,278.42,7.27,47.42,7.95,48.97,4402,32.17,1434.1,3.09,1074,23.45,7965,0.17,4276,36.33,7272,0.25
89.01,281.26,89.98,278.38,7.27,47.42,7.95,48.97,4403,32.14,1434.2,3.09,1074.1,23.41,7966,0.17,4277,36.3,7322,0.25
89.02,281.23,89.99,278.35,7.27,47.43,7.96,48.97,4404,32.1,1434.3,3.08,1074.2,23.37,7967,0.17,4278,36.28,7372,0.25
89.03,281.19,90,278.32,7.28,47.44,7.96,48.97,4405,32.07,1434.4,3.08,1074.5,23.24,7968,0.17,4279,36.25,7422,0.24
89.04,281.15,90.01,278.29,7.28,47.44,7.96,48.97,4406,32.03,1434.5,3.08,1074.6,23.2,7969,0.17,4280,36.23,7472,0.24
89.05,281.12,90.02,278.25,7.28,47.44,7.96,48.98,4407,32,1434.6,3.08,1074.7,23.16,7970,0.17,4281,36.2,7520,0.24
89.06,281.08,90.03,278.22,7.28,47.45,7.96,48.98,4408,31.96,1435.5,3.08,1074.9,23.08,7971,0.17,4282,36.17,7566,0.24
89.07,281.04,90.04,278.19,7.28,47.45,7.96,48.98,4409,31.93,1435.9,3.07,1075,23.04,7972,0.17,4283,36.15,7613,0.24
89.08,281.01,90.05,278.16,7.28,47.45,7.96,48.98,4410,31.89,1436.2,3.07,1075.2,22.95,7973,0.17,4284,36.12,7658,0.24
89.09,280.97,90.06,278.12,7.29,47.46,7.96,48.99,4412,31.82,1436.9,3.06,1075.3,22.91,7974,0.17,4285,36.1,7700,0.24
89.1,280.93,90.07,278.09,7.29,47.46,7.96,48.99,4413,31.79,1437.7,3.06,1075.4,22.87,7975,0.17,4286,36.07,7742,0.23
89.11,280.89,90.08,278.06,7.29,47.46,7.96,48.99,4414,31.76,1438,3.06,1075.5,22.83,7976,0.17,4287,36.04,7780,0.23
89.12,280.86,90.09,278.03,7.29,47.47,7.96,48.99,4415,31.72,1438.3,3.05,1075.6,22.79,7977,0.17,4288,36.02,7816,0.23
89.13,280.82,90.1,278,7.29,47.47,7.97,49,4416,31.69,1438.7,3.05,1075.7,22.75,7978,0.17,4289,35.99,7850,0.23
89.14,280.78,90.11,277.96,7.29,47.47,7.97,49,4417,31.65,1439.1,3.05,1075.8,22.72,7979,0.17,4290,35.96,7881,0.23
89.15,280.75,90.12,277.93,7.29,47.47,7.97,49,4418,31.62,1439.4,3.04,1076.1,22.6,7980,0.17,4291,35.94,7909,0.23
89.16,280.71,90.13,277.9,7.29,47.48,7.97,49,4419,31.58,1439.7,3.04,1076.2,22.56,7981,0.17,4292,35.91,7934,0.23
89.17,280.67,90.14,277.87,7.3,47.48,7.97,49,4420,31.55,1439.9,3.04,1076.6,22.4,7982,0.17,4293,35.88,7958,0.23
89.18,280.63,90.15,277.83,7.3,47.48,7.97,49.01,4421,31.51,1440.2,3.04,1076.7,22.37,7983,0.17,4294,35.86,7978,0.23
89.19,280.6,90.16,277.8,7.3,47.49,7.97,49.01,4422,31.48,1440.6,3.04,1077.1,22.21,7984,0.17,4295,35.83,7997,0.23
89.2,280.56,90.17,277.77,7.3,47.49,7.97,49.01,4423,31.44,1440.7,3.03,1077.2,22.18,7985,0.17,4296,35.8,8013,0.23
89.21,280.52,90.18,277.74,7.3,47.49,7.97,49.01,4424,31.41,1441.1,3.03,1077.4,22.1,7986,0.17,4298,35.75,8027,0.23
89.22,280.49,90.19,277.71,7.3,47.49,7.97,49.02,4425,31.38,1441.7,3.03,1077.6,22.03,7987,0.17,4299,35.72,8039,0.23
89.23,280.45,90.2,277.67,7.3,47.49,7.98,49.02,4426,31.34,1442.2,3.02,1077.7,21.99,7988,0.17,4300,35.7,8049,0.23
89.24,280.41,90.21,277.64,7.3,47.5,7.98,49.02,4427,31.31,1442.8,3.02,1077.9,21.91,7989,0.17,4301,35.67,8060,0.23
89.25,280.38,90.22,277.61,7.31,47.51,7.98,49.02,4428,31.27,1443.4,3.01,1078,21.88,7990,0.17,4302,35.64,8069,0.23
89.26,280.34,90.23,277.58,7.31,47.51,7.98,49.02,4429,31.24,1443.7,3.01,1078.1,21.84,7991,0.17,4303,35.61,8078,0.22
89.27,280.3,90.24,277.54,7.31,47.51,7.98,49.03,4432,31.13,1443.9,3.01,1078.2,21.8,7992,0.17,4304,35.59,8087,0.22
89.28,280.27,90.25,277.51,7.31,47.52,7.98,49.03,4433,31.1,1444.5,3.01,1078.3,21.77,7993,0.17,4305,35.56,8095,0.22
89.29,280.23,90.26,277.48,7.32,47.53,7.98,49.03,4434,31.07,1445,3,1078.5,21.7,7994,0.17,4306,35.53,8105,0.22
89.3,280.19,90.27,277.45,7.32,47.53,7.98,49.03,4435,31.03,1445.5,3,1078.7,21.62,7995,0.17,4307,35.5,8115,0.22
89.31,280.16,90.28,277.42,7.32,47.53,7.98,49.04,4436,31,1446.1,2.99,1078.8,21.59,7996,0.17,4308,35.48,8125,0.22
89.32,280.12,90.29,277.38,7.32,47.53,7.99,49.04,4437,30.96,1446.6,2.99,1079.2,21.45,7997,0.17,4309,35.45,8135,0.22
89.33,280.08,90.3,277.35,7.32,47.54,7.99,49.04,4438,30.93,1446.8,2.99,1079.3,21.41,7998,0.17,4310,35.42,8144,0.22
89.34,280.04,90.31,277.32,7.32,47.54,7.99,49.04,4440,30.86,1447.5,2.98,1079.4,21.38,7999,0.17,4311,35.39,8153,0.22
89.35,280.01,90.32,277.29,7.32,47.54,7.99,49.05,4441,30.83,1448.2,2.98,1079.5,21.34,8000,0.17,4312,35.37,8161,0.22
89.36,279.97,90.33,277.26,7.33,47.55,7.99,49.05,4442,30.79,1448.6,2.98,1079.7,21.27,8001,0.17,4313,35.34,8167,0.22
89.37,279.93,90.34,277.22,7.33,47.55,7.99,49.05,4443,30.76,1448.8,2.97,1079.9,21.2,8002,0.17,4314,35.31,8174,0.22
89.38,279.9,90.35,277.19,7.33,47.56,7.99,49.05,4444,30.72,,,1080,21.17,8003,0.17,4315,35.28,8181,0.22
89.39,279.86,90.36,277.16,7.33,47.56,7.99,49.05,4445,30.69,,,1080.1,21.13,8004,0.17,4316,35.26,8187,0.22
89.4,279.82,90.37,277.13,7.33,47.56,7.99,49.06,4446,30.65,,,1080.3,21.07,8005,0.17,4317,35.23,8193,0.22
89.41,279.79,90.38,277.1,7.33,47.57,7.99,49.06,4447,30.62,,,1080.5,21,8007,0.17,4318,35.2,8199,0.22
89.42,279.75,90.39,277.06,7.34,47.57,8,49.06,4448,30.59,,,1080.6,20.96,8008,0.17,4319,35.17,8205,0.22
89.43,279.71,90.4,277.03,7.34,47.58,8,49.06,4449,30.55,,,1080.7,20.93,8009,0.17,4320,35.14,8206,0.22
89.44,279.68,90.41,277,7.34,47.58,8,49.07,4450,30.52,,,1080.8,20.9,8010,0.17,4321,35.12,8207,0.22
89.45,279.64,90.42,276.97,7.34,47.59,8,49.07,4451,30.48,,,1081.1,20.8,8011,0.17,4322,35.09,8208,0.22
89.46,279.6,90.43,276.94,7.34,47.59,8,49.07,4452,30.45,,,1081.2,20.76,8012,0.17,4323,35.06,8211,0.22
89.47,279.57,90.44,276.9,7.34,47.59,8,49.07,4453,30.42,,,1081.3,20.73,8013,0.17,4324,35.03,8212,0.22
89.48,279.53,90.45,276.87,7.35,47.6,8,49.07,4454,30.38,,,1081.4,20.7,8014,0.17,4325,35,8213,0.22
89.49,279.49,90.46,276.84,7.35,47.6,8,49.08,4455,30.35,,,1081.5,20.67,8018,0.17,4326,34.98,8214,0.22
89.5,279.46,90.47,276.81,7.35,47.61,8,49.08,4456,30.31,,,1081.7,20.6,8023,0.17,4327,34.95,8215,0.22
89.51,279.42,90.48,276.78,7.35,47.61,8,49.08,4457,30.28,,,1081.8,20.57,8025,0.17,4328,34.92,8216,0.22
89.52,279.38,90.49,276.74,7.36,47.62,8.01,49.08,4458,30.25,,,1081.9,20.54,8033,0.17,4329,34.89,8217,0.22
89.53,279.35,90.5,276.71,7.36,47.63,8.01,49.09,4459,30.21,,,1082.1,20.47,8037,0.17,4330,34.86,8218,0.22
89.54,279.31,90.51,276.68,7.36,47.63,8.01,49.09,4460,30.18,,,1082.2,20.44,8044,0.16,4331,34.83,8219,0.22
89.55,279.27,90.52,276.65,7.36,47.63,8.01,49.09,4461,30.14,,,1082.3,20.41,8048,0.16,4332,34.81,8220,0.22
89.56,279.24,90.53,276.62,7.36,47.63,8.01,49.09,4462,30.11,,,1082.4,20.38,8052,0.16,4333,34.78,8221,0.22
89.57,279.2,90.54,276.58,7.37,47.64,8.01,49.09,4463,30.08,,,1082.6,20.31,8053,0.16,4334,34.75,8222,0.22
89.58,279.16,90.55,276.55,7.37,47.64,8.01,49.1,4464,30.04,,,1082.7,20.28,8056,0.16,4335,34.72,8223,0.22
89.59,279.13,90.56,276.52,7.37,47.65,8.01,49.1,4465,30.01,,,1082.8,20.25,8061,0.16,4336,34.69,8224,0.22
89.6,279.09,90.57,276.49,7.37,47.65,8.01,49.1,4466,29.98,,,1082.9,20.22,8063,0.16,4337,34.66,8225,0.22
89.61,279.05,90.58,276.46,7.37,47.65,8.01,49.1,4467,29.94,,,1083.1,20.16,8070,0.16,4338,34.63,8226,0.22
89.62,279.02,90.59,276.42,7.37,47.65,8.02,49.11,4468,29.91,,,1083.2,20.12,8071,0.16,4339,34.61,8227,0.22
89.63,278.98,90.6,276.39,7.37,47.66,8.02,49.11,4469,29.87,,,1083.3,20.09,8072,0.16,4340,34.58,8228,0.22
89.64,278.94,90.61,276.36,7.38,47.66,8.02,49.11,4470,29.84,,,1083.5,20.03,8078,0.16,4341,34.55,8229,0.22
89.65,278.91,90.62,276.33,7.38,47.66,8.02,49.11,4471,29.81,,,1083.8,19.94,8085,0.16,4342,34.52,8230,0.22
89.66,278.87,90.63,276.3,7.38,47.66,8.02,49.12,4473,29.74,,,1083.9,19.91,8088,0.16,4343,34.49,8231,0.22
89.67,278.83,90.64,276.27,7.38,47.67,8.02,49.12,4474,29.71,,,1084,19.88,8092,0.16,4345,34.43,8232,0.22
89.68,278.8,90.65,276.23,7.38,47.67,8.02,49.12,4475,29.67,,,1084.1,19.85,8096,0.16,4346,34.4,8233,0.22
89.69,278.76,90.66,276.2,7.38,47.67,8.02,49.12,4477,29.6,,,1084.2,19.82,8097,0.16,4347,34.37,8234,0.22
89.7,278.73,90.67,276.17,7.38,47.67,8.02,49.12,4478,29.57,,,1084.3,19.79,8103,0.16,4348,34.35,8235,0.22
89.71,278.69,90.68,276.14,7.38,47.67,8.02,49.13,4479,29.54,,,1084.5,19.73,8108,0.16,4349,34.32,8236,0.22
89.72,278.65,90.69,276.11,7.38,47.68,8.03,49.13,4480,29.5,,,1084.6,19.7,8110,0.16,4350,34.29,8237,0.22
89.73,278.62,90.7,276.07,7.38,47.68,8.03,49.13,4481,29.47,,,1084.7,19.67,8117,0.16,4351,34.26,8238,0.22
89.74,278.58,90.71,276.04,7.38,47.68,8.03,49.13,4482,29.44,,,1084.8,19.64,8121,0.16,4352,34.23,8239,0.22
89.75,278.54,90.72,276.01,7.39,47.68,8.03,49.14,4483,29.4,,,1085.3,19.49,8123,0.16,4353,34.2,8240,0.22
89.76,278.51,90.73,275.98,7.39,47.69,8.03,49.14,4484,29.37,,,1085.4,19.46,8130,0.16,4354,34.17,8241,0.22
89.77,278.47,90.74,275.95,7.39,47.69,8.03,49.14,4485,29.34,,,1085.5,19.44,8135,0.16,4355,34.14,8243,0.22
89.78,278.43,90.75,275.92,7.39,47.69,8.03,49.14,4486,29.3,,,1086,19.29,8136,0.16,4356,34.11,8245,0.22
89.79,278.4,90.76,275.88,7.39,47.69,8.03,49.14,4489,29.2,,,1086.1,19.26,,,4357,34.08,8246,0.22
89.8,278.36,90.77,275.85,7.39,47.7,8.03,49.15,4490,29.17,,,1086.2,19.23,,,4358,34.05,8247,0.22
89.81,278.32,90.78,275.82,7.39,47.7,8.03,49.15,4491,29.14,,,1086.5,19.15,,,4359,34.02,8248,0.22
89.82,278.29,90.79,275.79,7.39,47.7,8.04,49.15,4492,29.1,,,1086.6,19.12,,,4360,33.99,8249,0.22
89.83,278.25,90.8,275.76,7.39,47.7,8.04,49.15,4493,29.07,,,1086.7,19.09,,,4361,33.96,8250,0.22
89.84,278.22,90.81,275.73,7.39,47.7,8.04,49.16,4494,29.04,,,1086.8,19.07,,,4362,33.94,8251,0.22
89.85,278.18,90.82,275.69,7.4,47.71,8.04,49.16,4496,28.97,,,1086.9,19.04,,,4363,33.91,8252,0.22
89.86,278.14,90.83,275.66,7.4,47.71,8.04,49.16,4497,28.94,,,1087,19.01,,,4364,33.88,8253,0.22
89.87,278.11,90.84,275.63,7.4,47.71,8.04,49.16,4499,28.87,,,1087.4,18.9,,,4365,33.85,8254,0.22
89.88,278.07,90.85,275.6,7.4,47.71,8.04,49.17,4500,28.84,,,1087.5,18.87,,,4366,33.82,8255,0.22
89.89,278.03,90.86,275.57,7.4,47.72,8.04,49.17,4501,28.81,,,1087.7,18.82,,,4367,33.79,8256,0.22
89.9,278,90.87,275.53,7.4,47.72,8.04,49.17,4502,28.77,,,1087.9,18.76,,,4368,33.76,8257,0.22
89.91,277.96,90.88,275.5,7.4,47.72,8.04,49.17,4503,28.74,,,1088,18.74,,,4369,33.73,8258,0.22
89.92,277.92,90.89,275.47,7.4,47.72,8.04,49.17,4504,28.71,,,1088.1,18.71,,,4370,33.7,8259,0.22
89.93,277.89,90.9,275.44,7.4,47.72,8.05,49.18,4505,28.67,,,1088.2,18.68,,,4371,33.67,8263,0.22
89.94,277.85,90.91,275.41,7.41,47.73,8.05,49.18,4506,28.64,,,1088.5,18.6,,,4372,33.64,8265,0.22
89.95,277.82,90.92,275.38,7.41,47.73,8.05,49.18,4507,28.61,,,1088.6,18.58,,,4373,33.61,8270,0.22
89.96,277.78,90.93,275.35,7.41,47.73,8.05,49.18,4508,28.58,,,1089,18.47,,,4374,33.58,8271,0.22
89.97,277.74,90.94,275.31,7.41,47.73,8.05,49.19,4509,28.54,,,1089.3,18.39,,,4376,33.52,8276,0.22
89.98,277.71,90.95,275.28,7.41,47.74,8.05,49.19,4510,28.51,,,1089.5,18.34,,,4377,33.49,8277,0.22
89.99,277.67,90.96,275.25,7.41,47.74,8.05,49.19,4511,28.48,,,1089.6,18.32,,,4378,33.46,8283,0.22
90,277.64,90.97,275.22,7.41,47.74,8.05,49.19,4512,28.44,,,1089.7,18.29,,,4379,33.43,8288,0.22
90.01,277.6,90.98,275.19,7.41,47.74,8.05,49.19,4513,28.41,,,1089.8,18.27,,,4380,33.4,8292,0.22
90.02,277.56,90.99,275.16,7.41,47.75,8.05,49.2,4514,28.38,,,1090,18.21,,,4382,33.34,8293,0.22
90.03,277.53,91,275.12,7.42,47.75,8.06,49.2,4515,28.35,,,1090.3,18.14,,,4383,33.31,8297,0.22
90.04,277.49,91.01,275.09,7.42,47.75,8.06,49.2,4517,28.28,,,1090.4,18.11,,,4384,33.28,8300,0.22
90.05,277.45,91.02,275.06,7.42,47.75,8.06,49.2,4518,28.25,,,1090.5,18.09,,,4385,33.25,8303,0.22
90.06,277.42,91.03,275.03,7.42,47.76,8.06,49.21,4519,28.22,,,1090.7,18.04,,,4386,33.22,8304,0.22
90.07,277.38,91.04,275,7.42,47.76,8.06,49.21,4520,28.18,,,1090.8,18.01,,,4387,33.19,8307,0.22
90.08,277.35,91.05,274.97,7.42,47.76,8.06,49.21,4521,28.15,,,1091.1,17.94,,,4389,33.13,8310,0.22
90.09,277.31,91.06,274.93,7.42,47.76,8.06,49.21,4522,28.12,,,1091.2,17.91,,,4390,33.1,8315,0.22
90.1,277.27,91.07,274.9,7.42,47.77,8.06,49.21,4523,28.09,,,1091.3,17.89,,,4391,33.07,8318,0.22
90.11,277.24,91.08,274.87,7.42,47.77,8.06,49.22,4524,28.05,,,1091.4,17.87,,,4392,33.04,8322,0.22
90.12,277.2,91.09,274.84,7.42,47.77,8.06,49.22,4525,28.02,,,1091.5,17.84,,,4393,33.01,8327,0.22
90.13,277.17,91.1,274.81,7.42,47.77,8.07,49.22,4526,27.99,,,1091.7,17.79,,,4394,32.98,8328,0.22
90.14,277.13,91.11,274.78,7.43,47.77,8.07,49.22,4527,27.96,,,1091.8,17.77,,,4395,32.95,8331,0.22
90.15,277.09,91.12,274.75,7.43,47.78,8.07,49.23,4528,27.93,,,1091.9,17.74,,,4396,32.92,8335,0.22
90.16,277.06,91.13,274.71,7.43,47.78,8.07,49.23,4529,27.89,,,1092,17.72,,,4397,32.89,8340,0.22
90.17,277.02,91.14,274.68,7.43,47.78,8.07,49.23,4530,27.86,,,1092.1,17.7,,,4398,32.86,8342,0.22
90.18,276.98,91.15,274.65,7.43,47.78,8.07,49.23,4531,27.83,,,1092.2,17.67,,,4399,32.83,8344,0.22
90.19,276.95,91.16,274.62,7.43,47.79,8.07,49.24,4533,27.76,,,1092.3,17.65,,,4400,32.8,8348,0.22
90.2,276.91,91.17,274.59,7.43,47.79,8.07,49.24,4534,27.73,,,1092.6,17.58,,,4402,32.74,8353,0.22
90.21,276.88,91.18,274.56,7.43,47.79,8.07,49.24,4535,27.7,,,1092.8,17.53,,,4403,32.71,8354,0.22
90.22,276.84,91.19,274.53,7.43,47.79,8.07,49.24,4536,27.67,,,1092.9,17.51,,,4404,32.68,8358,0.22
90.23,276.8,91.2,274.49,7.44,47.8,8.08,49.24,4537,27.64,,,1093.2,17.44,,,4405,32.65,8363,0.22
90.24,276.77,91.21,274.46,7.44,47.8,8.08,49.25,4538,27.6,,,1093.3,17.41,,,4406,32.62,8365,0.22
90.25,276.73,91.22,274.43,7.44,47.8,8.08,49.25,4539,27.57,,,1093.7,17.32,,,4407,32.59,8369,0.22
90.26,276.7,91.23,274.4,7.44,47.8,8.08,49.25,4541,27.51,,,1094.2,17.21,,,4408,32.56,8371,0.22
90.27,276.66,91.24,274.37,7.44,47.81,8.08,49.25,4542,27.48,,,1094.3,17.18,,,4409,32.53,8373,0.22
90.28,276.62,91.25,274.34,7.44,47.81,8.08,49.26,4543,27.45,,,1094.6,17.12,,,4410,32.5,,
90.29,276.59,91.26,274.31,7.44,47.81,8.08,49.26,4544,27.41,,,1095,17.03,,,4411,32.47,,
90.3,276.55,91.27,274.27,7.44,47.82,8.08,49.26,4546,27.35,,,1095.2,16.98,,,4412,32.44,,
90.31,276.52,91.28,274.24,7.45,47.82,8.08,49.26,4547,27.32,,,1095.3,16.96,,,4413,32.41,,
90.32,276.48,91.29,274.21,7.45,47.82,8.09,49.26,4548,27.29,,,1095.4,16.94,,,4414,32.38,,
90.33,276.45,91.3,274.18,7.45,47.82,8.09,49.27,4549,27.25,,,1095.5,16.92,,,4415,32.34,,
90.34,276.41,91.31,274.15,7.45,47.82,8.09,49.27,4550,27.22,,,1095.6,16.89,,,4416,32.31,,
90.35,276.37,91.32,274.12,7.45,47.83,8.09,49.27,4552,27.16,,,1095.7,16.87,,,4417,32.28,,
90.36,276.34,91.33,274.09,7.45,47.83,8.09,49.27,4553,27.13,,,1096.2,16.76,,,4418,32.25,,
90.37,276.3,91.34,274.06,7.45,47.83,8.09,49.28,4554,27.1,,,1096.3,16.74,,,4419,32.22,,
90.38,276.27,91.35,274.02,7.45,47.83,8.09,49.28,4555,27.07,,,1096.4,16.72,,,4420,32.19,,
90.39,276.23,91.36,273.99,7.45,47.84,8.09,49.28,4556,27.03,,,1097.2,16.55,,,4422,32.13,,
90.4,276.19,91.37,273.96,7.45,47.84,8.09,49.28,4557,27,,,1097.3,16.53,,,4423,32.1,,
90.41,276.16,91.38,273.93,7.46,47.84,8.09,49.28,4558,26.97,,,1097.4,16.51,,,4424,32.07,,
90.42,276.12,91.39,273.9,7.46,47.84,8.1,49.29,4560,26.91,,,1097.5,16.49,,,4425,32.04,,
90.43,276.09,91.4,273.87,7.46,47.84,8.1,49.29,4561,26.88,,,1098.1,16.36,,,4426,32.01,,
90.44,276.05,91.41,273.84,7.46,47.85,8.1,49.29,4562,26.85,,,1098.3,16.32,,,4427,31.98,,
90.45,276.02,91.42,273.81,7.46,47.85,8.1,49.29,4563,26.82,,,1098.5,16.28,,,4428,31.95,,
90.46,275.98,91.43,273.77,7.46,47.85,8.1,49.3,4564,26.78,,,1098.6,16.26,,,4429,31.92,,
90.47,275.94,91.44,273.74,7.46,47.85,8.1,49.3,4565,26.75,,,1099.2,16.14,,,4431,31.86,,
90.48,275.91,91.45,273.71,7.46,47.86,8.1,49.3,4566,26.72,,,1099.3,16.12,,,4432,31.83,,
90.49,275.87,91.46,273.68,7.46,47.86,8.1,49.3,4568,26.66,,,1099.4,16.1,,,4433,31.8,,
90.5,275.84,91.47,273.65,7.46,47.86,8.1,49.31,4569,26.63,,,1099.6,16.06,,,4434,31.77,,
90.51,275.8,91.48,273.62,7.46,47.86,8.1,49.31,4570,26.6,,,1099.8,16.02,,,4435,31.73,,
90.52,275.76,91.49,273.59,7.47,47.86,8.11,49.31,4571,26.57,,,1100.2,15.94,,,4436,31.7,,
90.53,275.73,91.5,273.56,7.47,47.87,8.11,49.31,4573,26.51,,,1100.3,15.93,,,4437,31.67,,
90.54,275.69,91.51,273.52,7.47,47.87,8.11,49.31,4575,26.44,,,1100.5,15.89,,,4438,31.64,,
90.55,275.66,91.52,273.49,7.47,47.87,8.11,49.32,4576,26.41,,,1100.7,15.85,,,4439,31.61,,
90.56,275.62,91.53,273.46,7.47,47.87,8.11,49.32,4577,26.38,,,1100.9,15.81,,,4440,31.58,,
90.57,275.59,91.54,273.43,7.47,47.88,8.11,49.32,4578,26.35,,,1101,15.79,,,4441,31.55,,
90.58,275.55,91.55,273.4,7.47,47.88,8.11,49.32,4579,26.32,,,1101.4,15.71,,,4442,31.52,,
90.59,275.51,91.56,273.37,7.47,47.88,8.11,49.33,4580,26.29,,,1101.7,15.66,,,4443,31.49,,
90.6,275.48,91.57,273.34,7.47,47.88,8.11,49.33,4581,26.26,,,1101.8,15.64,,,4444,31.46,,
90.61,275.44,91.58,273.31,7.47,47.89,8.11,49.33,4582,26.23,,,1102,15.6,,,4445,31.43,,
90.62,275.41,91.59,273.28,7.48,47.89,8.12,49.33,4583,26.2,,,1102.2,15.56,,,4446,31.4,,
90.63,275.37,91.6,273.24,7.48,47.89,8.12,49.33,4584,26.17,,,1102.3,15.55,,,4447,31.37,,
90.64,275.34,91.61,273.21,7.48,47.89,8.12,49.34,4585,26.14,,,1102.5,15.51,,,4448,31.34,,
90.65,275.3,91.62,273.18,7.48,47.89,8.12,49.34,4586,26.11,,,1102.9,15.44,,,4449,31.31,,
90.66,275.27,91.63,273.15,7.48,47.9,8.12,49.34,4587,26.08,,,1103,15.42,,,4450,31.28,,
90.67,275.23,91.64,273.12,7.48,47.9,8.12,49.34,4588,26.05,,,1103.6,15.31,,,4452,31.21,,
90.68,275.19,91.65,273.09,7.48,47.9,8.12,49.35,4589,26.02,,,1103.9,15.25,,,4453,31.18,,
90.69,275.16,91.66,273.06,7.48,47.9,8.12,49.35,4590,25.99,,,1104.2,15.2,,,4454,31.15,,
90.7,275.12,91.67,273.03,7.48,47.91,8.12,49.35,4592,25.92,,,1104.3,15.18,,,4455,31.12,,
90.71,275.09,91.68,273,7.49,47.91,8.12,49.35,4593,25.89,,,1104.4,15.17,,,4456,31.09,,
90.72,275.05,91.69,272.96,7.49,47.91,8.13,49.36,4594,25.86,,,1104.7,15.11,,,4457,31.06,,
90.73,275.02,91.7,272.93,7.49,47.91,8.13,49.36,4595,25.83,,,1105,15.06,,,4458,31.03,,
90.74,274.98,91.71,272.9,7.49,47.92,8.13,49.36,4596,25.8,,,1105.4,14.99,,,4459,31,,
90.75,274.95,91.72,272.87,7.49,47.92,8.13,49.36,4597,25.77,,,1105.5,14.97,,,4460,30.97,,
90.76,274.91,91.73,272.84,7.49,47.92,8.13,49.36,4599,25.71,,,1105.7,14.94,,,4462,30.91,,
90.77,274.87,91.74,272.81,7.49,47.92,8.13,49.37,4600,25.68,,,1105.9,14.91,,,4463,30.88,,
90.78,274.84,91.75,272.78,7.49,47.93,8.13,49.37,4601,25.65,,,1106.4,14.82,,,4464,30.85,,
90.79,274.8,91.76,272.75,7.49,47.93,8.13,49.37,4602,25.62,,,1106.6,14.79,,,4465,30.82,,
90.8,274.77,91.77,272.72,7.5,47.93,8.13,49.37,4604,25.56,,,1106.7,14.77,,,4466,30.79,,
90.81,274.73,91.78,272.69,7.5,47.93,8.13,49.38,4605,25.53,,,1106.8,14.75,,,4467,30.76,,
90.82,274.7,91.79,272.65,7.5,47.93,8.13,49.38,4606,25.5,,,1107.1,14.7,,,4468,30.72,,
90.83,274.66,91.8,272.62,7.5,47.94,8.14,49.38,4607,25.47,,,1107.2,14.69,,,4469,30.69,,
90.84,274.63,91.81,272.59,7.5,47.94,8.14,49.38,4608,25.45,,,1107.9,14.57,,,4470,30.66,,
90.85,274.59,91.82,272.56,7.5,47.94,8.14,49.38,4609,25.42,,,1108.1,14.54,,,4471,30.63,,
90.86,274.56,91.83,272.53,7.5,47.94,8.14,49.39,4610,25.39,,,1108.2,14.52,,,4472,30.6,,
90.87,274.52,91.84,272.5,7.5,47.95,8.14,49.39,4611,25.36,,,1108.4,14.49,,,4473,30.57,,
90.88,274.48,91.85,272.47,7.5,47.95,8.14,49.39,4613,25.3,,,1108.9,14.41,,,4474,30.54,,
90.89,274.45,91.86,272.44,7.5,47.95,8.14,49.39,4614,25.27,,,1109,14.4,,,4475,30.51,,
90.9,274.41,91.87,272.41,7.5,47.95,8.14,49.4,4616,25.21,,,1109.1,14.38,,,4476,30.48,,
90.91,274.38,91.88,272.38,7.51,47.96,8.14,49.4,4617,25.18,,,1109.3,14.35,,,4478,30.42,,
90.92,274.34,91.89,272.34,7.51,47.96,8.14,49.4,4619,25.12,,,1109.4,14.33,,,4479,30.39,,
90.93,274.31,91.9,272.31,7.51,47.96,8.15,49.4,4620,25.09,,,1109.7,14.28,,,4480,30.36,,
90.94,274.27,91.91,272.28,7.51,47.96,8.15,49.4,4621,25.06,,,1109.9,14.25,,,4481,30.33,,
90.95,274.24,91.92,272.25,7.51,47.96,8.15,49.41,4622,25.03,,,1110.1,14.22,,,4482,30.3,,
90.96,274.2,91.93,272.22,7.51,47.97,8.15,49.41,4623,25,,,1110.4,14.18,,,4483,30.27,,
90.97,274.17,91.94,272.19,7.51,47.97,8.15,49.41,4625,24.95,,,1110.9,14.1,,,4484,30.24,,
90.98,274.13,91.95,272.16,7.51,47.97,8.15,49.41,4626,24.92,,,1111,14.08,,,4485,30.21,,
90.99,274.1,91.96,272.13,7.51,47.97,8.15,49.42,4627,24.89,,,1111.1,14.07,,,4486,30.18,,
91,274.06,91.97,272.1,7.51,47.98,8.15,49.42,4629,24.83,,,1111.2,14.05,,,4487,30.14,,
91.01,274.02,91.98,272.07,7.52,47.98,8.15,49.42,4632,24.74,,,1111.3,14.04,,,4488,30.11,,
91.02,273.99,91.99,272.04,7.52,47.98,8.15,49.42,4634,24.69,,,1112.2,13.9,,,4489,30.08,,
91.03,273.95,92,272.01,7.52,47.98,8.16,49.43,4635,24.66,,,1112.4,13.87,,,4490,30.05,,
91.04,273.92,92.01,271.97,7.52,47.98,8.16,49.43,4636,24.63,,,1112.5,13.86,,,4491,30.02,,
91.05,273.88,92.02,271.94,7.52,47.99,8.16,49.43,4637,24.6,,,1112.6,13.84,,,4492,29.99,,
91.06,273.85,92.03,271.91,7.52,47.99,8.16,49.43,4638,24.57,,,1112.7,13.83,,,4494,29.93,,
91.07,273.81,92.04,271.88,7.52,47.99,8.16,49.43,4641,24.48,,,1113.1,13.77,,,4495,29.9,,
91.08,273.78,92.05,271.85,7.52,47.99,8.16,49.44,4642,24.46,,,1113.4,13.73,,,4496,29.87,,
91.09,273.74,92.06,271.82,7.52,48,8.16,49.44,4643,24.43,,,1113.9,13.66,,,4497,29.84,,
91.1,273.71,92.07,271.79,7.53,48,8.16,49.44,4644,24.4,,,1114.1,13.63,,,4498,29.81,,
91.11,273.67,92.08,271.76,7.53,48,8.16,49.44,4646,24.34,,,1114.3,13.6,,,4499,29.78,,
91.12,273.64,92.09,271.73,7.53,48,8.16,49.45,4647,24.31,,,1114.4,13.58,,,4500,29.75,,
91.13,273.6,92.1,271.7,7.53,48.01,8.17,49.45,4648,24.29,,,1115,13.5,,,4502,29.69,,
91.14,273.57,92.11,271.67,7.53,48.01,8.17,49.45,4649,24.26,,,1115.4,13.44,,,4503,29.66,,
91.15,273.53,92.12,271.64,7.53,48.01,8.17,49.45,4650,24.23,,,1115.5,13.43,,,4504,29.63,,
91.16,273.5,92.13,271.61,7.53,48.01,8.17,49.45,4651,24.2,,,1115.6,13.42,,,4506,29.57,,
91.17,273.46,92.14,271.57,7.53,48.02,8.17,49.46,4653,24.14,,,1115.7,13.4,,,4507,29.54,,
91.18,273.43,92.15,271.54,7.53,48.02,8.17,49.46,4654,24.12,,,1115.9,13.38,,,4508,29.51,,
91.19,273.39,92.16,271.51,7.54,48.02,8.17,49.46,4655,24.09,,,1116,13.36,,,4509,29.48,,
91.2,273.36,92.17,271.48,7.54,48.02,8.17,49.46,4656,24.06,,,1116.1,13.35,,,4510,29.45,,
91.21,273.32,92.18,271.45,7.54,48.03,8.17,49.47,4657,24.03,,,1116.9,13.24,,,4512,29.39,,
91.22,273.29,92.19,271.42,7.54,48.03,8.18,49.47,4658,24,,,1117,13.23,,,4513,29.35,,
91.23,273.25,92.2,271.39,7.54,48.03,8.18,49.47,4659,23.98,,,1117.3,13.19,,,4514,29.32,,
91.24,273.22,92.21,271.36,7.54,48.03,8.18,49.47,4660,23.95,,,1117.5,13.16,,,4515,29.29,,
91.25,273.18,92.22,271.33,7.54,48.03,8.18,49.48,4661,23.92,,,1117.6,13.15,,,4516,29.26,,
91.26,273.15,92.23,271.3,7.54,48.04,8.18,49.48,4662,23.89,,,1117.8,13.12,,,4517,29.23,,
91.27,273.11,92.24,271.27,7.54,48.04,8.18,49.48,4663,23.86,,,1117.9,13.11,,,4518,29.2,,
91.28,273.08,92.25,271.24,7.54,48.04,8.18,49.48,4664,23.84,,,1118.5,13.03,,,4519,29.17,,
91.29,273.04,92.26,271.21,7.54,48.04,8.18,49.48,4665,23.81,,,1118.9,12.98,,,4520,29.14,,
91.3,273.01,92.27,271.18,7.55,48.05,8.18,49.49,4666,23.78,,,1119,12.96,,,4521,29.11,,
91.31,272.97,92.28,271.15,7.55,48.05,8.18,49.49,4667,23.75,,,1119.3,12.92,,,4522,29.08,,
91.32,272.94,92.29,271.11,7.55,48.05,8.19,49.49,4668,23.73,,,1119.4,12.91,,,4523,29.05,,
91.33,272.9,92.3,271.08,7.55,48.05,8.19,49.49,4669,23.7,,,1119.8,12.86,,,4524,29.02,,
91.34,272.87,92.31,271.05,7.55,48.05,8.19,49.5,4670,23.67,,,1120.1,12.82,,,4525,28.99,,
91.35,272.83,92.32,271.02,7.55,48.06,8.19,49.5,4672,23.62,,,1120.5,12.77,,,4526,28.96,,
91.36,272.8,92.33,270.99,7.55,48.06,8.19,49.5,4673,23.59,,,1120.8,12.73,,,4527,28.93,,
91.37,272.76,92.34,270.96,7.55,48.06,8.19,49.5,4674,23.56,,,1120.9,12.72,,,4528,28.9,,
91.38,272.73,92.35,270.93,7.55,48.06,8.19,49.5,4676,23.51,,,1121.2,12.68,,,4529,28.87,,
91.39,272.69,92.36,270.9,7.55,48.07,8.19,49.51,4677,23.48,,,1121.5,12.65,,,4531,28.81,,
91.4,272.66,92.37,270.87,7.56,48.07,8.19,49.51,4678,23.45,,,1121.6,12.64,,,4532,28.78,,
91.41,272.62,92.38,270.84,7.56,48.07,8.19,49.51,4680,23.4,,,1121.7,12.62,,,4533,28.75,,
91.42,272.59,92.39,270.81,7.56,48.07,8.2,49.51,4681,23.37,,,1122,12.59,,,4534,28.72,,
91.43,272.55,92.4,270.78,7.56,48.07,8.2,49.52,4682,23.34,,,1122.5,12.53,,,4535,28.69,,
91.44,272.52,92.41,270.75,7.56,48.08,8.2,49.52,4683,23.32,,,1122.9,12.48,,,4536,28.66,,
91.45,272.48,92.42,270.72,7.56,48.08,8.2,49.52,4684,23.29,,,1123.5,12.41,,,4537,28.63,,
91.46,272.45,92.43,270.69,7.56,48.08,8.2,49.52,4685,23.26,,,1123.6,12.39,,,4538,28.6,,
91.47,272.41,92.44,270.66,7.56,48.08,8.2,49.52,4686,23.24,,,1123.7,12.38,,,4539,28.57,,
91.48,272.38,92.45,270.63,7.56,48.09,8.2,49.53,4687,23.21,,,1124.1,12.34,,,4540,28.54,,
91.49,272.34,92.46,270.6,7.57,48.09,8.2,49.53,4688,23.18,,,1124.6,12.28,,,4541,28.51,,
91.5,272.31,92.47,270.56,7.57,48.09,8.2,49.53,4690,23.13,,,1124.8,12.25,,,4542,28.48,,
91.51,272.27,92.48,270.53,7.57,48.09,8.2,49.53,4691,23.1,,,1124.9,12.24,,,4543,28.45,,
91.52,272.24,92.49,270.5,7.57,48.1,8.21,49.54,4692,23.07,,,1125,12.23,,,4544,28.42,,
91.53,272.2,92.5,270.47,7.57,48.1,8.21,49.54,4694,23.02,,,1125.2,12.21,,,4546,28.36,,
91.54,272.17,92.51,270.44,7.57,48.1,8.21,49.54,4696,22.97,,,1125.4,12.19,,,4547,28.33,,
91.55,272.13,92.52,270.41,7.57,48.1,8.21,49.54,4697,22.94,,,1125.7,12.15,,,4549,28.28,,
91.56,272.1,92.53,270.38,7.57,48.1,8.21,49.55,4698,22.91,,,1125.8,12.14,,,4550,28.25,,
91.57,272.06,92.54,270.35,7.57,48.11,8.21,49.55,4699,22.89,,,1126.4,12.07,,,4551,28.22,,
91.58,272.03,92.55,270.32,7.57,48.11,8.21,49.55,4700,22.86,,,1126.7,12.04,,,4552,28.19,,
91.59,271.99,92.56,270.29,7.58,48.11,8.21,49.55,4701,22.84,,,1127,12.01,,,4553,28.16,,
91.6,271.96,92.57,270.26,7.58,48.11,8.21,49.55,4702,22.81,,,1127.4,11.96,,,4554,28.13,,
91.61,271.92,92.58,270.23,7.58,48.12,8.21,49.56,4703,22.78,,,1127.9,11.91,,,4555,28.1,,
91.62,271.89,92.59,270.2,7.58,48.12,8.21,49.56,4704,22.76,,,1128,11.9,,,4556,28.07,,
91.63,271.85,92.6,270.17,7.58,48.12,8.22,49.56,4705,22.73,,,1128.3,11.86,,,4557,28.04,,
91.64,271.82,92.61,270.14,7.58,48.12,8.22,49.56,4706,22.7,,,1128.8,11.81,,,4558,28.01,,
91.65,271.78,92.62,270.11,7.58,48.12,8.22,49.57,4707,22.68,,,1128.9,11.8,,,4559,27.98,,
91.66,271.75,92.63,270.08,7.58,48.13,8.22,49.57,4708,22.65,,,1129.2,11.77,,,4560,27.95,,
91.67,271.71,92.64,270.05,7.58,48.13,8.22,49.57,4711,22.57,,,1129.9,11.69,,,4561,27.92,,
91.68,271.68,92.65,270.02,7.58,48.13,8.22,49.57,4712,22.55,,,1130.1,11.67,,,4562,27.89,,
91.69,271.65,92.66,269.99,7.58,48.13,8.22,49.57,4713,22.52,,,1130.5,11.63,,,4563,27.86,,
91.7,271.61,92.67,269.96,7.59,48.14,8.22,49.58,4714,22.49,,,1130.7,11.61,,,4564,27.83,,
91.71,271.58,92.68,269.93,7.59,48.14,8.22,49.58,4716,22.44,,,1130.8,11.6,,,4567,27.74,,
91.72,271.54,92.69,269.9,7.59,48.14,8.22,49.58,4717,22.42,,,1130.9,11.59,,,4568,27.71,,
91.73,271.51,92.7,269.87,7.59,48.14,8.23,49.58,4718,22.39,,,1131.1,11.57,,,4569,27.68,,
91.74,271.47,92.71,269.84,7.59,48.15,8.23,49.59,4720,22.34,,,1131.5,11.53,,,4570,27.66,,
91.75,271.44,92.72,269.8,7.59,48.15,8.23,49.59,4721,22.31,,,1132.1,11.47,,,4571,27.63,,
91.76,271.4,92.73,269.77,7.59,48.15,8.23,49.59,4722,22.29,,,1132.3,11.44,,,4572,27.6,,
91.77,271.37,92.74,269.74,7.59,48.15,8.23,49.59,4723,22.26,,,1132.5,11.42,,,4573,27.57,,
91.78,271.33,92.75,269.71,7.59,48.15,8.23,49.6,4724,22.24,,,1132.8,11.39,,,4574,27.54,,
91.79,271.3,92.76,269.68,7.6,48.16,8.23,49.6,4725,22.21,,,1133,11.37,,,4576,27.48,,
91.8,271.26,92.77,269.65,7.6,48.16,8.23,49.6,4728,22.13,,,1134,11.28,,,4577,27.45,,
91.81,271.23,92.78,269.62,7.6,48.16,8.23,49.6,4732,22.03,,,1134.3,11.25,,,4578,27.42,,
91.82,271.19,92.79,269.59,7.6,48.17,8.23,49.6,4733,22.01,,,1134.5,11.23,,,4580,27.36,,
91.83,271.16,92.8,269.56,7.6,48.17,8.24,49.61,4735,21.96,,,1134.7,11.21,,,4581,27.33,,
91.84,271.13,92.81,269.53,7.6,48.17,8.24,49.61,4736,21.93,,,1134.9,11.19,,,4584,27.25,,
91.85,271.09,92.82,269.5,7.6,48.17,8.24,49.61,4737,21.91,,,1135,11.18,,,4586,27.19,,
91.86,271.06,92.83,269.47,7.6,48.17,8.24,49.61,4739,21.86,,,1135.1,11.17,,,4587,27.16,,
91.87,271.02,92.84,269.44,7.6,48.18,8.24,49.62,4740,21.83,,,1136.3,11.05,,,4588,27.13,,
91.88,270.99,92.85,269.41,7.61,48.18,8.24,49.62,4741,21.81,,,1136.4,11.05,,,4589,27.1,,
91.89,270.95,92.86,269.38,7.61,48.18,8.24,49.62,4743,21.76,,,1136.6,11.03,,,4590,27.07,,
91.9,270.92,92.87,269.35,7.61,48.19,8.24,49.62,4746,21.68,,,1136.8,11.01,,,4591,27.04,,
91.91,270.88,92.88,269.32,7.61,48.19,8.24,49.62,4747,21.66,,,1137.1,10.98,,,4593,26.99,,
91.92,270.85,92.89,269.29,7.61,48.19,8.24,49.63,4748,21.63,,,1137.3,10.96,,,4594,26.96,,
91.93,270.82,92.9,269.26,7.61,48.19,8.25,49.63,4749,21.61,,,1137.5,10.94,,,4595,26.93,,
91.94,270.78,92.91,269.23,7.61,48.19,8.25,49.63,4750,21.58,,,1137.7,10.92,,,4596,26.9,,
91.95,270.75,92.92,269.2,7.61,48.2,8.25,49.63,4751,21.56,,,1138.5,10.85,,,4597,26.87,,
91.96,270.71,92.93,269.17,7.61,48.2,8.25,49.64,4752,21.53,,,1138.8,10.82,,,4598,26.84,,
91.97,270.68,92.94,269.14,7.62,48.2,8.25,49.64,4754,21.48,,,1138.9,10.82,,,4599,26.81,,
91.98,270.64,92.95,269.11,7.62,48.2,8.25,49.64,4756,21.43,,,1139.1,10.8,,,4603,26.7,,
91.99,270.61,92.96,269.08,7.62,48.21,8.25,49.64,4757,21.41,,,1139.2,10.79,,,4604,26.67,,
92,270.57,92.97,269.05,7.62,48.21,8.25,49.64,4758,21.39,,,1139.5,10.76,,,4605,26.64,,
92.01,270.54,92.98,269.02,7.62,48.21,8.25,49.65,4762,21.29,,,1139.6,10.75,,,4606,26.61,,
92.02,270.5,92.99,268.99,7.62,48.21,8.26,49.65,4763,21.26,,,1140.2,10.7,,,4607,26.59,,
92.03,270.47,93,268.96,7.62,48.22,8.26,49.65,4765,21.22,,,1140.6,10.66,,,4608,26.56,,
92.04,270.44,93.01,268.93,7.62,48.22,8.26,49.65,4766,21.19,,,1141,10.63,,,4609,26.53,,
92.05,270.4,93.02,268.9,7.62,48.22,8.26,49.66,4767,21.17,,,1141.1,10.62,,,4610,26.5,,
92.06,270.37,93.03,268.87,7.63,48.23,8.26,49.66,4768,21.14,,,1141.2,10.61,,,4611,26.47,,
92.07,270.33,93.04,268.84,7.63,48.23,8.26,49.66,4770,21.09,,,1141.4,10.59,,,4612,26.44,,
92.08,270.3,93.05,268.81,7.63,48.23,8.26,49.66,4771,21.07,,,1141.9,10.55,,,4614,26.39,,
92.09,270.26,93.06,268.78,7.63,48.23,8.26,49.67,4772,21.05,,,1142.7,10.48,,,4615,26.36,,
92.1,270.23,93.07,268.75,7.63,48.24,8.26,49.67,4774,21,,,1142.8,10.47,,,4616,26.33,,
92.11,270.2,93.08,268.72,7.63,48.24,8.26,49.67,4775,20.98,,,1143.2,10.44,,,4617,26.3,,
92.12,270.16,93.09,268.69,7.63,48.24,8.27,49.67,4776,20.95,,,1143.3,10.43,,,4618,26.27,,
92.13,270.13,93.1,268.66,7.63,48.24,8.27,49.67,4778,20.9,,,1143.5,10.42,,,4619,26.25,,
92.14,270.09,93.11,268.63,7.63,48.25,8.27,49.68,4779,20.88,,,1143.7,10.4,,,4620,26.22,,
92.15,270.06,93.12,268.6,7.64,48.25,8.27,49.68,4781,20.83,,,1144.1,10.37,,,4621,26.19,,
92.16,270.02,93.13,268.57,7.64,48.25,8.27,49.68,4782,20.81,,,1144.8,10.31,,,4622,26.16,,
92.17,269.99,93.14,268.54,7.64,48.25,8.27,49.68,4783,20.79,,,1144.9,10.3,,,4623,26.13,,
92.18,269.96,93.15,268.51,7.64,48.26,8.27,49.69,4784,20.76,,,1145.3,10.27,,,4624,26.1,,
92.19,269.92,93.16,268.48,7.64,48.26,8.27,49.69,4785,20.74,,,1145.4,10.26,,,4625,26.08,,
92.2,269.89,93.17,268.45,7.64,48.26,8.27,49.69,4788,20.67,,,1145.9,10.22,,,4627,26.02,,
92.21,269.85,93.18,268.42,7.65,48.27,8.27,49.69,4789,20.64,,,1146,10.21,,,4628,25.99,,
92.22,269.82,93.19,268.39,7.65,48.27,8.28,49.69,4791,20.6,,,1146.1,10.2,,,4629,25.96,,
92.23,269.78,93.2,268.36,7.65,48.28,8.28,49.7,4794,20.53,,,1146.5,10.17,,,4632,25.88,,
92.24,269.75,93.21,268.33,7.65,48.28,8.28,49.7,4796,20.48,,,1147,10.13,,,4633,25.85,,
92.25,269.72,93.22,268.3,7.65,48.28,8.28,49.7,4797,20.46,,,1147.7,10.08,,,4634,25.82,,
92.26,269.68,93.23,268.27,7.65,48.28,8.28,49.7,4798,20.44,,,1148,10.05,,,4636,25.77,,
92.27,269.65,93.24,268.24,7.65,48.29,8.28,49.71,4800,20.39,,,1148.2,10.04,,,4637,25.74,,
92.28,269.61,93.25,268.21,7.65,48.29,8.28,49.71,4801,20.37,,,1148.4,10.02,,,4638,25.71,,
92.29,269.58,93.26,268.18,7.65,48.29,8.28,49.71,4802,20.34,,,1148.6,10.01,,,4640,25.66,,
92.3,269.54,93.27,268.15,7.66,48.29,8.28,49.71,4806,20.25,,,1148.9,9.98,,,4642,25.6,,
92.31,269.51,93.28,268.12,7.66,48.29,8.28,49.72,4808,20.21,,,1149.1,9.97,,,4643,25.57,,
92.32,269.48,93.29,268.09,7.66,48.3,8.29,49.72,4810,20.16,,,1150,9.9,,,4644,25.55,,
92.33,269.44,93.3,268.06,7.66,48.3,8.29,49.72,4811,20.14,,,1150.6,9.85,,,4645,25.52,,
92.34,269.41,93.31,268.03,7.66,48.3,8.29,49.72,4815,20.05,,,1150.7,9.85,,,4646,25.49,,
92.35,269.37,93.32,268,7.66,48.3,8.29,49.72,4816,20.02,,,1150.8,9.84,,,4647,25.46,,
92.36,269.34,93.33,267.97,7.66,48.31,8.29,49.73,4817,20,,,1150.9,9.83,,,4648,25.44,,
92.37,269.31,93.34,267.94,7.66,48.31,8.29,49.73,4818,19.98,,,1151,9.82,,,4649,25.41,,
92.38,269.27,93.35,267.91,7.66,48.31,8.29,49.73,4821,19.91,,,1151.4,9.79,,,4651,25.35,,
92.39,269.24,93.36,267.88,7.66,48.31,8.29,49.73,4822,19.89,,,1151.9,9.76,,,4652,25.33,,
92.4,269.2,93.37,267.85,7.67,48.31,8.29,49.74,4826,19.8,,,1152.3,9.73,,,4653,25.3,,
92.41,269.17,93.38,267.82,7.67,48.32,8.29,49.74,4827,19.78,,,1152.5,9.71,,,4654,25.27,,
92.42,269.14,93.39,267.79,7.67,48.32,8.29,49.74,4829,19.74,,,1152.6,9.7,,,4655,25.25,,
92.43,269.1,93.4,267.76,7.67,48.32,8.3,49.74,4830,19.71,,,1152.7,9.7,,,4657,25.19,,
92.44,269.07,93.41,267.73,7.67,48.32,8.3,49.74,4831,19.69,,,1152.9,9.68,,,4658,25.16,,
92.45,269.03,93.42,267.7,7.67,48.33,8.3,49.75,4832,19.67,,,1153.1,9.67,,,4659,25.14,,
92.46,269,93.43,267.67,7.67,48.33,8.3,49.75,4835,19.6,,,1153.5,9.64,,,4660,25.11,,
92.47,268.96,93.44,267.64,7.67,48.33,8.3,49.75,4836,19.58,,,1153.8,9.62,,,4661,25.08,,
92.48,268.93,93.45,267.61,7.67,48.33,8.3,49.75,4837,19.56,,,1154.7,9.55,,,4663,25.03,,
92.49,268.9,93.46,267.58,7.67,48.33,8.3,49.76,4841,19.47,,,1155.1,9.53,,,4664,25,,
92.5,268.86,93.47,267.55,7.67,48.34,8.3,49.76,4842,19.45,,,1155.2,9.52,,,4665,24.97,,
92.51,268.83,93.48,267.52,7.68,48.34,8.3,49.76,4844,19.41,,,1155.9,9.47,,,4666,24.95,,
92.52,268.79,93.49,267.49,7.68,48.34,8.3,49.76,4847,19.34,,,1156,9.46,,,4667,24.92,,
92.53,268.76,93.5,267.46,7.68,48.34,8.31,49.76,4848,19.32,,,1156.3,9.44,,,4668,24.89,,
92.54,268.73,93.51,267.43,7.68,48.35,8.31,49.77,4850,19.28,,,1156.4,9.44,,,4670,24.84,,
92.55,268.69,93.52,267.4,7.68,48.35,8.31,49.77,4851,19.26,,,1157,9.39,,,4671,24.81,,
92.56,268.66,93.53,267.37,7.68,48.35,8.31,49.77,4852,19.24,,,1157.2,9.38,,,4672,24.79,,
92.57,268.62,93.54,267.34,7.68,48.35,8.31,49.77,4853,19.21,,,1157.4,9.37,,,4673,24.76,,
92.58,268.59,93.55,267.31,7.68,48.36,8.31,49.78,4854,19.19,,,1158.2,9.31,,,4674,24.73,,
92.59,268.56,93.56,267.28,7.68,48.36,8.31,49.78,4855,19.17,,,1158.6,9.29,,,4677,24.65,,
92.6,268.52,93.57,267.25,7.68,48.36,8.31,49.78,4856,19.15,,,1158.7,9.28,,,4678,24.62,,
92.61,268.49,93.58,267.22,7.69,48.36,8.31,49.78,4858,19.11,,,1158.9,9.27,,,4679,24.6,,
92.62,268.46,93.59,267.19,7.69,48.36,8.31,49.79,4860,19.07,,,1159.4,9.23,,,4680,24.57,,
92.63,268.42,93.6,267.16,7.69,48.37,8.32,49.79,4862,19.02,,,1159.7,9.21,,,4681,24.54,,
92.64,268.39,93.61,267.14,7.69,48.37,8.32,49.79,4864,18.98,,,1160,9.19,,,4682,24.52,,
92.65,268.35,93.62,267.11,7.69,48.37,8.32,49.79,4867,18.92,,,1161.1,9.12,,,4683,24.49,,
92.66,268.32,93.63,267.08,7.69,48.37,8.32,49.79,4868,18.9,,,1161.5,9.1,,,4684,24.46,,
92.67,268.29,93.64,267.05,7.69,48.38,8.32,49.8,4870,18.86,,,1161.8,9.08,,,4685,24.44,,
92.68,268.25,93.65,267.02,7.69,48.38,8.32,49.8,4871,18.84,,,1161.9,9.07,,,4686,24.41,,
92.69,268.22,93.66,266.99,7.69,48.38,8.32,49.8,4872,18.82,,,1162,9.06,,,4688,24.36,,
92.7,268.18,93.67,266.96,7.7,48.38,8.32,49.8,4874,18.77,,,1162.5,9.03,,,4689,24.33,,
92.71,268.15,93.68,266.93,7.7,48.38,8.32,49.81,4875,18.75,,,1162.7,9.02,,,4690,24.31,,
92.72,268.12,93.69,266.9,7.7,48.39,8.32,49.81,4877,18.71,,,1162.8,9.01,,,4692,24.25,,
92.73,268.08,93.7,266.87,7.7,48.39,8.33,49.81,4878,18.69,,,1163.6,8.96,,,4693,24.23,,
92.74,268.05,93.71,266.84,7.7,48.39,8.33,49.81,4879,18.67,,,1163.7,8.96,,,4694,24.2,,
92.75,268.01,93.72,266.81,7.7,48.39,8.33,49.81,4881,18.63,,,1164.1,8.93,,,4696,24.15,,
92.76,267.98,93.73,266.78,7.7,48.4,8.33,49.82,4884,18.57,,,1164.2,8.93,,,4697,24.12,,
92.77,267.95,93.74,266.75,7.7,48.4,8.33,49.82,4885,18.55,,,1164.3,8.92,,,4698,24.1,,
92.78,267.91,93.75,266.72,7.7,48.4,8.33,49.82,4890,18.45,,,1164.6,8.9,,,4699,24.07,,
92.79,267.88,93.76,266.69,7.7,48.4,8.33,49.82,4891,18.43,,,1165.1,8.87,,,4700,24.04,,
92.8,267.85,93.77,266.66,7.71,48.41,8.33,49.83,4892,18.41,,,1165.6,8.84,,,4703,23.97,,
92.81,267.81,93.78,266.63,7.71,48.41,8.33,49.83,4897,18.31,,,1165.7,8.83,,,4704,23.94,,
92.82,267.78,93.79,266.6,7.71,48.41,8.34,49.83,4898,18.29,,,1166.1,8.81,,,4705,23.91,,
92.83,267.74,93.8,266.57,7.71,48.41,8.34,49.83,4899,18.27,,,1166.3,8.8,,,4706,23.89,,
92.84,267.71,93.81,266.54,7.71,48.41,8.34,49.83,4901,18.23,,,1166.5,8.79,,,4707,23.86,,
92.85,267.68,93.82,266.51,7.71,48.42,8.34,49.84,4903,18.19,,,1166.7,8.77,,,4708,23.84,,
92.86,267.64,93.83,266.48,7.71,48.42,8.34,49.84,4905,18.15,,,1166.8,8.77,,,4709,23.81,,
92.87,267.61,93.84,266.45,7.71,48.42,8.34,49.84,4906,18.13,,,1168.3,8.68,,,4710,23.79,,
92.88,267.58,93.85,266.42,7.71,48.42,8.34,49.84,4908,18.09,,,1168.4,8.67,,,4712,23.73,,
92.89,267.54,93.86,266.39,7.71,48.43,8.34,49.85,4909,18.07,,,1168.6,8.66,,,4713,23.71,,
92.9,267.51,93.87,266.37,7.71,48.43,8.34,49.85,4910,18.05,,,1168.8,8.65,,,4714,23.68,,
92.91,267.48,93.88,266.34,7.72,48.43,8.34,49.85,4911,18.03,,,1169.5,8.61,,,4715,23.66,,
92.92,267.44,93.89,266.31,7.72,48.43,8.35,49.85,4913,17.99,,,1170,8.58,,,4716,23.63,,
92.93,267.41,93.9,266.28,7.72,48.43,8.35,49.86,4915,17.95,,,1170.7,8.54,,,4718,23.58,,
92.94,267.37,93.91,266.25,7.72,48.44,8.35,49.86,4916,17.93,,,1170.8,8.54,,,4719,23.55,,
92.95,267.34,93.92,266.22,7.72,48.44,8.35,49.86,4917,17.91,,,1171.2,8.51,,,4720,23.53,,
92.96,267.31,93.93,266.19,7.72,48.44,8.35,49.86,4918,17.89,,,1171.3,8.51,,,4721,23.5,,
92.97,267.27,93.94,266.16,7.72,48.44,8.35,49.86,4922,17.82,,,1171.4,8.5,,,4722,23.48,,
92.98,267.24,93.95,266.13,7.72,48.45,8.35,49.87,4923,17.8,,,1171.8,8.48,,,4724,23.43,,
92.99,267.21,93.96,266.1,7.72,48.45,8.35,49.87,4926,17.74,,,1173,8.41,,,4726,23.38,,
93,267.17,93.97,266.07,7.72,48.45,8.35,49.87,4927,17.72,,,1173.1,8.41,,,4727,23.35,,
93.01,267.14,93.98,266.04,7.73,48.45,8.35,49.87,4930,17.66,,,1173.2,8.4,,,4728,23.33,,
93.02,267.11,93.99,266.01,7.73,48.45,8.36,49.88,4932,17.63,,,1173.5,8.39,,,4729,23.3,,
93.03,267.07,94,265.98,7.73,48.46,8.36,49.88,4935,17.57,,,1173.6,8.38,,,4731,23.25,,
93.04,267.04,94.01,265.95,7.73,48.46,8.36,49.88,4936,17.55,,,1173.8,8.37,,,4732,23.22,,
93.05,267,94.02,265.92,7.73,48.46,8.36,49.88,4937,17.53,,,1174,8.36,,,4733,23.2,,
93.06,266.97,94.03,265.89,7.73,48.46,8.36,49.88,4939,17.49,,,1174.1,8.35,,,4734,23.17,,
93.07,266.94,94.04,265.86,7.73,48.47,8.36,49.89,4941,17.46,,,1174.2,8.35,,,4735,23.15,,
93.08,266.9,94.05,265.84,7.73,48.47,8.36,49.89,4942,17.44,,,1174.3,8.34,,,4736,23.12,,
93.09,266.87,94.06,265.81,7.73,48.47,8.36,49.89,4946,17.36,,,1174.4,8.34,,,4737,23.1,,
93.1,266.84,94.07,265.78,7.74,48.47,8.36,49.89,4947,17.34,,,1174.5,8.33,,,4738,23.07,,
93.11,266.8,94.08,265.75,7.74,48.48,8.36,49.9,4948,17.33,,,1174.6,8.33,,,4739,23.05,,
93.12,266.77,94.09,265.72,7.74,48.48,8.37,49.9,4949,17.31,,,1174.7,8.32,,,4741,23,,
93.13,266.74,94.1,265.69,7.74,48.48,8.37,49.9,4950,17.29,,,1174.8,8.32,,,4742,22.97,,
93.14,266.7,94.11,265.66,7.74,48.48,8.37,49.9,4952,17.25,,,1174.9,8.31,,,4743,22.95,,
93.15,266.67,94.12,265.63,7.74,48.48,8.37,49.91,4953,17.23,,,1175,8.3,,,4744,22.93,,
93.16,266.64,94.13,265.6,7.74,48.49,8.37,49.91,4956,17.18,,,1175.1,8.3,,,4745,22.9,,
93.17,266.6,94.14,265.57,7.74,48.49,8.37,49.91,4957,17.16,,,1175.2,8.29,,,4747,22.85,,
93.18,266.57,94.15,265.54,7.74,48.49,8.37,49.91,4958,17.14,,,1175.3,8.29,,,4748,22.83,,
93.19,266.54,94.16,265.51,7.74,48.49,8.37,49.91,4959,17.12,,,1175.4,8.28,,,4749,22.8,,
93.2,266.5,94.17,265.48,7.75,48.5,8.37,49.92,4963,17.05,,,1175.5,8.28,,,4750,22.78,,
93.21,266.47,94.18,265.45,7.75,48.5,8.37,49.92,4964,17.03,,,1175.6,8.27,,,4751,22.75,,
93.22,266.44,94.19,265.42,7.75,48.5,8.38,49.92,4965,17.02,,,1175.7,8.27,,,4752,22.73,,
93.23,266.4,94.2,265.4,7.75,48.5,8.38,49.92,4969,16.94,,,1175.8,8.26,,,4753,22.7,,
93.24,266.37,94.21,265.37,7.75,48.5,8.38,49.93,4972,16.89,,,1175.9,8.26,,,4755,22.65,,
93.25,266.34,94.22,265.34,7.75,48.51,8.38,49.93,4974,16.85,,,1176,8.25,,,4757,22.61,,
93.26,266.3,94.23,265.31,7.75,48.51,8.38,49.93,4975,16.84,,,1176.1,8.25,,,4758,22.58,,
93.27,266.27,94.24,265.28,7.75,48.51,8.38,49.93,4977,16.8,,,1176.2,8.24,,,4760,22.53,,
93.28,266.23,94.25,265.25,7.75,48.51,8.38,49.93,4978,16.78,,,1176.3,8.24,,,4761,22.51,,
93.29,266.2,94.26,265.22,7.75,48.52,8.38,49.94,4981,16.73,,,1176.4,8.23,,,4763,22.46,,
93.3,266.17,94.27,265.19,7.75,48.52,8.38,49.94,4983,16.7,,,1176.5,8.22,,,4764,22.44,,
93.31,266.13,94.28,265.16,7.76,48.52,8.38,49.94,4984,16.68,,,1176.6,8.22,,,4765,22.41,,
93.32,266.1,94.29,265.13,7.76,48.52,8.38,49.94,4985,16.66,,,1176.7,8.21,,,4767,22.36,,
93.33,266.07,94.3,265.1,7.76,48.52,8.39,49.95,4986,16.64,,,1176.8,8.21,,,4768,22.34,,
93.34,266.03,94.31,265.07,7.76,48.53,8.39,49.95,4989,16.59,,,1176.9,8.2,,,4769,22.31,,
93.35,266,94.32,265.04,7.76,48.53,8.39,49.95,4991,16.56,,,1177,8.2,,,4770,22.29,,
93.36,265.97,94.33,265.01,7.76,48.53,8.39,49.95,4992,16.54,,,1177.1,8.19,,,4771,22.27,,
93.37,265.93,94.34,264.99,7.76,48.53,8.39,49.95,4993,16.52,,,1177.2,8.19,,,4772,22.24,,
93.38,265.9,94.35,264.96,7.76,48.54,8.39,49.96,4994,16.5,,,1177.3,8.18,,,4773,22.22,,
93.39,265.87,94.36,264.93,7.76,48.54,8.39,49.96,4995,16.49,,,1177.4,8.18,,,4774,22.19,,
93.4,265.83,94.37,264.9,7.76,48.54,8.39,49.96,4996,16.47,,,1177.5,8.17,,,4775,22.17,,
93.41,265.8,94.38,264.87,7.77,48.54,8.39,49.96,5001,16.38,,,1177.6,8.17,,,4776,22.15,,
93.42,265.77,94.39,264.84,7.77,48.55,8.39,49.97,5005,16.32,,,1177.7,8.16,,,4778,22.1,,
93.43,265.74,94.4,264.81,7.77,48.55,8.4,49.97,5006,16.3,,,1177.8,8.16,,,4779,22.08,,
93.44,265.7,94.41,264.78,7.77,48.55,8.4,49.97,5008,16.26,,,1177.9,8.15,,,4780,22.05,,
93.45,265.67,94.42,264.75,7.77,48.55,8.4,49.97,5011,16.21,,,1178,8.15,,,4781,22.03,,
93.46,265.64,94.43,264.72,7.77,48.55,8.4,49.98,5012,16.2,,,1178.1,8.14,,,4784,21.96,,
93.47,265.6,94.44,264.69,7.77,48.56,8.4,49.98,5013,16.18,,,1178.2,8.14,,,4785,21.93,,
93.48,265.57,94.45,264.66,7.77,48.56,8.4,49.98,5015,16.15,,,1178.3,8.13,,,4786,21.91,,
93.49,265.54,94.46,264.64,7.77,48.56,8.4,49.98,5017,16.11,,,1178.4,8.13,,,4787,21.89,,
93.5,265.5,94.47,264.61,7.78,48.56,8.4,49.98,5022,16.03,,,1178.5,8.12,,,4790,21.82,,
93.51,265.47,94.48,264.58,7.78,48.57,8.4,49.99,5025,15.98,,,1178.6,8.12,,,4791,21.79,,
93.52,265.44,94.49,264.55,7.78,48.57,8.4,49.99,5028,15.93,,,1178.7,8.11,,,4792,21.77,,
93.53,265.4,94.5,264.52,7.78,48.57,8.41,49.99,5030,15.9,,,1178.8,8.11,,,4795,21.7,,
93.54,265.37,94.51,264.49,7.78,48.57,8.41,49.99,5031,15.88,,,1178.9,8.1,,,4796,21.68,,
93.55,265.34,94.52,264.46,7.78,48.57,8.41,50,5033,15.85,,,1179,8.1,,,4797,21.65,,
93.56,265.3,94.53,264.43,7.78,48.58,8.41,50,5035,15.82,,,1179.1,8.09,,,4798,21.63,,
93.57,265.27,94.54,264.4,7.78,48.58,8.41,50,5037,15.78,,,1179.2,8.09,,,4799,21.61,,
93.58,265.24,94.55,264.37,7.78,48.58,8.41,50,5039,15.75,,,1179.3,8.08,,,4800,21.58,,
93.59,265.2,94.56,264.34,7.78,48.58,8.41,50,5041,15.72,,,1179.4,8.08,,,4802,21.54,,
93.6,265.17,94.57,264.32,7.79,48.59,8.41,50.01,5043,15.69,,,1179.5,8.07,,,4803,21.51,,
93.61,265.14,94.58,264.29,7.79,48.59,8.41,50.01,5046,15.64,,,1179.6,8.06,,,4804,21.49,,
93.62,265.1,94.59,264.26,7.79,48.59,8.41,50.01,5047,15.62,,,1179.7,8.06,,,4805,21.47,,
93.63,265.07,94.6,264.23,7.79,48.59,8.42,50.01,5049,15.59,,,1179.8,8.05,,,4806,21.44,,
93.64,265.04,94.61,264.2,7.79,48.6,8.42,50.02,5052,15.54,,,1179.9,8.05,,,4808,21.4,,
93.65,265.01,94.62,264.17,7.79,48.6,8.42,50.02,5054,15.51,,,1180,8.04,,,4810,21.35,,
93.66,264.97,94.63,264.14,7.79,48.6,8.42,50.02,5055,15.5,,,1180.1,8.04,,,4811,21.33,,
93.67,264.94,94.64,264.11,7.79,48.6,8.42,50.02,5059,15.43,,,1180.2,8.03,,,4812,21.31,,
93.68,264.91,94.65,264.08,7.79,48.6,8.42,50.03,5060,15.42,,,1180.3,8.03,,,4813,21.28,,
93.69,264.87,94.66,264.05,7.79,48.61,8.42,50.03,5063,15.37,,,1180.4,8.02,,,4814,21.26,,
93.7,264.84,94.67,264.03,7.79,48.61,8.42,50.03,5064,15.36,,,1180.5,8.02,,,4816,21.22,,
93.71,264.81,94.68,264,7.8,48.61,8.42,50.03,5070,15.26,,,1180.6,8.01,,,4818,21.17,,
93.72,264.77,94.69,263.97,7.8,48.61,8.43,50.03,5072,15.23,,,1180.7,8.01,,,4819,21.15,,
93.73,264.74,94.7,263.94,7.8,48.62,8.43,50.04,5073,15.22,,,1180.8,8,,,4820,21.12,,
93.74,264.71,94.71,263.91,7.8,48.62,8.43,50.04,5074,15.2,,,1180.9,8,,,4821,21.1,,
93.75,264.68,94.72,263.88,7.8,48.62,8.43,50.04,5077,15.16,,,1181,7.99,,,4822,21.08,,
93.76,264.64,94.73,263.85,7.8,48.62,8.43,50.04,5082,15.08,,,1181.1,7.99,,,4824,21.03,,
93.77,264.61,94.74,263.82,7.8,48.62,8.43,50.05,5085,15.03,,,1181.2,7.98,,,4825,21.01,,
93.78,264.58,94.75,263.79,7.8,48.63,8.43,50.05,5087,15,,,1181.3,7.98,,,4826,20.99,,
93.79,264.54,94.76,263.77,7.8,48.63,8.43,50.05,5088,14.99,,,1181.4,7.97,,,4827,20.97,,
93.8,264.51,94.77,263.74,7.8,48.63,8.43,50.05,5090,14.96,,,1181.5,7.97,,,4828,20.94,,
93.81,264.48,94.78,263.71,7.81,48.63,8.43,50.05,5092,14.93,,,1181.6,7.96,,,4829,20.92,,
93.82,264.44,94.79,263.68,7.81,48.64,8.44,50.06,5098,14.84,,,1181.7,7.96,,,4831,20.88,,
93.83,264.41,94.8,263.65,7.81,48.64,8.44,50.06,5099,14.82,,,1181.8,7.95,,,4832,20.86,,
93.84,264.38,94.81,263.62,7.81,48.64,8.44,50.06,5101,14.8,,,1181.9,7.95,,,4833,20.83,,
93.85,264.35,94.82,263.59,7.81,48.64,8.44,50.06,5102,14.78,,,1182,7.95,,,4835,20.79,,
93.86,264.31,94.83,263.56,7.81,48.64,8.44,50.07,5104,14.75,,,1182.1,7.94,,,4836,20.77,,
93.87,264.28,94.84,263.53,7.81,48.65,8.44,50.07,5105,14.74,,,1182.2,7.94,,,4838,20.72,,
93.88,264.25,94.85,263.51,7.81,48.65,8.44,50.07,5111,14.65,,,1182.3,7.93,,,4841,20.66,,
93.89,264.21,94.86,263.48,7.81,48.65,8.44,50.07,5114,14.61,,,1182.4,7.93,,,4843,20.61,,
93.9,264.18,94.87,263.45,7.82,48.65,8.44,50.08,5115,14.59,,,1182.5,7.92,,,4844,20.59,,
93.91,264.15,94.88,263.42,7.82,48.66,8.44,50.08,5116,14.58,,,1182.6,7.92,,,4845,20.57,,
93.92,264.12,94.89,263.39,7.82,48.66,8.45,50.08,5118,14.55,,,1182.7,7.91,,,4846,20.55,,
93.93,264.08,94.9,263.36,7.82,48.66,8.45,50.08,5124,14.46,,,1182.8,7.91,,,4847,20.53,,
93.94,264.05,94.91,263.33,7.82,48.66,8.45,50.08,5127,14.42,,,1182.9,7.9,,,4850,20.46,,
93.95,264.02,94.92,263.3,7.82,48.67,8.45,50.09,5129,14.39,,,1183,7.9,,,4851,20.44,,
93.96,263.98,94.93,263.27,7.82,48.67,8.45,50.09,5130,14.38,,,1183.1,7.89,,,4853,20.4,,
93.97,263.95,94.94,263.25,7.82,48.67,8.45,50.09,5131,14.36,,,1183.2,7.89,,,4856,20.33,,
93.98,263.92,94.95,263.22,7.82,48.67,8.45,50.09,5132,14.35,,,1183.3,7.88,,,4857,20.31,,
93.99,263.89,94.96,263.19,7.82,48.67,8.45,50.1,5136,14.29,,,1183.4,7.88,,,4858,20.29,,
94,263.85,94.97,263.16,7.83,48.68,8.45,50.1,5137,14.28,,,1183.5,7.87,,,4860,20.24,,
94.01,263.82,94.99,263.1,7.83,48.68,8.45,50.1,5138,14.27,,,1183.6,7.87,,,4861,20.22,,
94.02,263.79,95,263.07,7.83,48.68,8.46,50.1,5139,14.25,,,1183.7,7.86,,,4862,20.2,,
94.03,263.75,95.02,263.02,7.83,48.68,8.46,50.1,5143,14.2,,,1183.8,7.86,,,4864,20.16,,
94.04,263.72,95.04,262.96,7.83,48.69,8.46,50.11,5144,14.18,,,1184.1,7.84,,,4865,20.14,,
94.05,263.69,95.05,262.93,7.83,48.69,8.46,50.11,5145,14.17,,,1184.2,7.84,,,4867,20.09,,
94.06,263.66,95.06,262.9,7.83,48.69,8.46,50.11,5146,14.15,,,1184.4,7.83,,,4868,20.07,,
94.07,263.62,95.08,262.84,7.83,48.69,8.46,50.11,5148,14.13,,,1184.5,7.82,,,4869,20.05,,
94.08,263.59,95.1,262.79,7.83,48.69,8.46,50.12,5152,14.07,,,1184.6,7.82,,,4871,20.01,,
94.09,263.56,95.11,262.76,7.83,48.7,8.46,50.12,5157,14,,,1184.7,7.81,,,4872,19.99,,
94.1,263.53,95.12,262.73,7.83,48.7,8.46,50.12,5161,13.95,,,1184.8,7.81,,,4873,19.97,,
94.11,263.49,95.14,262.67,7.84,48.7,8.46,50.12,5162,13.94,,,1184.9,7.8,,,4874,19.95,,
94.12,263.46,95.15,262.64,7.84,48.7,8.46,50.12,5164,13.91,,,1185,7.8,,,4876,19.9,,
94.13,263.43,95.16,262.61,7.84,48.71,8.47,50.13,5166,13.88,,,1185.1,7.8,,,4878,19.86,,
94.14,263.39,95.17,262.58,7.84,48.71,8.47,50.13,5171,13.82,,,1185.2,7.79,,,4880,19.82,,
94.15,263.36,95.18,262.56,7.84,48.71,8.47,50.13,5172,13.8,,,1185.3,7.79,,,4883,19.76,,
94.16,263.33,95.19,262.53,7.84,48.71,8.47,50.13,5174,13.78,,,1185.4,7.78,,,4885,19.72,,
94.17,263.3,95.2,262.5,7.84,48.71,8.47,50.14,5178,13.72,,,1185.5,7.78,,,4886,19.7,,
94.18,263.26,95.22,262.44,7.84,48.72,8.47,50.14,5179,13.71,,,1185.6,7.77,,,4887,19.68,,
94.19,263.23,95.25,262.36,7.84,48.72,8.47,50.14,5180,13.7,,,1185.7,7.77,,,4890,19.61,,
94.2,263.2,95.26,262.33,7.84,48.72,8.47,50.14,5185,13.63,,,1185.8,7.76,,,4892,19.57,,
94.21,263.17,95.27,262.3,7.85,48.72,8.47,50.15,5187,13.61,,,1185.9,7.76,,,4893,19.55,,
94.22,263.13,95.29,262.24,7.85,48.73,8.47,50.15,5189,13.58,,,1186,7.75,,,4894,19.53,,
94.23,263.1,95.31,262.18,7.85,48.73,8.48,50.15,5191,13.55,,,1186.1,7.75,,,4895,19.51,,
94.24,263.07,95.32,262.16,7.85,48.73,8.48,50.15,5192,13.54,,,1186.2,7.74,,,4896,19.49,,
94.25,263.04,95.33,262.13,7.85,48.73,8.48,50.15,5199,13.45,,,1186.3,7.74,,,4898,19.45,,
94.26,263,95.35,262.07,7.85,48.74,8.48,50.16,5203,13.4,,,1186.5,7.73,,,4899,19.43,,
94.27,262.97,95.36,262.04,7.85,48.74,8.48,50.16,5204,13.39,,,1186.6,7.72,,,4901,19.39,,
94.28,262.94,95.38,261.98,7.85,48.74,8.48,50.16,5207,13.35,,,1186.7,7.72,,,4902,19.37,,
94.29,262.91,95.4,261.93,7.85,48.74,8.48,50.16,5209,13.32,,,1186.8,7.72,,,4904,19.33,,
94.3,262.87,95.42,261.87,7.86,48.74,8.48,50.17,5210,13.31,,,1186.9,7.71,,,4906,19.29,,
94.31,262.84,95.44,261.81,7.86,48.75,8.48,50.17,5214,13.26,,,1187,7.71,,,4908,19.25,,
94.32,262.81,95.45,261.79,7.86,48.75,8.48,50.17,5215,13.25,,,1187.1,7.7,,,4909,19.23,,
94.33,262.77,95.47,261.73,7.86,48.75,8.49,50.17,5219,13.2,,,1187.2,7.7,,,4910,19.21,,
94.34,262.74,95.48,261.7,7.86,48.75,8.49,50.17,5222,13.16,,,1187.3,7.69,,,4913,19.15,,
94.35,262.71,95.49,261.67,7.86,48.76,8.49,50.18,5226,13.11,,,1187.4,7.69,,,4914,19.13,,
94.36,262.68,95.51,261.61,7.86,48.76,8.49,50.18,5227,13.1,,,1187.5,7.68,,,4916,19.09,,
94.37,262.64,95.52,261.59,7.86,48.76,8.49,50.18,5236,12.99,,,1187.6,7.68,,,4917,19.07,,
94.38,262.61,95.53,261.56,7.86,48.76,8.49,50.18,5237,12.98,,,1187.7,7.67,,,4918,19.05,,
94.39,262.58,95.55,261.5,7.86,48.76,8.49,50.19,5240,12.94,,,1187.8,7.67,,,4920,19.01,,
94.4,262.55,95.56,261.47,7.87,48.77,8.49,50.19,5241,12.93,,,1187.9,7.66,,,4921,18.99,,
94.41,262.51,95.57,261.44,7.87,48.77,8.49,50.19,5243,12.91,,,1188,7.66,,,4924,18.93,,
94.42,262.48,95.59,261.39,7.87,48.77,8.49,50.19,5245,12.88,,,1188.1,7.66,,,4928,18.85,,
94.43,262.45,95.62,261.3,7.87,48.77,8.5,50.2,5249,12.84,,,1188.2,7.65,,,4929,18.83,,
94.44,262.42,95.64,261.25,7.87,48.78,8.5,50.2,5251,12.81,,,1188.3,7.65,,,4930,18.81,,
94.45,262.38,95.65,261.22,7.87,48.78,8.5,50.2,5254,12.78,,,1188.4,7.64,,,4931,18.79,,
94.46,262.35,95.68,261.13,7.87,48.78,8.5,50.2,5256,12.75,,,1188.5,7.64,,,4932,18.77,,
94.47,262.32,95.7,261.08,7.87,48.78,8.5,50.2,5257,12.74,,,1188.6,7.63,,,4933,18.75,,
94.48,262.29,95.72,261.02,7.87,48.78,8.5,50.21,5258,12.73,,,1188.7,7.63,,,4936,18.69,,
94.49,262.26,95.74,260.96,7.87,48.79,8.5,50.21,5260,12.71,,,1188.8,7.62,,,4937,18.68,,
94.5,262.22,95.76,260.91,7.88,48.79,8.5,50.21,5265,12.65,,,1188.9,7.62,,,4939,18.64,,
94.51,262.19,95.78,260.85,7.88,48.79,8.5,50.21,5268,12.61,,,1189,7.61,,,4941,18.6,,
94.52,262.16,95.8,260.79,7.88,48.79,8.51,50.22,5270,12.59,,,1189.1,7.61,,,4943,18.56,,
94.53,262.13,95.81,260.76,7.88,48.8,8.51,50.22,5271,12.58,,,1189.2,7.61,,,4944,18.54,,
94.54,262.09,95.83,260.71,7.88,48.8,8.51,50.22,5272,12.57,,,1189.4,7.6,,,4946,18.5,,
94.55,262.06,95.85,260.65,7.88,48.8,8.51,50.22,5275,12.53,,,1189.5,7.59,,,4947,18.48,,
94.56,262.03,95.87,260.59,7.88,48.8,8.51,50.22,5277,12.51,,,1189.6,7.59,,,4948,18.46,,
94.57,262,95.9,260.51,7.88,48.81,8.51,50.23,5278,12.5,,,1189.7,7.58,,,4950,18.43,,
94.58,261.96,95.91,260.48,7.88,48.81,8.51,50.23,5282,12.45,,,1189.8,7.58,,,4951,18.41,,
94.59,261.93,95.93,260.43,7.88,48.81,8.51,50.23,5290,12.36,,,1189.9,7.57,,,4952,18.39,,
94.6,261.9,95.95,260.37,7.88,48.81,8.51,50.23,5291,12.35,,,1190,7.57,,,4956,18.31,,
94.61,261.87,95.97,260.31,7.89,48.81,8.51,50.24,5292,12.34,,,1190.1,7.57,,,4957,18.29,,
94.62,261.83,95.99,260.26,7.89,48.82,8.52,50.24,5296,12.3,,,1190.2,7.56,,,4959,18.26,,
94.63,261.8,96,260.23,7.89,48.82,8.52,50.24,5305,12.2,,,1190.5,7.55,,,4961,18.22,,
94.64,261.77,96.02,260.17,7.89,48.82,8.52,50.24,5308,12.16,,,1190.6,7.54,,,4965,18.14,,
94.65,261.74,96.03,260.14,7.89,48.82,8.52,50.24,5310,12.14,,,1190.7,7.54,,,4968,18.09,,
94.66,261.71,96.04,260.12,7.89,48.83,8.52,50.25,5312,12.12,,,1190.8,7.53,,,4969,18.07,,
94.67,261.67,96.05,260.09,7.89,48.83,8.52,50.25,5314,12.1,,,1190.9,7.53,,,4974,17.98,,
94.68,261.64,96.07,260.03,7.89,48.83,8.52,50.25,5315,12.09,,,1191,7.53,,,4976,17.94,,
94.69,261.61,96.08,260,7.89,48.83,8.52,50.25,5316,12.08,,,1191.1,7.52,,,4978,17.9,,
94.7,261.58,96.1,259.95,7.89,48.83,8.52,50.26,5324,11.99,,,1191.2,7.52,,,4981,17.85,,
94.71,261.54,96.12,259.89,7.9,48.84,8.52,50.26,5327,11.96,,,1191.3,7.51,,,4983,17.81,,
94.72,261.51,96.13,259.86,7.9,48.84,8.53,50.26,5330,11.93,,,1191.4,7.51,,,4984,17.8,,
94.73,261.48,96.15,259.81,7.9,48.84,8.53,50.26,5331,11.92,,,1191.5,7.5,,,4985,17.78,,
94.74,261.45,96.16,259.78,7.9,48.84,8.53,50.27,5332,11.91,,,1191.7,7.49,,,4987,17.74,,
94.75,261.42,96.17,259.75,7.9,48.85,8.53,50.27,5333,11.9,,,1191.8,7.49,,,4988,17.72,,
94.76,261.38,96.18,259.72,7.9,48.85,8.53,50.27,5334,11.89,,,1191.9,7.49,,,4992,17.65,,
94.77,261.35,96.19,259.7,7.9,48.85,8.53,50.27,5340,11.82,,,1192,7.48,,,4993,17.63,,
94.78,261.32,96.2,259.67,7.9,48.85,8.53,50.27,5342,11.8,,,1192.1,7.48,,,4998,17.54,,
94.79,261.29,96.21,259.64,7.9,48.86,8.53,50.28,5347,11.75,,,1192.2,7.47,,,5001,17.49,,
94.8,261.25,96.22,259.61,7.91,48.86,8.53,50.28,5351,11.71,,,1192.3,7.47,,,5003,17.46,,
94.81,261.22,96.23,259.58,7.91,48.86,8.53,50.28,5352,11.7,,,1192.4,7.46,,,5004,17.44,,
94.82,261.19,96.24,259.56,7.91,48.86,8.54,50.28,5353,11.69,,,1192.5,7.46,,,5009,17.35,,
94.83,261.16,96.25,259.53,7.91,48.86,8.54,50.29,5355,11.67,,,1192.6,7.45,,,5010,17.33,,
94.84,261.13,96.26,259.5,7.91,48.87,8.54,50.29,5361,11.61,,,1192.7,7.45,,,5011,17.32,,
94.85,261.09,96.27,259.47,7.91,48.87,8.54,50.29,5366,11.56,,,1192.8,7.45,,,5012,17.3,,
94.86,261.06,96.28,259.44,7.91,48.87,8.54,50.29,5369,11.53,,,1192.9,7.44,,,5013,17.28,,
94.87,261.03,96.29,259.42,7.91,48.87,8.54,50.29,5372,11.5,,,1193,7.44,,,5016,17.23,,
94.88,261,96.3,259.39,7.91,48.88,8.54,50.3,5373,11.49,,,1193.1,7.43,,,5017,17.21,,
94.89,260.96,96.32,259.33,7.91,48.88,8.54,50.3,5375,11.47,,,1193.2,7.43,,,5019,17.18,,
94.9,260.93,96.33,259.3,7.92,48.88,8.54,50.3,5378,11.44,,,1193.3,7.42,,,5021,17.14,,
94.91,260.9,96.34,259.28,7.92,48.88,8.54,50.3,5381,11.41,,,1193.4,7.42,,,5022,17.12,,
94.92,260.87,96.35,259.25,7.92,48.88,8.54,50.31,5382,11.4,,,1193.5,7.42,,,5023,17.11,,
94.93,260.84,96.36,259.22,7.92,48.89,8.55,50.31,5390,11.32,,,1193.6,7.41,,,5028,17.02,,
94.94,260.8,96.37,259.19,7.92,48.89,8.55,50.31,5391,11.31,,,1193.8,7.4,,,5030,16.99,,
94.95,260.77,96.38,259.16,7.92,48.89,8.55,50.31,5392,11.3,,,1193.9,7.4,,,5031,16.97,,
94.96,260.74,96.39,259.14,7.92,48.89,8.55,50.32,5394,11.28,,,1194,7.39,,,5034,16.92,,
94.97,260.71,96.4,259.11,7.92,48.9,8.55,50.32,5395,11.27,,,1194.1,7.39,,,5038,16.85,,
94.98,260.68,96.41,259.08,7.92,48.9,8.55,50.32,5396,11.26,,,1194.2,7.39,,,5041,16.8,,
94.99,260.64,96.42,259.05,7.92,48.9,8.55,50.32,5402,11.2,,,1194.3,7.38,,,5042,16.79,,
95,260.61,96.43,259.02,7.92,48.9,8.55,50.32,5411,11.12,,,1194.4,7.38,,,5045,16.74,,
95.01,260.58,96.44,259,7.93,48.9,8.55,50.33,5412,11.11,,,1194.5,7.37,,,5046,16.72,,
95.02,260.55,96.45,258.97,7.93,48.91,8.55,50.33,5415,11.08,,,1194.6,7.37,,,5047,16.7,,
95.03,260.52,96.46,258.94,7.93,48.91,8.56,50.33,5416,11.07,,,1194.7,7.36,,,5053,16.6,,
95.04,260.48,96.47,258.91,7.93,48.91,8.56,50.33,5417,11.06,,,1194.8,7.36,,,5055,16.57,,
95.05,260.45,96.48,258.89,7.93,48.91,8.56,50.34,5418,11.05,,,1194.9,7.36,,,5056,16.55,,
95.06,260.42,96.49,258.86,7.93,48.92,8.56,50.34,5419,11.04,,,1195,7.35,,,5057,16.54,,
95.07,260.39,96.5,258.83,7.93,48.92,8.56,50.34,5430,10.94,,,1195.1,7.35,,,5060,16.49,,
95.08,260.36,96.51,258.8,7.93,48.92,8.56,50.34,5434,10.9,,,1195.2,7.34,,,5063,16.44,,
95.09,260.32,96.52,258.77,7.93,48.92,8.56,50.34,5436,10.89,,,1195.5,7.33,,,5064,16.42,,
95.1,260.29,96.53,258.75,7.93,48.93,8.56,50.35,5437,10.88,,,1195.6,7.33,,,5065,16.41,,
95.11,260.26,96.54,258.72,7.94,48.93,8.56,50.35,5438,10.87,,,1195.7,7.32,,,5067,16.37,,
95.12,260.23,96.55,258.69,7.94,48.93,8.56,50.35,5439,10.86,,,1195.8,7.32,,,5068,16.36,,
95.13,260.2,96.56,258.66,7.94,48.93,8.57,50.35,5450,10.76,,,1195.9,7.31,,,5070,16.33,,
95.14,260.16,96.57,258.64,7.94,48.93,8.57,50.36,5453,10.73,,,1196,7.31,,,5071,16.31,,
95.15,260.13,96.59,258.58,7.94,48.94,8.57,50.36,5458,10.69,,,1196.1,7.31,,,5075,16.25,,
95.16,260.1,96.61,258.52,7.94,48.94,8.57,50.36,5459,10.68,,,1196.2,7.3,,,5077,16.21,,
95.17,260.07,96.64,258.44,7.94,48.94,8.57,50.36,5460,10.67,,,1196.3,7.3,,,5078,16.2,,
95.18,260.04,96.67,258.36,7.94,48.94,8.57,50.36,5462,10.65,,,1196.4,7.29,,,5079,16.18,,
95.19,260.01,96.68,258.33,7.94,48.95,8.57,50.37,5463,10.64,,,1196.5,7.29,,,5087,16.06,,
95.2,259.97,96.73,258.19,7.95,48.95,8.57,50.37,5465,10.63,,,1196.6,7.28,,,5088,16.04,,
95.21,259.94,96.79,258.03,7.95,48.95,8.57,50.37,5470,10.58,,,1196.7,7.28,,,5090,16.01,,
95.22,259.91,96.8,258,7.95,48.95,8.57,50.37,5475,10.54,,,1196.8,7.28,,,5091,15.99,,
95.23,259.88,96.85,257.86,7.95,48.95,8.58,50.38,5477,10.52,,,1196.9,7.27,,,5096,15.92,,
95.24,259.85,96.94,257.61,7.95,48.96,8.58,50.38,5479,10.5,,,1197,7.27,,,5099,15.87,,
95.25,259.81,96.95,257.58,7.95,48.96,8.58,50.38,5481,10.49,,,1197.1,7.26,,,5100,15.85,,
95.26,259.78,97.05,257.31,7.95,48.96,8.58,50.38,5485,10.45,,,1197.2,7.26,,,5101,15.84,,
95.27,259.75,97.1,257.17,7.95,48.96,8.58,50.39,5488,10.43,,,1197.3,7.26,,,5103,15.81,,
95.28,259.72,97.18,256.95,7.95,48.97,8.58,50.39,5491,10.4,,,1197.4,7.25,,,5110,15.7,,
95.29,259.69,97.22,256.84,7.95,48.97,8.58,50.39,5497,10.35,,,1197.5,7.25,,,5111,15.69,,
95.3,259.65,98.01,254.7,7.96,48.97,8.58,50.39,5501,10.32,,,1197.6,7.24,,,5112,15.67,,
95.31,259.62,98.02,254.67,7.96,48.97,8.58,50.39,5502,10.31,,,1197.7,7.24,,,5114,15.64,,
95.32,259.59,98.03,254.64,7.96,48.97,8.59,50.4,5504,10.29,,,1197.8,7.24,,,5115,15.63,,
95.33,259.56,98.04,254.62,7.96,48.98,8.59,50.4,5508,10.26,,,1197.9,7.23,,,5117,15.6,,
95.34,259.53,98.05,254.59,7.96,48.98,8.59,50.4,5513,10.22,,,1198,7.23,,,5119,15.57,,
95.35,259.5,98.06,254.56,7.96,48.98,8.59,50.4,5518,10.17,,,1198.1,7.22,,,5122,15.52,,
95.36,259.46,98.07,254.54,7.96,48.98,8.59,50.41,5520,10.16,,,1198.2,7.22,,,5125,15.48,,
95.37,259.43,98.08,254.51,7.96,48.99,8.59,50.41,5522,10.14,,,1198.3,7.22,,,5128,15.43,,
95.38,259.4,98.09,254.48,7.96,48.99,8.59,50.41,5523,10.13,,,1198.4,7.21,,,5131,15.39,,
95.39,259.37,98.1,254.46,7.96,48.99,8.59,50.41,5524,10.13,,,1198.5,7.21,,,5132,15.37,,
95.4,259.34,98.11,254.43,7.96,48.99,8.59,50.41,5526,10.11,,,1198.6,7.2,,,5134,15.34,,
95.41,259.31,98.12,254.4,7.97,49,8.59,50.42,5527,10.1,,,1198.7,7.2,,,5138,15.28,,
95.42,259.27,98.13,254.38,7.97,49,8.6,50.42,5538,10.01,,,1198.8,7.19,,,5140,15.25,,
95.43,259.24,98.14,254.35,7.97,49,8.6,50.42,5540,10,,,1198.9,7.19,,,5141,15.24,,
95.44,259.21,98.15,254.32,7.97,49,8.6,50.42,5544,9.97,,,1199,7.19,,,5142,15.23,,
95.45,259.18,98.16,254.3,7.97,49,8.6,50.43,5546,9.95,,,1199.1,7.18,,,5143,15.21,,
95.46,259.15,98.17,254.27,7.97,49.01,8.6,50.43,5547,9.94,,,1199.2,7.18,,,5145,15.18,,
95.47,259.12,98.18,254.24,7.97,49.01,8.6,50.43,5548,9.93,,,1199.3,7.17,,,5146,15.17,,
95.48,259.08,98.19,254.21,7.97,49.01,8.6,50.43,5551,9.91,,,1199.4,7.17,,,5150,15.11,,
95.49,259.05,98.2,254.19,7.97,49.01,8.6,50.44,5554,9.89,,,1199.5,7.17,,,5152,15.08,,
95.5,259.02,98.21,254.16,7.97,49.02,8.6,50.44,5562,9.82,,,1199.6,7.16,,,5153,15.07,,
95.51,258.99,98.22,254.13,7.98,49.02,8.6,50.44,5563,9.82,,,1199.7,7.16,,,5158,15,,
95.52,258.96,98.23,254.11,7.98,49.02,8.61,50.44,5564,9.81,,,1199.8,7.15,,,5160,14.97,,
95.53,258.93,98.24,254.08,7.98,49.02,8.61,50.44,5565,9.8,,,1200,7.15,,,5163,14.92,,
95.54,258.89,98.25,254.05,7.98,49.02,8.61,50.45,5566,9.79,,,1200.1,7.14,,,5165,14.9,,
95.55,258.86,98.26,254.03,7.98,49.03,8.61,50.45,5568,9.78,,,1200.2,7.14,,,5166,14.88,,
95.56,258.83,98.27,254,7.98,49.03,8.61,50.45,5575,9.72,,,1200.3,7.13,,,5168,14.85,,
95.57,258.8,98.28,253.97,7.98,49.03,8.61,50.45,5579,9.69,,,1200.4,7.13,,,5170,14.83,,
95.58,258.77,98.3,253.92,7.98,49.03,8.61,50.46,5582,9.67,,,1200.5,7.13,,,5173,14.78,,
95.59,258.74,98.31,253.89,7.98,49.04,8.61,50.46,5584,9.66,,,1200.6,7.12,,,5174,14.77,,
95.6,258.7,98.32,253.87,7.99,49.04,8.61,50.46,5585,9.65,,,1200.7,7.12,,,5175,14.76,,
95.61,258.67,98.34,253.81,7.99,49.04,8.61,50.46,5587,9.63,,,1201,7.11,,,5180,14.69,,
95.62,258.64,98.35,253.79,7.99,49.04,8.62,50.46,5589,9.62,,,1201.1,7.1,,,5181,14.67,,
95.63,258.61,98.37,253.73,7.99,49.05,8.62,50.47,5593,9.59,,,1201.2,7.1,,,5184,14.63,,
95.64,258.58,98.38,253.71,7.99,49.05,8.62,50.47,5595,9.57,,,1201.3,7.09,,,5188,14.58,,
95.65,258.55,98.4,253.65,7.99,49.05,8.62,50.47,5596,9.57,,,1201.4,7.09,,,5191,14.54,,
95.66,258.51,98.42,253.6,7.99,49.05,8.62,50.47,5601,9.53,,,1201.5,7.09,,,5193,14.51,,
95.67,258.48,98.44,253.55,7.99,49.05,8.62,50.48,5606,9.49,,,1201.6,7.08,,,5195,14.48,,
95.68,258.45,98.47,253.47,7.99,49.06,8.62,50.48,5608,9.48,,,1201.7,7.08,,,5196,14.47,,
95.69,258.42,98.51,253.36,7.99,49.06,8.62,50.48,5609,9.47,,,1201.8,7.07,,,5197,14.46,,
95.7,258.39,98.52,253.33,8,49.06,8.62,50.48,5610,9.46,,,1201.9,7.07,,,5203,14.38,,
95.71,258.36,98.55,253.25,8,49.06,8.62,50.48,5616,9.42,,,1202,7.07,,,5207,14.32,,
95.72,258.33,98.58,253.17,8,49.07,8.63,50.49,5618,9.41,,,1202.1,7.06,,,5208,14.31,,
95.73,258.29,98.59,253.15,8,49.07,8.63,50.49,5620,9.39,,,1202.2,7.06,,,5209,14.3,,
95.74,258.26,98.6,253.12,8,49.07,8.63,50.49,5627,9.34,,,1202.3,7.06,,,5211,14.27,,
95.75,258.23,98.61,253.09,8,49.07,8.63,50.49,5632,9.31,,,1202.4,7.05,,,5213,14.24,,
95.76,258.2,98.62,253.07,8,49.07,8.63,50.5,5639,9.26,,,1202.5,7.05,,,5215,14.22,,
95.77,258.17,98.63,253.04,8,49.08,8.63,50.5,5640,9.25,,,1202.6,7.04,,,5220,14.15,,
95.78,258.14,98.64,253.01,8,49.08,8.63,50.5,5641,9.24,,,1202.7,7.04,,,5223,14.11,,
95.79,258.11,98.65,252.99,8,49.08,8.63,50.5,5643,9.23,,,1202.8,7.04,,,5224,14.1,,
95.8,258.07,98.66,252.96,8.01,49.08,8.63,50.51,5644,9.22,,,1202.9,7.03,,,5225,14.09,,
95.81,258.04,98.67,252.93,8.01,49.09,8.63,50.51,5645,9.21,,,1203,7.03,,,5227,14.06,,
95.82,258.01,98.68,252.91,8.01,49.09,8.63,50.51,5646,9.21,,,1203.1,7.02,,,5228,14.05,,
95.83,257.98,98.69,252.88,8.01,49.09,8.64,50.51,5647,9.2,,,1203.2,7.02,,,5229,14.03,,
95.84,257.95,98.7,252.85,8.01,49.09,8.64,50.51,5649,9.19,,,1203.3,7.02,,,5233,13.98,,
95.85,257.92,98.71,252.83,8.01,49.09,8.64,50.52,5650,9.18,,,1203.4,7.01,,,5234,13.97,,
95.86,257.89,98.72,252.8,8.01,49.1,8.64,50.52,5658,9.13,,,1203.5,7.01,,,5235,13.96,,
95.87,257.85,98.73,252.78,8.01,49.1,8.64,50.52,5661,9.1,,,1203.6,7.01,,,5240,13.89,,
95.88,257.82,98.74,252.75,8.01,49.1,8.64,50.52,5666,9.07,,,1203.7,7,,,5241,13.88,,
95.89,257.79,98.75,252.72,8.01,49.1,8.64,50.53,5667,9.06,,,1203.8,7,,,5243,13.86,,
95.9,257.76,98.76,252.7,8.02,49.11,8.64,50.53,5668,9.06,,,1203.9,6.99,,,5246,13.82,,
95.91,257.73,98.77,252.67,8.02,49.11,8.64,50.53,5669,9.05,,,1204,6.99,,,5248,13.79,,
95.92,257.7,98.78,252.64,8.02,49.11,8.64,50.53,5672,9.03,,,1204.1,6.99,,,5250,13.77,,
95.93,257.67,98.79,252.62,8.02,49.11,8.65,50.53,5677,9,,,1204.2,6.98,,,5251,13.76,,
95.94,257.63,98.8,252.59,8.02,49.12,8.65,50.54,5682,8.96,,,1204.3,6.98,,,5252,13.74,,
95.95,257.6,98.81,252.56,8.02,49.12,8.65,50.54,5687,8.93,,,1204.4,6.97,,,5255,13.71,,
95.96,257.57,98.82,252.54,8.02,49.12,8.65,50.54,5689,8.92,,,1204.5,6.97,,,5256,13.69,,
95.97,257.54,98.83,252.51,8.02,49.12,8.65,50.54,5691,8.9,,,1204.6,6.97,,,5258,13.67,,
95.98,257.51,98.84,252.48,8.02,49.12,8.65,50.55,5694,8.88,,,1204.7,6.96,,,5260,13.64,,
95.99,257.48,98.85,252.46,8.02,49.13,8.65,50.55,5701,8.84,,,1204.8,6.96,,,5262,13.62,,
96,257.45,98.86,252.43,8.03,49.13,8.65,50.55,5702,8.83,,,1204.9,6.96,,,5270,13.52,,
96.01,257.42,98.87,252.4,8.03,49.13,8.65,50.55,5707,8.8,,,1205,6.95,,,5271,13.51,,
96.02,257.38,98.88,252.38,8.03,49.13,8.65,50.56,5709,8.79,,,1205.1,6.95,,,5274,13.47,,
96.03,257.35,98.89,252.35,8.03,49.14,8.66,50.56,5710,8.78,,,1205.2,6.94,,,5277,13.44,,
96.04,257.32,98.9,252.33,8.03,49.14,8.66,50.56,5712,8.77,,,1205.3,6.94,,,5278,13.42,,
96.05,257.29,98.91,252.3,8.03,49.14,8.66,50.56,5716,8.74,,,1205.4,6.94,,,5279,13.41,,
96.06,257.26,98.92,252.27,8.03,49.14,8.66,50.56,5727,8.67,,,1205.6,6.93,,,5280,13.4,,
96.07,257.23,98.93,252.25,8.03,49.14,8.66,50.57,5730,8.65,,,1205.7,6.93,,,5282,13.38,,
96.08,257.2,98.94,252.22,8.03,49.15,8.66,50.57,5731,8.65,,,1205.9,6.92,,,5285,13.34,,
96.09,257.17,98.95,252.19,8.03,49.15,8.66,50.57,5732,8.64,,,1206,6.91,,,5287,13.32,,
96.1,257.13,98.96,252.17,8.04,49.15,8.66,50.57,5733,8.63,,,1206.1,6.91,,,5295,13.22,,
96.11,257.1,98.97,252.14,8.04,49.15,8.66,50.58,5735,8.62,,,1206.2,6.91,,,5296,13.21,,
96.12,257.07,98.98,252.11,8.04,49.16,8.66,50.58,5736,8.62,,,1206.3,6.9,,,5297,13.2,,
96.13,257.04,98.99,252.09,8.04,49.16,8.67,50.58,5741,8.58,,,1206.4,6.9,,,5299,13.17,,
96.14,257.01,99,252.06,8.04,49.16,8.67,50.58,5753,8.51,,,1206.5,6.9,,,5303,13.13,,
96.15,256.98,99.01,252.04,8.04,49.16,8.67,50.58,5754,8.5,,,1206.6,6.89,,,5307,13.08,,
96.16,256.95,99.02,252.01,8.04,49.17,8.67,50.59,5755,8.5,,,1206.7,6.89,,,5308,13.07,,
96.17,256.92,99.03,251.98,8.04,49.17,8.67,50.59,5756,8.49,,,1206.8,6.88,,,5312,13.02,,
96.18,256.89,99.04,251.96,8.04,49.17,8.67,50.59,5757,8.49,,,1206.9,6.88,,,5313,13.01,,
96.19,256.85,99.05,251.93,8.04,49.17,8.67,50.59,5758,8.48,,,1207,6.88,,,5314,13,,
96.2,256.82,99.06,251.9,8.04,49.17,8.67,50.6,5759,8.47,,,1207.1,6.87,,,5316,12.98,,
96.21,256.79,99.07,251.88,8.05,49.18,8.67,50.6,5760,8.47,,,1207.2,6.87,,,5317,12.97,,
96.22,256.76,99.08,251.85,8.05,49.18,8.68,50.6,5761,8.46,,,1207.3,6.87,,,5320,12.93,,
96.23,256.73,99.09,251.82,8.05,49.18,8.68,50.6,5762,8.46,,,1207.4,6.86,,,5322,12.91,,
96.24,256.7,99.1,251.8,8.05,49.18,8.68,50.61,5763,8.45,,,1207.5,6.86,,,5327,12.85,,
96.25,256.67,99.11,251.77,8.05,49.19,8.68,50.61,5764,8.44,,,1207.6,6.85,,,5332,12.8,,
96.26,256.64,99.12,251.75,8.05,49.19,8.68,50.61,5765,8.44,,,1207.7,6.85,,,5333,12.79,,
96.27,256.61,99.13,251.72,8.05,49.19,8.68,50.61,5766,8.43,,,1207.8,6.85,,,5336,12.75,,
96.28,256.57,99.14,251.69,8.05,49.19,8.68,50.61,5767,8.43,,,1207.9,6.84,,,5337,12.74,,
96.29,256.54,99.15,251.67,8.05,49.19,8.68,50.62,5768,8.42,,,1208,6.84,,,5338,12.73,,
96.3,256.51,99.16,251.64,8.05,49.2,8.68,50.62,5769,8.41,,,1208.1,6.84,,,5343,12.68,,
96.31,256.48,99.17,251.61,8.06,49.2,8.68,50.62,5770,8.41,,,1208.2,6.83,,,5351,12.59,,
96.32,256.45,99.18,251.59,8.06,49.2,8.69,50.62,5771,8.4,,,1208.3,6.83,,,5352,12.58,,
96.33,256.42,99.19,251.56,8.06,49.2,8.69,50.63,5772,8.4,,,1208.4,6.82,,,5353,12.57,,
96.34,256.39,99.2,251.54,8.06,49.21,8.69,50.63,5773,8.39,,,1208.5,6.82,,,5355,12.54,,
96.35,256.36,99.21,251.51,8.06,49.21,8.69,50.63,5774,8.38,,,1208.6,6.82,,,5357,12.52,,
96.36,256.33,99.22,251.48,8.06,49.21,8.69,50.63,5775,8.38,,,1208.7,6.81,,,5359,12.5,,
96.37,256.29,99.23,251.46,8.06,49.21,8.69,50.63,5776,8.37,,,1208.8,6.81,,,5360,12.49,,
96.38,256.26,99.24,251.43,8.06,49.21,8.69,50.64,5777,8.37,,,1208.9,6.81,,,5371,12.37,,
96.39,256.23,99.25,251.4,8.06,49.22,8.69,50.64,5778,8.36,,,1209,6.8,,,5372,12.36,,
96.4,256.2,99.26,251.38,8.06,49.22,8.69,50.64,5779,8.36,,,1209.1,6.8,,,5373,12.35,,
96.41,256.17,99.27,251.35,8.07,49.22,8.69,50.64,5780,8.35,,,1209.2,6.8,,,5378,12.3,,
96.42,256.14,99.28,251.33,8.07,49.22,8.7,50.65,5781,8.34,,,1209.3,6.79,,,5381,12.27,,
96.43,256.11,99.29,251.3,8.07,49.23,8.7,50.65,5782,8.34,,,1209.4,6.79,,,5382,12.26,,
96.44,256.08,99.3,251.27,8.07,49.23,8.7,50.65,5783,8.33,,,1209.5,6.78,,,5384,12.24,,
96.45,256.05,99.32,251.22,8.07,49.23,8.7,50.65,5784,8.33,,,1209.6,6.78,,,5389,12.18,,
96.46,256.02,99.34,251.17,8.07,49.23,8.7,50.65,5785,8.32,,,1209.7,6.78,,,5391,12.16,,
96.47,255.98,99.35,251.14,8.07,49.24,8.7,50.66,5786,8.31,,,1209.8,6.77,,,5398,12.09,,
96.48,255.95,99.37,251.09,8.07,49.24,8.7,50.66,5787,8.31,,,1209.9,6.77,,,5400,12.07,,
96.49,255.92,99.38,251.06,8.07,49.24,8.7,50.66,5788,8.3,,,1210,6.77,,,5403,12.04,,
96.5,255.89,99.4,251.01,8.07,49.24,8.7,50.66,5789,8.3,,,1210.1,6.76,,,5405,12.02,,
96.51,255.86,99.42,250.96,8.08,49.24,8.7,50.67,5790,8.29,,,1210.2,6.76,,,5408,11.99,,
96.52,255.83,99.45,250.88,8.08,49.25,8.71,50.67,5791,8.28,,,1210.3,6.76,,,5410,11.97,,
96.53,255.8,99.46,250.86,8.08,49.25,8.71,50.67,5792,8.28,,,1210.4,6.75,,,5411,11.96,,
96.54,255.77,99.48,250.8,8.08,49.25,8.71,50.67,5793,8.27,,,1210.5,6.75,,,5422,11.85,,
96.55,255.74,99.51,250.73,8.08,49.25,8.71,50.68,5794,8.27,,,1210.6,6.75,,,5424,11.83,,
96.56,255.71,99.57,250.57,8.08,49.26,8.71,50.68,5795,8.26,,,1210.7,6.74,,,5425,11.82,,
96.57,255.68,99.62,250.44,8.08,49.26,8.71,50.68,5796,8.26,,,1210.8,6.74,,,5427,11.8,,
96.58,255.65,99.64,250.39,8.08,49.26,8.71,50.68,5797,8.25,,,1210.9,6.73,,,5430,11.77,,
96.59,255.61,99.7,250.23,8.08,49.26,8.71,50.68,5798,8.24,,,1211,6.73,,,5432,11.75,,
96.6,255.58,99.72,250.18,8.09,49.26,8.71,50.69,5799,8.24,,,1211.1,6.73,,,5434,11.73,,
96.61,255.55,99.77,250.05,8.09,49.27,8.71,50.69,5800,8.23,,,1211.2,6.72,,,5436,11.71,,
96.62,255.52,99.81,249.95,8.09,49.27,8.71,50.69,5801,8.23,,,1211.3,6.72,,,5437,11.7,,
96.63,255.49,99.85,249.84,8.09,49.27,8.72,50.69,5802,8.22,,,1211.4,6.72,,,5445,11.62,,
96.64,255.46,99.92,249.66,8.09,49.27,8.72,50.7,5803,8.22,,,1211.5,6.71,,,5447,11.6,,
96.65,255.43,99.94,249.61,8.09,49.28,8.72,50.7,5804,8.21,,,1211.6,6.71,,,5448,11.6,,
96.66,255.4,99.98,249.51,8.09,49.28,8.72,50.7,5805,8.2,,,1211.7,6.71,,,5450,11.58,,
96.67,255.37,100.06,249.3,8.09,49.28,8.72,50.7,5806,8.2,,,1211.8,6.7,,,5452,11.56,,
96.68,255.34,100.14,249.09,8.09,49.28,8.72,50.7,5807,8.19,,,1211.9,6.7,,,5454,11.54,,
96.69,255.31,100.19,248.97,8.09,49.28,8.72,50.71,5808,8.19,,,1212,6.7,,,5458,11.5,,
96.7,255.28,100.46,248.27,8.1,49.29,8.72,50.71,5809,8.18,,,1212.1,6.69,,,5462,11.46,,
96.71,255.24,100.68,247.71,8.1,49.29,8.72,50.71,5810,8.18,,,1212.2,6.69,,,5464,11.44,,
96.72,255.21,100.85,247.28,8.1,49.29,8.72,50.71,5811,8.17,,,1212.4,6.68,,,5468,11.41,,
96.73,255.18,101.71,245.12,8.1,49.29,8.73,50.72,5812,8.16,,,1212.5,6.68,,,5470,11.39,,
96.74,255.15,101.87,244.72,8.1,49.3,8.73,50.72,5813,8.16,,,1212.6,6.67,,,5471,11.38,,
96.75,255.12,102.01,244.38,8.1,49.3,8.73,50.72,5814,8.15,,,1212.7,6.67,,,5474,11.35,,
96.76,255.09,102.15,244.03,8.1,49.3,8.73,50.72,5815,8.15,,,1212.8,6.67,,,5476,11.33,,
96.77,255.06,102.29,243.69,8.1,49.3,8.73,50.73,5816,8.14,,,1212.9,6.66,,,5477,11.32,,
96.78,255.03,102.42,243.37,8.1,49.31,8.73,50.73,5817,8.14,,,1213,6.66,,,5478,11.31,,
96.79,255,102.56,243.03,8.1,49.31,8.73,50.73,5818,8.13,,,1213.1,6.66,,,5486,11.24,,
96.8,254.97,102.7,242.68,8.11,49.31,8.73,50.73,5819,8.12,,,1213.2,6.65,,,5491,11.19,,
96.81,254.94,102.84,242.34,8.11,49.31,8.73,50.73,5820,8.12,,,1213.3,6.65,,,5492,11.19,,
96.82,254.91,102.98,242,8.11,49.31,8.73,50.74,5821,8.11,,,1213.4,6.65,,,5493,11.18,,
96.83,254.88,103.12,241.66,8.11,49.32,8.74,50.74,5822,8.11,,,1213.5,6.64,,,5496,11.15,,
96.84,254.85,103.26,241.33,8.11,49.32,8.74,50.74,5823,8.1,,,1213.6,6.64,,,5497,11.14,,
96.85,254.81,103.4,240.99,8.11,49.32,8.74,50.74,5824,8.1,,,1213.7,6.64,,,5498,11.13,,
96.86,254.78,103.54,240.65,8.11,49.32,8.74,50.75,5825,8.09,,,1213.8,6.63,,,5500,11.11,,
96.87,254.75,103.69,240.29,8.11,49.33,8.74,50.75,5826,8.08,,,1213.9,6.63,,,5502,11.1,,
96.88,254.72,103.83,239.96,8.11,49.33,8.74,50.75,5827,8.08,,,1214,6.63,,,5504,11.08,,
96.89,254.69,103.97,239.63,8.11,49.33,8.74,50.75,5828,8.07,,,1214.2,6.62,,,5512,11.01,,
96.9,254.66,104.12,239.27,8.12,49.33,8.74,50.75,5829,8.07,,,1214.3,6.62,,,5514,10.99,,
96.91,254.63,104.26,238.94,8.12,49.33,8.74,50.76,5830,8.06,,,1214.4,6.61,,,5515,10.98,,
96.92,254.6,104.41,238.58,8.12,49.34,8.74,50.76,5831,8.06,,,1214.6,6.61,,,5516,10.97,,
96.93,254.57,104.55,238.26,8.12,49.34,8.75,50.76,5832,8.05,,,1214.7,6.6,,,5517,10.96,,
96.94,254.54,104.7,237.9,8.12,49.34,8.75,50.76,5833,8.05,,,1214.8,6.6,,,5520,10.94,,
96.95,254.51,104.84,237.58,8.12,49.34,8.75,50.77,5834,8.04,,,1214.9,6.59,,,5529,10.86,,
96.96,254.48,104.99,237.23,8.12,49.35,8.75,50.77,5835,8.03,,,1215,6.59,,,5530,10.85,,
96.97,254.45,105.14,236.88,8.12,49.35,8.75,50.77,5836,8.03,,,1215.1,6.59,,,5531,10.84,,
96.98,254.42,105.29,236.53,8.12,49.35,8.75,50.77,5837,8.02,,,1215.3,6.58,,,5534,10.82,,
96.99,254.39,105.44,236.18,8.12,49.35,8.75,50.77,5838,8.02,,,1215.4,6.58,,,5536,10.8,,
97,254.36,105.59,235.84,8.13,49.36,8.75,50.78,5839,8.01,,,1215.5,6.57,,,5537,10.79,,
97.01,254.32,105.74,235.49,8.13,49.36,8.75,50.78,5840,8.01,,,1215.7,6.57,,,5538,10.78,,
97.02,254.29,105.89,235.15,8.13,49.36,8.76,50.78,5841,8,,,1216.1,6.55,,,5540,10.76,,
97.03,254.26,106.04,234.81,8.13,49.36,8.76,50.78,5842,8,,,1216.2,6.55,,,5542,10.75,,
97.04,254.23,106.19,234.46,8.13,49.36,8.76,50.79,5843,7.99,,,1216.3,6.55,,,5544,10.73,,
97.05,254.2,106.34,234.12,8.13,49.37,8.76,50.79,5844,7.99,,,1216.4,6.54,,,5548,10.7,,
97.06,254.17,106.5,233.76,8.13,49.37,8.76,50.79,5845,7.98,,,1216.5,6.54,,,5554,10.65,,
97.07,254.14,106.65,233.42,8.13,49.37,8.76,50.79,5846,7.97,,,1216.6,6.54,,,5556,10.63,,
97.08,254.11,106.8,233.09,8.13,49.37,8.76,50.8,5847,7.97,,,1216.8,6.53,,,5560,10.6,,
97.09,254.08,106.96,232.73,8.13,49.38,8.76,50.8,5848,7.96,,,1216.9,6.53,,,5562,10.58,,
97.1,254.05,107.11,232.39,8.13,49.38,8.76,50.8,5849,7.96,,,1217,6.52,,,5564,10.56,,
97.11,254.02,107.27,232.03,8.14,49.38,8.76,50.8,5850,7.95,,,1217.1,6.52,,,5566,10.55,,
97.12,253.99,107.43,231.68,8.14,49.38,8.77,50.8,5851,7.95,,,1217.2,6.52,,,5567,10.54,,
97.13,253.96,107.58,231.35,8.14,49.38,8.77,50.81,5852,7.94,,,1217.3,6.51,,,5578,10.45,,
97.14,253.93,107.74,230.99,8.14,49.39,8.77,50.81,5853,7.94,,,1217.4,6.51,,,5581,10.42,,
97.15,253.9,107.89,230.66,8.14,49.39,8.77,50.81,5854,7.93,,,1217.5,6.51,,,5583,10.41,,
97.16,253.87,108.05,230.31,8.14,49.39,8.77,50.81,5856,7.92,,,1217.6,6.5,,,5584,10.4,,
97.17,253.84,108.21,229.96,8.14,49.39,8.77,50.82,5857,7.91,,,1217.7,6.5,,,5585,10.39,,
97.18,253.81,108.31,229.74,8.14,49.4,8.77,50.82,5858,7.91,,,1217.8,6.5,,,5586,10.38,,
97.19,253.78,108.52,229.28,8.14,49.4,8.77,50.82,5859,7.9,,,1218,6.49,,,5588,10.37,,
97.2,253.75,108.71,228.87,8.14,49.4,8.77,50.82,5860,7.9,,,1218.1,6.49,,,5590,10.35,,
97.21,253.71,108.88,228.5,8.15,49.4,8.77,50.82,5861,7.89,,,1218.2,6.48,,,5591,10.34,,
97.22,253.68,109.05,228.14,8.15,49.4,8.78,50.83,5862,7.89,,,1218.3,6.48,,,5598,10.29,,
97.23,253.65,109.21,227.79,8.15,49.41,8.78,50.83,5863,7.88,,,1218.4,6.48,,,5601,10.26,,
97.24,253.62,109.37,227.45,8.15,49.41,8.78,50.83,5864,7.88,,,1218.5,6.47,,,5605,10.23,,
97.25,253.59,109.53,227.11,8.15,49.41,8.78,50.83,5865,7.87,,,1218.6,6.47,,,5608,10.21,,
97.26,253.56,109.69,226.77,8.15,49.41,8.78,50.84,5866,7.87,,,1218.7,6.47,,,5609,10.2,,
97.27,253.53,109.85,226.43,8.15,49.42,8.78,50.84,5867,7.86,,,1218.8,6.46,,,5610,10.19,,
97.28,253.5,110.02,226.07,8.15,49.42,8.78,50.84,5868,7.86,,,1218.9,6.46,,,5612,10.18,,
97.29,253.47,110.18,225.73,8.15,49.42,8.78,50.84,5869,7.85,,,1219,6.46,,,5615,10.16,,
97.3,253.44,110.35,225.37,8.15,49.42,8.78,50.85,5870,7.85,,,1219.1,6.45,,,5624,10.09,,
97.31,253.41,110.52,225.02,8.16,49.43,8.78,50.85,5871,7.84,,,1219.2,6.45,,,5629,10.05,,
97.32,253.38,110.69,224.66,8.16,49.43,8.79,50.85,5872,7.83,,,1219.3,6.45,,,5631,10.03,,
97.33,253.35,110.85,224.33,8.16,49.43,8.79,50.85,5873,7.83,,,1219.8,6.43,,,5632,10.03,,
97.34,253.32,111.02,223.97,8.16,49.43,8.79,50.85,5874,7.82,,,1219.9,6.43,,,5635,10,,
97.35,253.29,111.19,223.62,8.16,49.43,8.79,50.86,5875,7.82,,,1220,6.42,,,5636,10,,
97.36,253.26,111.36,223.27,8.16,49.44,8.79,50.86,5876,7.81,,,1220.1,6.42,,,5639,9.97,,
97.37,253.23,111.53,222.92,8.16,49.44,8.79,50.86,5877,7.81,,,1220.2,6.42,,,5644,9.93,,
97.38,253.2,111.71,222.55,8.16,49.44,8.79,50.86,5878,7.8,,,1220.4,6.41,,,5647,9.91,,
97.39,253.17,111.88,222.21,8.16,49.44,8.79,50.87,5879,7.8,,,1220.5,6.41,,,5653,9.87,,
97.4,253.14,112.05,221.86,8.16,49.45,8.79,50.87,5880,7.79,,,1220.6,6.4,,,5657,9.84,,
97.41,253.11,112.22,221.51,8.17,49.45,8.79,50.87,5881,7.79,,,1220.7,6.4,,,5661,9.81,,
97.42,253.08,112.4,221.15,8.17,49.45,8.79,50.87,5882,7.78,,,1220.8,6.4,,,5662,9.8,,
97.43,253.05,112.57,220.81,8.17,49.45,8.8,50.87,5883,7.78,,,1220.9,6.4,,,5663,9.79,,
97.44,253.02,112.75,220.44,8.17,49.45,8.8,50.88,5884,7.77,,,1221.1,6.39,,,5665,9.78,,
97.45,252.99,112.93,220.08,8.17,49.46,8.8,50.88,5885,7.77,,,1221.2,6.39,,,5670,9.74,,
97.46,252.96,113.11,219.72,8.17,49.46,8.8,50.88,5886,7.76,,,1221.3,6.38,,,5672,9.73,,
97.47,252.93,113.29,219.36,8.17,49.46,8.8,50.88,5887,7.76,,,1221.4,6.38,,,5676,9.7,,
97.48,252.9,113.46,219.03,8.17,49.46,8.8,50.89,5888,7.75,,,1221.5,6.38,,,5679,9.68,,
97.49,252.87,113.64,218.67,8.17,49.47,8.8,50.89,5889,7.75,,,1221.6,6.37,,,5686,9.63,,
97.5,252.84,113.82,218.31,8.18,49.47,8.8,50.89,5890,7.74,,,1221.7,6.37,,,5687,9.62,,
97.51,252.81,114.01,217.94,8.18,49.47,8.8,50.89,5892,7.73,,,1221.8,6.37,,,5688,9.62,,
97.52,252.78,114.2,217.57,8.18,49.47,8.8,50.9,5893,7.72,,,1221.9,6.36,,,5689,9.61,,
97.53,252.75,114.39,217.2,8.18,49.48,8.81,50.9,5894,7.72,,,1222,6.36,,,5693,9.58,,
97.54,252.71,114.57,216.85,8.18,49.48,8.81,50.9,5895,7.71,,,1222.2,6.35,,,5694,9.57,,
97.55,252.68,114.77,216.46,8.18,49.48,8.81,50.9,5896,7.71,,,1222.3,6.35,,,5699,9.54,,
97.56,252.65,114.95,216.11,8.18,49.48,8.81,50.9,5897,7.7,,,1222.4,6.35,,,5701,9.52,,
97.57,252.62,115.16,215.7,8.18,49.48,8.81,50.91,5898,7.7,,,1222.5,6.34,,,5712,9.45,,
97.58,252.59,115.37,215.3,8.18,49.49,8.81,50.91,5899,7.69,,,1222.6,6.34,,,5717,9.41,,
97.59,252.56,115.56,214.94,8.18,49.49,8.81,50.91,5900,7.69,,,1222.7,6.34,,,5719,9.4,,
97.6,252.53,115.77,214.54,8.19,49.49,8.81,50.91,5901,7.68,,,1222.8,6.33,,,5721,9.39,,
97.61,252.5,115.96,214.18,8.19,49.49,8.81,50.92,5902,7.68,,,1222.9,6.33,,,5722,9.38,,
97.62,252.47,116.16,213.8,8.19,49.5,8.81,50.92,5903,7.67,,,1223,6.33,,,5723,9.37,,
97.63,252.44,116.35,213.44,8.19,49.5,8.82,50.92,5904,7.67,,,1223.1,6.33,,,5725,9.36,,
97.64,252.41,116.55,213.06,8.19,49.5,8.82,50.92,5905,7.66,,,1223.2,6.32,,,5730,9.33,,
97.65,252.38,116.75,212.69,8.19,49.5,8.82,50.92,5906,7.66,,,1223.3,6.32,,,5736,9.29,,
97.66,252.35,116.94,212.33,8.19,49.5,8.82,50.93,5907,7.65,,,1223.4,6.32,,,5738,9.27,,
97.67,252.32,117.14,211.96,8.19,49.51,8.82,50.93,5908,7.65,,,1223.5,6.31,,,5741,9.25,,
97.68,252.29,117.34,211.59,8.19,49.51,8.82,50.93,5909,7.64,,,1223.6,6.31,,,5743,9.24,,
97.69,252.26,117.54,211.22,8.19,49.51,8.82,50.93,5910,7.64,,,1223.7,6.31,,,5746,9.22,,
97.7,252.23,117.74,210.85,8.2,49.51,8.82,50.94,5911,7.63,,,1223.8,6.3,,,5747,9.21,,
97.71,252.2,117.95,210.47,8.2,49.52,8.82,50.94,5912,7.63,,,1223.9,6.3,,,5751,9.19,,
97.72,252.17,118.15,210.1,8.2,49.52,8.82,50.94,5913,7.62,,,1224,6.3,,,5756,9.15,,
97.73,252.14,118.35,209.74,8.2,49.52,8.83,50.94,5914,7.62,,,1224.1,6.29,,,5759,9.13,,
97.74,252.11,118.55,209.37,8.2,49.52,8.83,50.94,5915,7.61,,,1224.3,6.29,,,5760,9.13,,
97.75,252.08,118.76,208.99,8.2,49.52,8.83,50.95,5916,7.61,,,1224.4,6.28,,,5761,9.12,,
97.76,252.05,118.96,208.63,8.2,49.53,8.83,50.95,5918,7.6,,,1224.5,6.28,,,5762,9.11,,
97.77,252.02,119.17,208.25,8.2,49.53,8.83,50.95,5919,7.59,,,1224.6,6.28,,,5764,9.1,,
97.78,251.99,119.38,207.88,8.2,49.53,8.83,50.95,5920,7.59,,,1224.7,6.27,,,5768,9.08,,
97.79,251.96,119.59,207.5,8.2,49.53,8.83,50.96,5921,7.58,,,1224.8,6.27,,,5772,9.05,,
97.8,251.93,119.8,207.13,8.21,49.54,8.83,50.96,5922,7.58,,,1224.9,6.27,,,5773,9.04,,
97.81,251.9,120.01,206.76,8.21,49.54,8.83,50.96,5923,7.57,,,1225,6.27,,,5781,8.99,,
97.82,251.87,120.23,206.37,8.21,49.54,8.84,50.96,5924,7.57,,,1225.1,6.26,,,5784,8.97,,
97.83,251.84,120.44,206,8.21,49.54,8.84,50.97,5925,7.56,,,1225.2,6.26,,,5786,8.96,,
97.84,251.81,120.65,205.63,8.21,49.55,8.84,50.97,5926,7.56,,,1225.3,6.26,,,5787,8.95,,
97.85,251.78,120.87,205.25,8.21,49.55,8.84,50.97,5927,7.55,,,1225.4,6.25,,,5790,8.94,,
97.86,251.75,121.08,204.88,8.21,49.55,8.84,50.97,5928,7.55,,,1225.5,6.25,,,5794,8.91,,
97.87,251.72,121.23,204.62,8.21,49.55,8.84,50.97,5929,7.54,,,1225.6,6.25,,,5797,8.89,,
97.88,251.69,121.52,204.12,8.21,49.55,8.84,50.98,5930,7.54,,,1225.8,6.24,,,5800,8.87,,
97.89,251.66,121.79,203.65,8.21,49.56,8.84,50.98,5931,7.53,,,1225.9,6.24,,,5802,8.86,,
97.9,251.63,122.03,203.24,8.21,49.56,8.84,50.98,5932,7.53,,,1226,6.23,,,5807,8.83,,
97.91,251.6,122.26,202.85,8.22,49.56,8.84,50.98,5933,7.52,,,1226.1,6.23,,,5809,8.82,,
97.92,251.57,122.49,202.46,8.22,49.56,8.85,50.99,5934,7.52,,,1226.2,6.23,,,5810,8.81,,
97.93,251.54,122.72,202.07,8.22,49.57,8.85,50.99,5935,7.51,,,1226.3,6.23,,,5812,8.8,,
97.94,251.51,122.95,201.68,8.22,49.57,8.85,50.99,5936,7.51,,,1226.4,6.22,,,5814,8.79,,
97.95,251.48,123.18,201.29,8.22,49.57,8.85,50.99,5937,7.5,,,1226.5,6.22,,,5826,8.72,,
97.96,251.45,123.41,200.91,8.22,49.57,8.85,50.99,5938,7.5,,,1226.6,6.22,,,5829,8.7,,
97.97,251.42,123.64,200.53,8.22,49.57,8.85,51,5939,7.49,,,1226.8,6.21,,,5830,8.69,,
97.98,251.39,123.87,200.14,8.22,49.58,8.85,51,5940,7.49,,,1226.9,6.21,,,5831,8.69,,
97.99,251.36,124.11,199.75,8.22,49.58,8.85,51,5941,7.48,,,1227,6.2,,,5832,8.68,,
98,251.33,124.34,199.37,8.22,49.58,8.85,51,5943,7.47,,,1227.1,6.2,,,5833,8.67,,
98.01,251.3,124.57,198.99,8.23,49.58,8.85,51.01,5944,7.47,,,1227.2,6.2,,,5834,8.67,,
98.02,251.27,124.81,198.59,8.23,49.59,8.86,51.01,5945,7.46,,,1227.3,6.19,,,5835,8.66,,
98.03,251.24,125.05,198.2,8.23,49.59,8.86,51.01,5946,7.46,,,1227.4,6.19,,,5840,8.63,,
98.04,251.21,125.29,197.81,8.23,49.59,8.86,51.01,5947,7.45,,,1227.5,6.19,,,5851,8.57,,
98.05,251.18,125.52,197.44,8.23,49.59,8.86,51.02,5948,7.45,,,1227.6,6.19,,,5853,8.56,,
98.06,251.15,125.81,196.97,8.23,49.6,8.86,51.02,5949,7.44,,,1227.7,6.18,,,5856,8.54,,
98.07,251.12,126.08,196.54,8.23,49.6,8.86,51.02,5950,7.44,,,1227.8,6.18,,,5858,8.53,,
98.08,251.09,126.34,196.12,8.23,49.6,8.86,51.02,5951,7.43,,,1227.9,6.18,,,5860,8.52,,
98.09,251.06,126.59,195.73,8.23,49.6,8.86,51.02,5952,7.43,,,1228,6.17,,,5861,8.51,,
98.1,251.04,126.84,195.33,8.23,49.6,8.86,51.03,5953,7.42,,,1228.1,6.17,,,5862,8.5,,
98.11,251.01,127.09,194.94,8.24,49.61,8.86,51.03,5954,7.42,,,1228.2,6.17,,,5863,8.5,,
98.12,250.98,127.34,194.54,8.24,49.61,8.87,51.03,5955,7.42,,,1228.3,6.16,,,5864,8.49,,
98.13,250.95,127.6,194.13,8.24,49.61,8.87,51.03,5956,7.41,,,1228.4,6.16,,,5865,8.49,,
98.14,250.92,127.88,193.7,8.24,49.61,8.87,51.04,5957,7.41,,,1228.6,6.16,,,5866,8.48,,
98.15,250.89,128.16,193.26,8.24,49.62,8.87,51.04,5958,7.4,,,1228.7,6.15,,,5867,8.47,,
98.16,250.86,128.42,192.86,8.24,49.62,8.87,51.04,5959,7.4,,,1228.8,6.15,,,5868,8.47,,
98.17,250.83,128.68,192.46,8.24,49.62,8.87,51.04,5960,7.39,,,1228.9,6.15,,,5869,8.46,,
98.18,250.8,128.93,192.08,8.24,49.62,8.87,51.04,5961,7.39,,,1229,6.14,,,5870,8.46,,
98.19,250.77,129.18,191.69,8.24,49.62,8.87,51.05,5963,7.38,,,1229.1,6.14,,,5871,8.45,,
98.2,250.74,129.44,191.3,8.24,49.63,8.87,51.05,5964,7.37,,,1229.2,6.14,,,5872,8.45,,
98.21,250.71,129.69,190.92,8.25,49.63,8.87,51.05,5965,7.37,,,1229.3,6.13,,,5873,8.44,,
98.22,250.68,129.94,190.54,8.25,49.63,8.88,51.05,5966,7.36,,,1229.4,6.13,,,5874,8.44,,
98.23,250.65,130.2,190.15,8.25,49.63,8.88,51.06,5967,7.36,,,1229.5,6.13,,,5875,8.43,,
98.24,250.62,130.45,189.78,8.25,49.64,8.88,51.06,5968,7.35,,,1229.6,6.13,,,5876,8.42,,
98.25,250.59,130.71,189.39,8.25,49.64,8.88,51.06,5969,7.35,,,1229.7,6.12,,,5877,8.42,,
98.26,250.56,130.96,189.02,8.25,49.64,8.88,51.06,5970,7.34,,,1229.8,6.12,,,5878,8.41,,
98.27,250.53,131.22,188.63,8.25,49.64,8.88,51.07,5971,7.34,,,1229.9,6.12,,,5879,8.41,,
98.28,250.5,131.48,188.25,8.25,49.64,8.88,51.07,5972,7.33,,,1230,6.11,,,5880,8.4,,
98.29,250.47,131.74,187.86,8.25,49.65,8.88,51.07,5973,7.33,,,1230.1,6.11,,,5881,8.4,,
98.3,250.44,131.99,187.5,8.26,49.65,8.88,51.07,5974,7.32,,,1230.2,6.11,,,5882,8.39,,
98.31,250.41,132.26,187.1,8.26,49.65,8.88,51.07,5975,7.32,,,1230.3,6.11,,,5883,8.38,,
98.32,250.38,132.52,186.73,8.26,49.65,8.88,51.08,5976,7.32,,,1230.4,6.1,,,5884,8.38,,
98.33,250.35,132.77,186.37,8.26,49.66,8.89,51.08,5977,7.31,,,1230.5,6.1,,,5885,8.37,,
98.34,250.32,133.04,185.98,8.26,49.66,8.89,51.08,5978,7.31,,,1230.6,6.1,,,5886,8.37,,
98.35,250.29,133.3,185.6,8.26,49.66,8.89,51.08,5979,7.3,,,1230.7,6.09,,,5887,8.36,,
98.36,250.26,133.57,185.22,8.26,49.66,8.89,51.09,5980,7.3,,,1230.8,6.09,,,5888,8.36,,
98.37,250.23,133.83,184.85,8.26,49.67,8.89,51.09,5981,7.29,,,1230.9,6.09,,,5889,8.35,,
98.38,250.2,134.1,184.46,8.26,49.67,8.89,51.09,5982,7.29,,,1231,6.08,,,5890,8.34,,
98.39,250.17,134.36,184.1,8.26,49.67,8.89,51.09,5983,7.28,,,1231.1,6.08,,,5891,8.34,,
98.4,250.14,134.64,183.7,8.27,49.67,8.89,51.09,5984,7.28,,,1231.2,6.08,,,5892,8.33,,
98.41,250.11,134.91,183.32,8.27,49.67,8.89,51.1,5985,7.27,,,1231.3,6.08,,,5893,8.33,,
98.42,250.08,135.17,182.96,8.27,49.68,8.89,51.1,5986,7.27,,,1231.4,6.07,,,5894,8.32,,
98.43,250.06,135.45,182.57,8.27,49.68,8.9,51.1,5987,7.26,,,1231.5,6.07,,,5895,8.32,,
98.44,250.03,135.73,182.18,8.27,49.68,8.9,51.1,5988,7.26,,,1231.6,6.07,,,5896,8.31,,
98.45,250,136,181.81,8.27,49.68,8.9,51.11,5989,7.25,,,1231.7,6.06,,,5897,8.31,,
98.46,249.97,136.28,181.42,8.27,49.69,8.9,51.11,5991,7.25,,,1231.8,6.06,,,5898,8.3,,
98.47,249.94,136.55,181.05,8.27,49.69,8.9,51.11,5992,7.24,,,1231.9,6.06,,,5899,8.3,,
98.48,249.91,136.83,180.67,8.27,49.69,8.9,51.11,5993,7.24,,,1232.1,6.05,,,5900,8.29,,
98.49,249.88,137.1,180.31,8.27,49.69,8.9,51.11,5994,7.23,,,1232.2,6.05,,,5901,8.28,,
98.5,249.85,137.38,179.93,8.28,49.69,8.9,51.12,5995,7.23,,,1232.3,6.05,,,5902,8.28,,
98.51,249.82,137.56,179.68,8.28,49.7,8.9,51.12,5996,7.22,,,1232.4,6.04,,,5903,8.27,,
98.52,249.79,137.93,179.19,8.28,49.7,8.9,51.12,5997,7.22,,,1232.5,6.04,,,5904,8.27,,
98.53,249.76,138.28,178.72,8.28,49.7,8.91,51.12,5998,7.21,,,1232.6,6.04,,,5905,8.26,,
98.54,249.73,138.58,178.32,8.28,49.7,8.91,51.13,5999,7.21,,,1232.7,6.04,,,5906,8.26,,
98.55,249.7,138.87,177.94,8.28,49.71,8.91,51.13,6000,7.2,,,1232.8,6.03,,,5907,8.25,,
98.56,249.67,139.15,177.57,8.28,49.71,8.91,51.13,6001,7.2,,,1232.9,6.03,,,5908,8.25,,
98.57,249.64,139.43,177.2,8.28,49.71,8.91,51.13,6002,7.19,,,1233,6.03,,,5909,8.24,,
98.58,249.61,139.72,176.82,8.28,49.71,8.91,51.14,6003,7.19,,,1233.2,6.02,,,5910,8.23,,
98.59,249.58,140,176.46,8.28,49.72,8.91,51.14,6004,7.19,,,1233.3,6.02,,,5911,8.23,,
98.6,249.55,140.29,176.08,8.29,49.72,8.91,51.14,6005,7.18,,,1233.4,6.02,,,5912,8.22,,
98.61,249.52,140.58,175.7,8.29,49.72,8.91,51.14,6006,7.18,,,1233.6,6.01,,,5913,8.22,,
98.62,249.49,140.87,175.33,8.29,49.72,8.91,51.14,6007,7.17,,,1233.7,6.01,,,5914,8.21,,
98.63,249.46,141.16,174.96,8.29,49.72,8.92,51.15,6008,7.17,,,1233.8,6,,,5915,8.21,,
98.64,249.44,141.45,174.59,8.29,49.73,8.92,51.15,6009,7.16,,,1233.9,6,,,5916,8.2,,
98.65,249.41,141.74,174.22,8.29,49.73,8.92,51.15,6010,7.16,,,1234,6,,,5917,8.2,,
98.66,249.38,142.04,173.84,8.29,49.73,8.92,51.15,6011,7.15,,,1234.1,6,,,5918,8.19,,
98.67,249.35,142.33,173.47,8.29,49.73,8.92,51.16,6012,7.15,,,1234.2,5.99,,,5919,8.19,,
98.68,249.32,142.62,173.11,8.29,49.74,8.92,51.16,6013,7.14,,,1234.3,5.99,,,5920,8.18,,
98.69,249.29,142.92,172.73,8.29,49.74,8.92,51.16,6014,7.14,,,1234.4,5.99,,,5921,8.18,,
98.7,249.26,143.21,172.37,8.29,49.74,8.92,51.16,6015,7.14,,,1234.5,5.98,,,5922,8.17,,
98.71,249.23,143.51,172,8.3,49.74,8.92,51.16,6016,7.13,,,1234.6,5.98,,,5923,8.16,,
98.72,249.2,143.81,171.63,8.3,49.74,8.93,51.17,6017,7.13,,,1234.7,5.98,,,5924,8.16,,
98.73,249.17,144.11,171.26,8.3,49.75,8.93,51.17,6018,7.12,,,1234.8,5.98,,,5925,8.15,,
98.74,249.14,144.4,170.91,8.3,49.75,8.93,51.17,6019,7.12,,,1234.9,5.97,,,5926,8.15,,
98.75,249.11,144.7,170.54,8.3,49.75,8.93,51.17,6020,7.11,,,1235,5.97,,,5927,8.14,,
98.76,249.08,145.01,170.16,8.3,49.75,8.93,51.18,6021,7.11,,,1235.1,5.97,,,5928,8.14,,
98.77,249.05,145.31,169.8,8.3,49.76,8.93,51.18,6022,7.1,,,1235.2,5.96,,,5929,8.13,,
98.78,249.02,145.61,169.44,8.3,49.76,8.93,51.18,6023,7.1,,,1235.3,5.96,,,5930,8.13,,
98.79,248.99,145.92,169.06,8.3,49.76,8.93,51.18,6024,7.09,,,1235.4,5.96,,,5931,8.12,,
98.8,248.97,146.22,168.7,8.3,49.76,8.93,51.19,6025,7.09,,,1235.5,5.96,,,5932,8.12,,
98.81,248.94,146.52,168.35,8.31,49.76,8.93,51.19,6026,7.09,,,1235.6,5.95,,,5933,8.11,,
98.82,248.91,146.83,167.98,8.31,49.77,8.94,51.19,6027,7.08,,,1235.7,5.95,,,5934,8.11,,
98.83,248.88,147.14,167.61,8.31,49.77,8.94,51.19,6028,7.08,,,1235.8,5.95,,,5935,8.1,,
98.84,248.85,147.45,167.25,8.31,49.77,8.94,51.19,6029,7.07,,,1235.9,5.94,,,5936,8.09,,
98.85,248.82,147.76,166.88,8.31,49.77,8.94,51.2,6030,7.07,,,1236,5.94,,,5937,8.09,,
98.86,248.79,148.08,166.51,8.31,49.78,8.94,51.2,6031,7.06,,,1236.2,5.94,,,5938,8.08,,
98.87,248.76,148.4,166.14,8.31,49.78,8.94,51.2,6032,7.06,,,1236.4,5.93,,,5939,8.08,,
98.88,248.73,148.71,165.78,8.31,49.78,8.94,51.2,6033,7.05,,,1236.5,5.93,,,5940,8.07,,
98.89,248.7,149.03,165.41,8.31,49.78,8.94,51.21,6034,7.05,,,1236.6,5.92,,,5941,8.07,,
98.9,248.67,149.35,165.04,8.31,49.79,8.94,51.21,6035,7.05,,,1236.7,5.92,,,5942,8.06,,
98.91,248.64,149.68,164.67,8.32,49.79,8.94,51.21,6036,7.04,,,1236.8,5.92,,,5943,8.06,,
98.92,248.61,150,164.3,8.32,49.79,8.95,51.21,6037,7.04,,,1236.9,5.92,,,5944,8.05,,
98.93,248.58,150.31,163.95,8.32,49.79,8.95,51.21,6038,7.03,,,1237,5.91,,,5945,8.05,,
98.94,248.56,150.64,163.58,8.32,49.79,8.95,51.22,6039,7.03,,,1237.1,5.91,,,5946,8.04,,
98.95,248.53,150.96,163.22,8.32,49.8,8.95,51.22,6040,7.02,,,1237.2,5.91,,,5947,8.04,,
98.96,248.5,151.28,162.86,8.32,49.8,8.95,51.22,6041,7.02,,,1237.3,5.91,,,5948,8.03,,
98.97,248.47,151.61,162.49,8.32,49.8,8.95,51.22,6042,7.02,,,1237.4,5.9,,,5949,8.03,,
98.98,248.44,151.93,162.14,8.32,49.8,8.95,51.23,6043,7.01,,,1237.5,5.9,,,5950,8.02,,
98.99,248.41,152.26,161.77,8.32,49.81,8.95,51.23,6044,7.01,,,1237.6,5.9,,,5951,8.02,,
99,248.38,152.58,161.42,8.32,49.81,8.95,51.23,6045,7,,,1237.7,5.89,,,5952,8.01,,
99.01,248.35,152.91,161.06,8.33,49.81,8.95,51.23,6046,7,,,1237.8,5.89,,,5953,8.01,,
99.02,248.32,153.24,160.7,8.33,49.81,8.96,51.24,6047,6.99,,,1237.9,5.89,,,5954,8,,
99.03,248.29,153.57,160.34,8.33,49.81,8.96,51.24,6048,6.99,,,1238,5.89,,,5955,8,,
99.04,248.26,153.9,159.98,8.33,49.82,8.96,51.24,6049,6.98,,,1238.1,5.88,,,5956,7.99,,
99.05,248.23,154.24,159.62,8.33,49.82,8.96,51.24,6050,6.98,,,1238.2,5.88,,,5957,7.98,,
99.06,248.2,154.57,159.26,8.33,49.82,8.96,51.24,6051,6.98,,,1238.3,5.88,,,5958,7.98,,
99.07,248.18,154.91,158.9,8.33,49.82,8.96,51.25,6052,6.97,,,1238.4,5.87,,,5959,7.97,,
99.08,248.15,155.24,158.55,8.33,49.83,8.96,51.25,6053,6.97,,,1238.5,5.87,,,5960,7.97,,
99.09,248.12,155.58,158.19,8.33,49.83,8.96,51.25,6054,6.96,,,1238.6,5.87,,,5961,7.96,,
99.1,248.09,155.92,157.83,8.34,49.83,8.96,51.25,6055,6.96,,,1238.7,5.87,,,5962,7.96,,
99.11,248.06,156.26,157.47,8.34,49.83,8.96,51.26,6056,6.95,,,1238.8,5.86,,,5963,7.95,,
99.12,248.03,156.6,157.11,8.34,49.83,8.96,51.26,6057,6.95,,,1238.9,5.86,,,5964,7.95,,
99.13,248,156.94,156.76,8.34,49.84,8.97,51.26,6058,6.95,,,1239,5.86,,,5965,7.94,,
99.14,247.97,157.28,156.41,8.34,49.84,8.97,51.26,6059,6.94,,,1239.1,5.86,,,5966,7.94,,
99.15,247.94,157.63,156.04,8.34,49.84,8.97,51.26,6060,6.94,,,1239.2,5.85,,,5967,7.93,,
99.16,247.91,157.97,155.69,8.34,49.84,8.97,51.27,6061,6.93,,,1239.4,5.85,,,5968,7.93,,
99.17,247.88,158.32,155.34,8.34,49.85,8.97,51.27,6062,6.93,,,1239.5,5.84,,,5969,7.92,,
99.18,247.86,158.66,154.99,8.34,49.85,8.97,51.27,6063,6.92,,,1239.6,5.84,,,5970,7.92,,
99.19,247.83,158.9,154.74,8.34,49.85,8.97,51.27,6064,6.92,,,1239.7,5.84,,,5971,7.91,,
99.2,247.8,159.36,154.28,8.35,49.85,8.97,51.28,6065,6.92,,,1239.8,5.84,,,5972,7.91,,
99.21,247.77,159.83,153.81,8.35,49.86,8.97,51.28,6066,6.91,,,1239.9,5.83,,,5973,7.9,,
99.22,247.74,160.21,153.42,8.35,49.86,8.97,51.28,6067,6.91,,,1240,5.83,,,5974,7.9,,
99.23,247.71,160.57,153.07,8.35,49.86,8.98,51.28,6068,6.9,,,1240.1,5.83,,,5975,7.89,,
99.24,247.68,160.93,152.71,8.35,49.86,8.98,51.28,6069,6.9,,,1240.2,5.83,,,5976,7.89,,
99.25,247.65,161.29,152.35,8.35,49.86,8.98,51.29,6070,6.89,,,1240.3,5.82,,,5977,7.88,,
99.26,247.62,161.65,152,8.35,49.87,8.98,51.29,6071,6.89,,,1240.4,5.82,,,5978,7.88,,
99.27,247.59,162.02,151.64,8.35,49.87,8.98,51.29,6072,6.89,,,1240.5,5.82,,,5979,7.87,,
99.28,247.56,162.38,151.28,8.35,49.87,8.98,51.29,6073,6.88,,,1240.6,5.82,,,5980,7.87,,
99.29,247.54,162.75,150.93,8.35,49.87,8.98,51.3,6074,6.88,,,1240.7,5.81,,,5981,7.86,,
99.3,247.51,163.11,150.58,8.36,49.88,8.98,51.3,6075,6.87,,,1240.8,5.81,,,5982,7.86,,
99.31,247.48,163.48,150.22,8.36,49.88,8.98,51.3,6076,6.87,,,1240.9,5.81,,,5983,7.85,,
99.32,247.45,163.85,149.87,8.36,49.88,8.98,51.3,6077,6.86,,,1241,5.8,,,5984,7.85,,
99.33,247.42,164.22,149.51,8.36,49.88,8.99,51.31,6078,6.86,,,1241.1,5.8,,,5985,7.84,,
99.34,247.39,164.59,149.16,8.36,49.88,8.99,51.31,6079,6.86,,,1241.2,5.8,,,5986,7.84,,
99.35,247.36,164.97,148.8,8.36,49.89,8.99,51.31,6080,6.85,,,1241.3,5.8,,,5987,7.83,,
99.36,247.33,165.34,148.45,8.36,49.89,8.99,51.31,6081,6.85,,,1241.4,5.79,,,5988,7.83,,
99.37,247.3,165.72,148.1,8.36,49.89,8.99,51.31,6082,6.84,,,1241.5,5.79,,,5989,7.82,,
99.38,247.27,166.09,147.75,8.36,49.89,8.99,51.32,6083,6.84,,,1241.6,5.79,,,5990,7.82,,
99.39,247.25,166.47,147.4,8.36,49.9,8.99,51.32,6084,6.84,,,1242.3,5.77,,,5991,7.81,,
99.4,247.22,166.85,147.05,8.37,49.9,8.99,51.32,6085,6.83,,,1242.5,5.76,,,5992,7.81,,
99.41,247.19,167.23,146.7,8.37,49.9,8.99,51.32,6086,6.83,,,1242.8,5.76,,,5993,7.8,,
99.42,247.16,167.62,146.34,8.37,49.9,8.99,51.33,6087,6.82,,,1242.9,5.75,,,5994,7.8,,
99.43,247.13,168,145.99,8.37,49.91,9,51.33,6088,6.82,,,1243,5.75,,,5995,7.79,,
99.44,247.1,168.38,145.64,8.37,49.91,9,51.33,6089,6.81,,,1244.2,5.72,,,5996,7.79,,
99.45,247.07,168.77,145.29,8.37,49.91,9,51.33,6090,6.81,,,1244.4,5.71,,,5997,7.78,,
99.46,247.04,169.16,144.94,8.37,49.91,9,51.33,6091,6.81,,,1244.7,5.71,,,5998,7.78,,
99.47,247.01,169.54,144.6,8.37,49.91,9,51.34,6092,6.8,,,1245.4,5.69,,,5999,7.77,,
99.48,246.99,169.93,144.25,8.37,49.92,9,51.34,6093,6.8,,,1245.8,5.68,,,6000,7.77,,
99.49,246.96,170.33,143.89,8.37,49.92,9,51.34,6094,6.79,,,1245.9,5.68,,,6001,7.76,,
99.5,246.93,170.72,143.55,8.38,49.92,9,51.34,6095,6.79,,,1246.2,5.67,,,6002,7.76,,
99.51,246.9,171.11,143.21,8.38,49.92,9,51.35,6097,6.78,,,1246.4,5.66,,,6003,7.75,,
99.52,246.87,171.51,142.85,8.38,49.93,9.01,51.35,6098,6.78,,,1246.5,5.66,,,6004,7.75,,
99.53,246.84,171.91,142.5,8.38,49.93,9.01,51.35,6099,6.77,,,1246.7,5.66,,,6005,7.74,,
99.54,246.81,172.3,142.17,8.38,49.93,9.01,51.35,6100,6.77,,,1247,5.65,,,6006,7.74,,
99.55,246.78,172.7,141.82,8.38,49.93,9.01,51.36,6101,6.76,,,1248.1,5.62,,,6008,7.73,,
99.56,246.75,173.1,141.47,8.38,49.93,9.01,51.36,6102,6.76,,,1248.9,5.6,,,6009,7.72,,
99.57,246.73,173.5,141.13,8.38,49.94,9.01,51.36,6103,6.76,,,1249,5.6,,,6010,7.72,,
99.58,246.7,173.91,140.78,8.38,49.94,9.01,51.36,6104,6.75,,,1249.3,5.59,,,6011,7.71,,
99.59,246.67,174.31,140.44,8.38,49.94,9.01,51.36,6105,6.75,,,1249.4,5.59,,,6012,7.71,,
99.6,246.64,174.72,140.09,8.38,49.94,9.01,51.37,6106,6.74,,,1250.8,5.55,,,6013,7.7,,
99.61,246.61,175.13,139.75,8.39,49.95,9.01,51.37,6108,6.74,,,1251,5.55,,,6014,7.7,,
99.62,246.58,175.54,139.4,8.39,49.95,9.02,51.37,6109,6.73,,,1251.5,5.54,,,6015,7.69,,
99.63,246.55,175.95,139.06,8.39,49.95,9.02,51.37,6111,6.72,,,1251.9,5.53,,,6016,7.69,,
99.64,246.52,176.36,138.72,8.39,49.95,9.02,51.38,6112,6.72,,,1252.3,5.52,,,6017,7.68,,
99.65,246.5,176.78,138.37,8.39,49.95,9.02,51.38,6113,6.72,,,1252.4,5.51,,,6018,7.68,,
99.66,246.47,177.19,138.03,8.39,49.96,9.02,51.38,6114,6.71,,,1252.8,5.5,,,6019,7.67,,
99.67,246.44,177.61,137.69,8.39,49.96,9.02,51.38,6115,6.71,,,1254.5,5.46,,,6020,7.67,,
99.68,246.41,178.03,137.35,8.39,49.96,9.02,51.38,6116,6.7,,,1255.6,5.44,,,6021,7.67,,
99.69,246.38,178.45,137.01,8.39,49.96,9.02,51.39,6117,6.7,,,1255.8,5.43,,,6022,7.66,,
99.7,246.35,178.87,136.67,8.39,49.97,9.02,51.39,6118,6.7,,,1256.2,5.42,,,6023,7.66,,
99.71,246.32,179.29,136.33,8.4,49.97,9.02,51.39,6119,6.69,,,1256.5,5.42,,,6024,7.65,,
99.72,246.29,179.72,135.98,8.4,49.97,9.03,51.39,6120,6.69,,,1256.8,5.41,,,6025,7.65,,
99.73,246.27,180.5,135.36,8.4,49.97,9.03,51.4,6122,6.68,,,1256.9,5.41,,,6026,7.64,,
99.74,246.24,180.9,135.04,8.4,49.98,9.03,51.4,6123,6.68,,,1257.6,5.39,,,6027,7.64,,
99.75,246.21,181.3,134.73,8.4,49.98,9.03,51.4,6125,6.67,,,1258.3,5.37,,,6028,7.63,,
99.76,246.18,181.7,134.42,8.4,49.98,9.03,51.4,6126,6.66,,,1260,5.34,,,6029,7.63,,
99.77,246.15,182.2,134.02,8.4,49.98,9.03,51.41,6127,6.66,,,1260.3,5.33,,,6030,7.62,,
99.78,246.12,182.7,133.64,8.4,49.98,9.03,51.41,6128,6.66,,,1260.7,5.32,,,6031,7.62,,
99.79,246.09,183,133.4,8.4,49.99,9.03,51.41,6129,6.65,,,1260.8,5.32,,,6032,7.61,,
99.8,246.06,183.5,133.02,8.4,49.99,9.03,51.41,6130,6.65,,,1261.2,5.31,,,6033,7.61,,
99.81,246.04,183.9,132.71,8.41,49.99,9.03,51.41,6131,6.64,,,1261.7,5.3,,,6034,7.6,,
99.82,246.01,184.4,132.33,8.41,49.99,9.04,51.42,6132,6.64,,,1262.9,5.27,,,6035,7.6,,
99.83,245.98,184.8,132.03,8.41,50,9.04,51.42,6133,6.64,,,1263.4,5.26,,,6037,7.59,,
99.84,245.95,185.3,131.65,8.41,50,9.04,51.42,6134,6.63,,,1263.8,5.25,,,6038,7.58,,
99.85,245.92,185.8,131.27,8.41,50,9.04,51.42,6135,6.63,,,1263.9,5.25,,,6039,7.58,,
99.86,245.89,186.2,130.97,8.41,50,9.04,51.43,6136,6.62,,,1264,5.25,,,6040,7.57,,
99.87,245.86,186.6,130.67,8.41,50,9.04,51.43,6137,6.62,,,1264.1,5.24,,,6041,7.57,,
99.88,245.83,187.1,130.3,8.41,50.01,9.04,51.43,6138,6.62,,,1264.7,5.23,,,6042,7.57,,
99.89,245.81,187.6,129.93,8.41,50.01,9.04,51.43,6139,6.61,,,1264.8,5.23,,,6043,7.56,,
99.9,245.78,187.8,129.79,8.41,50.01,9.04,51.43,6140,6.61,,,1264.9,5.23,,,6044,7.56,,
99.91,245.75,188.5,129.28,8.42,50.01,9.04,51.44,6141,6.6,,,1265.5,5.21,,,6045,7.55,,
99.92,245.72,189.1,128.84,8.42,50.02,9.04,51.44,6143,6.6,,,1266.2,5.2,,,6046,7.55,,
99.93,245.69,189.6,128.48,8.42,50.02,9.05,51.44,6144,6.59,,,1266.3,5.2,,,6047,7.54,,
99.94,245.66,190,128.19,8.42,50.02,9.05,51.44,6145,6.59,,,1266.6,5.19,,,6048,7.54,,
99.95,245.63,190.5,127.83,8.42,50.02,9.05,51.45,6146,6.58,,,1266.7,5.19,,,6049,7.53,,
99.96,245.61,191,127.47,8.42,50.03,9.05,51.45,6147,6.58,,,1267.2,5.18,,,6050,7.53,,
99.97,245.58,191.5,127.12,8.42,50.03,9.05,51.45,6148,6.58,,,1267.3,5.17,,,6051,7.52,,
99.98,245.55,191.9,126.84,8.42,50.03,9.05,51.45,6149,6.57,,,1267.8,5.16,,,6052,7.52,,
99.99,245.52,192.4,126.49,8.42,50.03,9.05,51.46,6150,6.57,,,1268.8,5.14,,,6053,7.51,,
100,245.49,192.9,126.14,8.43,50.03,9.05,51.46,6152,6.56,,,1269.5,5.13,,,6054,7.51,,
100.01,245.46,193.4,125.79,8.43,50.04,9.05,51.46,6153,6.56,,,1269.9,5.12,,,6055,7.5,,
100.02,245.43,193.9,125.44,8.43,50.04,9.05,51.46,6155,6.55,,,1270,5.12,,,6056,7.5,,
100.03,245.41,194.4,125.1,8.43,50.04,9.06,51.46,6156,6.55,,,1270.4,5.11,,,6057,7.49,,
100.04,245.38,194.9,124.75,8.43,50.04,9.06,51.47,6157,6.54,,,1270.7,5.1,,,6058,7.49,,
100.05,245.35,195.4,124.41,8.43,50.05,9.06,51.47,6161,6.53,,,1271.1,5.09,,,6059,7.49,,
100.06,245.32,195.9,124.07,8.43,50.05,9.06,51.47,6162,6.52,,,1271.2,5.09,,,6060,7.48,,
100.07,245.29,196.4,123.74,8.43,50.05,9.06,51.47,6163,6.52,,,1271.3,5.09,,,6061,7.48,,
100.08,245.26,196.9,123.4,8.43,50.05,9.06,51.48,6166,6.51,,,1271.6,5.08,,,6062,7.47,,
100.09,245.23,197.4,123.07,8.43,50.05,9.06,51.48,6167,6.5,,,1271.9,5.08,,,6063,7.47,,
100.1,245.21,197.9,122.73,8.44,50.06,9.06,51.48,6168,6.5,,,1272.3,5.07,,,6064,7.46,,
100.11,245.18,198.4,122.4,8.44,50.06,9.06,51.48,6169,6.5,,,1272.7,5.06,,,6065,7.46,,
100.12,245.15,198.9,122.07,8.44,50.06,9.06,51.48,6170,6.49,,,1273,5.05,,,6066,7.45,,
100.13,245.12,199.4,121.74,8.44,50.06,9.07,51.49,6171,6.49,,,1273.1,5.05,,,6067,7.45,,
100.14,245.09,199.9,121.42,8.44,50.07,9.07,51.49,6172,6.48,,,1273.3,5.05,,,6068,7.44,,
100.15,245.06,200.4,121.09,8.44,50.07,9.07,51.49,6173,6.48,,,1273.7,5.04,,,6069,7.44,,
100.16,245.04,200.9,120.77,8.44,50.07,9.07,51.49,6174,6.48,,,1274.1,5.03,,,6070,7.43,,
100.17,245.01,201.4,120.45,8.44,50.07,9.07,51.5,6175,6.47,,,1274.3,5.03,,,6071,7.43,,
100.18,244.98,202,120.07,8.44,50.08,9.07,51.5,6176,6.47,,,1274.4,5.03,,,6072,7.43,,
100.19,244.95,202.5,119.75,8.44,50.08,9.07,51.5,6177,6.46,,,1275.1,5.01,,,6073,7.42,,
100.2,244.92,203,119.43,8.45,50.08,9.07,51.5,6178,6.46,,,1275.8,5,,,6074,7.42,,
100.21,244.89,203.5,119.11,8.45,50.08,9.07,51.5,6179,6.46,,,1276.1,4.99,,,6075,7.41,,
100.22,244.86,204.1,118.74,8.45,50.08,9.07,51.51,6180,6.45,,,1276.4,4.99,,,6076,7.41,,
100.23,244.84,204.6,118.43,8.45,50.09,9.08,51.51,6181,6.45,,,1276.8,4.98,,,6077,7.4,,
100.24,244.81,205.1,118.12,8.45,50.09,9.08,51.51,6182,6.45,,,1278.4,4.95,,,6078,7.4,,
100.25,244.78,205.7,117.75,8.45,50.09,9.08,51.51,6183,6.44,,,1278.8,4.94,,,6079,7.39,,
100.26,244.75,206.2,117.44,8.45,50.09,9.08,51.52,6184,6.44,,,1278.9,4.94,,,6080,7.39,,
100.27,244.72,206.8,117.07,8.45,50.1,9.08,51.52,6185,6.43,,,1279.1,4.93,,,6081,7.38,,
100.28,244.69,207.3,116.77,8.45,50.1,9.08,51.52,6186,6.43,,,1279.2,4.93,,,6082,7.38,,
100.29,244.67,207.9,116.4,8.45,50.1,9.08,51.52,6187,6.43,,,1279.6,4.92,,,6083,7.38,,
100.3,244.64,208.4,116.1,8.46,50.1,9.08,51.53,6188,6.42,,,1280,4.91,,,6084,7.37,,
100.31,244.61,209,115.74,8.46,50.1,9.08,51.53,6189,6.42,,,1280.1,4.91,,,6085,7.37,,
100.32,244.58,209.6,115.39,8.46,50.11,9.09,51.53,6190,6.42,,,1280.3,4.91,,,6086,7.36,,
100.33,244.55,210.1,115.09,8.46,50.11,9.09,51.53,6191,6.41,,,1280.5,4.9,,,6087,7.36,,
100.34,244.52,210.6,114.8,8.46,50.11,9.09,51.53,6192,6.41,,,1280.7,4.9,,,6088,7.35,,
100.35,244.5,211.2,114.44,8.46,50.11,9.09,51.54,6193,6.4,,,1281,4.89,,,6089,7.35,,
100.36,244.47,211.8,114.09,8.46,50.12,9.09,51.54,6194,6.4,,,1281.5,4.89,,,6090,7.34,,
100.37,244.44,212.4,113.75,8.46,50.12,9.09,51.54,6195,6.4,,,1281.9,4.88,,,6091,7.34,,
100.38,244.41,212.9,113.46,8.46,50.12,9.09,51.54,6196,6.39,,,1282.2,4.87,,,6092,7.34,,
100.39,244.38,213.5,113.11,8.46,50.12,9.09,51.55,6197,6.39,,,1283,4.86,,,6093,7.33,,
100.4,244.35,214.1,112.77,8.46,50.12,9.09,51.55,6198,6.39,,,1283.1,4.85,,,6094,7.33,,
100.41,244.33,214.6,112.49,8.47,50.13,9.09,51.55,6199,6.38,,,1283.3,4.85,,,6095,7.32,,
100.42,244.3,215.2,112.15,8.47,50.13,9.1,51.55,6200,6.38,,,1284,4.84,,,6096,7.32,,
100.43,244.27,215.8,111.81,8.47,50.13,9.1,51.55,6201,6.37,,,1284.2,4.83,,,6097,7.31,,
100.44,244.24,216.4,111.47,8.47,50.13,9.1,51.56,6202,6.37,,,1284.7,4.82,,,6098,7.31,,
100.45,244.21,217,111.14,8.47,50.14,9.1,51.56,6203,6.37,,,1285.1,4.82,,,6099,7.3,,
100.46,244.18,217.6,110.81,8.47,50.14,9.1,51.56,6204,6.36,,,1285.3,4.81,,,6100,7.3,,
100.47,244.16,218.2,110.48,8.47,50.14,9.1,51.56,6205,6.36,,,1285.4,4.81,,,6101,7.3,,
100.48,244.13,218.8,110.15,8.47,50.14,9.1,51.57,6206,6.36,,,1285.6,4.81,,,6102,7.29,,
100.49,244.1,219.4,109.82,8.47,50.15,9.1,51.57,6207,6.35,,,1286.6,4.79,,,6103,7.29,,
100.5,244.07,220,109.5,8.47,50.15,9.1,51.57,6208,6.35,,,1286.8,4.79,,,6104,7.28,,
100.51,244.04,220.6,109.17,8.48,50.15,9.1,51.57,6209,6.35,,,1287.5,4.77,,,6105,7.28,,
100.52,244.01,221.2,108.85,8.48,50.15,9.11,51.58,6210,6.34,,,1287.7,4.77,,,6106,7.27,,
100.53,243.99,221.8,108.53,8.48,50.15,9.11,51.58,6211,6.34,,,1288.6,4.75,,,6107,7.27,,
100.54,243.96,222.5,108.16,8.48,50.16,9.11,51.58,6212,6.33,,,1288.9,4.75,,,6108,7.26,,
100.55,243.93,223.1,107.85,8.48,50.16,9.11,51.58,6213,6.33,,,1289.5,4.74,,,6109,7.26,,
100.56,243.9,223.7,107.53,8.48,50.16,9.11,51.58,6214,6.33,,,1289.7,4.73,,,6110,7.26,,
100.57,243.87,224.3,107.22,8.48,50.16,9.11,51.59,6215,6.32,,,1289.9,4.73,,,6111,7.25,,
100.58,243.85,225,106.85,8.48,50.17,9.11,51.59,6216,6.32,,,1290,4.73,,,6112,7.25,,
100.59,243.82,225.6,106.55,8.48,50.17,9.11,51.59,6217,6.32,,,1290.6,4.72,,,6113,7.24,,
100.6,243.79,226.2,106.24,8.48,50.17,9.11,51.59,6218,6.31,,,1290.9,4.71,,,6114,7.24,,
100.61,243.76,226.9,105.88,8.49,50.17,9.11,51.6,6219,6.31,,,1291.3,4.7,,,6115,7.23,,
100.62,243.73,227.5,105.58,8.49,50.17,9.12,51.6,6220,6.31,,,1292.3,4.69,,,6118,7.22,,
100.63,243.7,228.2,105.22,8.49,50.18,9.12,51.6,6221,6.3,,,1292.5,4.68,,,6119,7.22,,
100.64,243.68,228.8,104.92,8.49,50.18,9.12,51.6,6222,6.3,,,1292.8,4.68,,,6120,7.21,,
100.65,243.65,229.3,104.67,8.49,50.18,9.12,51.6,6223,6.29,,,1293,4.67,,,6121,7.21,,
100.66,243.62,230.3,104.18,8.49,50.18,9.12,51.61,6224,6.29,,,1293.1,4.67,,,6122,7.2,,
100.67,243.59,231.1,103.78,8.49,50.19,9.12,51.61,6225,6.29,,,1293.2,4.67,,,6123,7.2,,
100.68,243.56,231.8,103.44,8.49,50.19,9.12,51.61,6226,6.28,,,1293.3,4.67,,,6124,7.19,,
100.69,243.54,232.5,103.1,8.49,50.19,9.12,51.61,6227,6.28,,,1293.4,4.67,,,6125,7.19,,
100.7,243.51,233.2,102.76,8.49,50.19,9.12,51.62,6228,6.28,,,1294.7,4.64,,,6126,7.19,,
100.71,243.48,233.9,102.42,8.5,50.2,9.12,51.62,6229,6.27,,,1294.8,4.64,,,6127,7.18,,
100.72,243.45,234.6,102.09,8.5,50.2,9.13,51.62,6230,6.27,,,1295.8,4.62,,,6128,7.18,,
100.73,243.42,235.3,101.76,8.5,50.2,9.13,51.62,6231,6.27,,,1297.1,4.6,,,6129,7.17,,
100.74,243.4,236,101.43,8.5,50.2,9.13,51.63,6232,6.26,,,1298,4.59,,,6130,7.17,,
100.75,243.37,236.7,101.1,8.5,50.2,9.13,51.63,6233,6.26,,,1298.6,4.58,,,6132,7.16,,
100.76,243.34,237.5,100.73,8.5,50.21,9.13,51.63,6234,6.25,,,1298.9,4.57,,,6133,7.16,,
100.77,243.31,238.2,100.4,8.5,50.21,9.13,51.63,6235,6.25,,,1299.5,4.56,,,6134,7.15,,
100.78,243.28,238.9,100.08,8.5,50.21,9.13,51.63,6236,6.25,,,1299.6,4.56,,,6135,7.15,,
100.79,243.25,239.6,99.76,8.5,50.21,9.13,51.64,6237,6.24,,,1299.7,4.56,,,6136,7.14,,
100.8,243.23,240.4,99.39,8.51,50.22,9.13,51.64,6238,6.24,,,1299.9,4.55,,,6137,7.14,,
100.81,243.2,241.1,99.08,8.51,50.22,9.13,51.64,6239,6.24,,,1300.3,4.55,,,6138,7.13,,
100.82,243.17,241.9,98.72,8.51,50.22,9.13,51.64,6240,6.23,,,1300.7,4.54,,,6139,7.13,,
100.83,243.14,242.6,98.4,8.51,50.22,9.14,51.65,6241,6.23,,,1300.9,4.54,,,6140,7.13,,
100.84,243.11,243.4,98.05,8.51,50.22,9.14,51.65,6242,6.23,,,1301,4.54,,,6141,7.12,,
100.85,243.09,244.1,97.74,8.51,50.23,9.14,51.65,6243,6.22,,,1301.5,4.53,,,6142,7.12,,
100.86,243.06,244.8,97.43,8.51,50.23,9.14,51.65,6244,6.22,,,1301.6,4.53,,,6143,7.11,,
100.87,243.03,245.6,97.08,8.51,50.23,9.14,51.65,6245,6.22,,,1302,4.52,,,6144,7.11,,
100.88,243,246.4,96.73,8.51,50.23,9.14,51.66,6246,6.21,,,1302.2,4.52,,,6145,7.1,,
100.89,242.97,247.2,96.39,8.51,50.24,9.14,51.66,6247,6.21,,,1302.5,4.51,,,6146,7.1,,
100.9,242.95,247.9,96.09,8.52,50.24,9.14,51.66,6248,6.2,,,1302.9,4.5,,,6147,7.1,,
100.91,242.92,248.7,95.75,8.52,50.24,9.14,51.66,6249,6.2,,,1303.1,4.5,,,6148,7.09,,
100.92,242.89,249.5,95.41,8.52,50.24,9.14,51.67,6250,6.2,,,1303.7,4.49,,,6149,7.09,,
100.93,242.86,250.3,95.07,8.52,50.24,9.15,51.67,6251,6.19,,,1304.3,4.48,,,6150,7.08,,
100.94,242.83,251.1,94.74,8.52,50.25,9.15,51.67,6252,6.19,,,1304.8,4.47,,,6151,7.08,,
100.95,242.81,251.9,94.41,8.52,50.25,9.15,51.67,6253,6.19,,,1304.9,4.47,,,6152,7.08,,
100.96,242.78,252.7,94.08,8.52,50.25,9.15,51.67,6254,6.18,,,1305.4,4.46,,,6153,7.07,,
100.97,242.75,253.5,93.75,8.52,50.25,9.15,51.68,6255,6.18,,,1305.9,4.45,,,6154,7.07,,
100.98,242.72,254.3,93.42,8.52,50.26,9.15,51.68,6256,6.18,,,1306,4.45,,,6155,7.06,,
100.99,242.69,255.1,93.1,8.52,50.26,9.15,51.68,6257,6.17,,,1306.6,4.44,,,6156,7.06,,
101,242.67,255.9,92.77,8.53,50.26,9.15,51.68,6258,6.17,,,1306.7,4.44,,,6157,7.05,,
101.01,242.64,256.8,92.41,8.53,50.26,9.15,51.69,6259,6.17,,,1306.8,4.44,,,6158,7.05,,
101.02,242.61,257.6,92.1,8.53,50.27,9.15,51.69,6260,6.16,,,1307.2,4.43,,,6161,7.04,,
101.03,242.58,258.5,91.74,8.53,50.27,9.16,51.69,6261,6.16,,,1307.3,4.43,,,6162,7.03,,
101.04,242.55,259.3,91.43,8.53,50.27,9.16,51.69,6262,6.16,,,1307.5,4.43,,,6163,7.03,,
101.05,242.53,260.2,91.08,8.53,50.27,9.16,51.7,6263,6.15,,,1308.1,4.42,,,6164,7.03,,
101.06,242.5,261,90.77,8.53,50.27,9.16,51.7,6264,6.15,,,1308.4,4.41,,,6165,7.02,,
101.07,242.47,261.9,90.42,8.53,50.28,9.16,51.7,6265,6.15,,,1309,4.41,,,6166,7.02,,
101.08,242.44,262.7,90.11,8.53,50.28,9.16,51.7,6267,6.14,,,1309.4,4.4,,,6167,7.01,,
101.09,242.42,263.6,89.77,8.53,50.28,9.16,51.7,6268,6.13,,,1309.8,4.39,,,6168,7.01,,
101.1,242.39,264.5,89.43,8.54,50.28,9.16,51.71,6269,6.13,,,1310,4.39,,,6169,7,,
101.11,242.36,265.4,89.09,8.54,50.29,9.16,51.71,6270,6.13,,,1310.2,4.39,,,6170,7,,
101.12,242.33,266.3,88.76,8.54,50.29,9.16,51.71,6271,6.12,,,1310.5,4.38,,,6171,7,,
101.13,242.3,267.2,88.43,8.54,50.29,9.17,51.71,6273,6.12,,,1311,4.37,,,6172,6.99,,
101.14,242.28,268.1,88.1,8.54,50.29,9.17,51.72,6275,6.11,,,1312.3,4.35,,,6173,6.99,,
101.15,242.25,269,87.77,8.54,50.29,9.17,51.72,6276,6.11,,,1312.7,4.35,,,6174,6.98,,
101.16,242.22,270,87.4,8.54,50.3,9.17,51.72,6277,6.1,,,1312.9,4.34,,,6175,6.98,,
101.17,242.19,270.9,87.08,8.54,50.3,9.17,51.72,6278,6.1,,,1313,4.34,,,6176,6.98,,
101.18,242.16,271.8,86.76,8.54,50.3,9.17,51.72,6279,6.1,,,1314.2,4.32,,,6177,6.97,,
101.19,242.14,272.8,86.4,8.54,50.3,9.17,51.73,6280,6.09,,,1314.8,4.32,,,6178,6.97,,
101.2,242.11,273.7,86.09,8.54,50.31,9.17,51.73,6281,6.09,,,1315.2,4.31,,,6179,6.96,,
101.21,242.08,274.7,85.74,8.55,50.31,9.17,51.73,6282,6.09,,,1315.6,4.3,,,6180,6.96,,
101.22,242.05,275.6,85.42,8.55,50.31,9.18,51.73,6283,6.08,,,1315.8,4.3,,,6181,6.96,,
101.23,242.03,276.6,85.08,8.55,50.31,9.18,51.74,6284,6.08,,,1316.3,4.29,,,6182,6.95,,
101.24,242,277.6,84.73,8.55,50.32,9.18,51.74,6285,6.08,,,1316.4,4.29,,,6183,6.95,,
101.25,241.97,278.5,84.43,8.55,50.32,9.18,51.74,6286,6.07,,,1316.7,4.29,,,6184,6.94,,
101.26,241.94,279.5,84.09,8.55,50.32,9.18,51.74,6287,6.07,,,1317.2,4.28,,,6185,6.94,,
101.27,241.91,280.5,83.75,8.55,50.32,9.18,51.75,6288,6.07,,,1317.5,4.27,,,6186,6.94,,
101.28,241.89,281.5,83.42,8.55,50.32,9.18,51.75,6289,6.06,,,1318.2,4.26,,,6187,6.93,,
101.29,241.86,282.6,83.05,8.55,50.33,9.18,51.75,6290,6.06,,,1318.4,4.26,,,6188,6.93,,
101.3,241.83,283.6,82.73,8.55,50.33,9.18,51.75,6291,6.06,,,1318.7,4.26,,,6189,6.92,,
101.31,241.8,284.6,82.4,8.56,50.33,9.18,51.75,6292,6.05,,,1319.1,4.25,,,6190,6.92,,
101.32,241.78,285.6,82.07,8.56,50.33,9.19,51.76,6293,6.05,,,1319.2,4.25,,,6191,6.91,,
101.33,241.75,286.7,81.72,8.56,50.34,9.19,51.76,6294,6.05,,,1319.3,4.25,,,6192,6.91,,
101.34,241.72,287.7,81.4,8.56,50.34,9.19,51.76,6295,6.04,,,1319.8,4.24,,,6193,6.91,,
101.35,241.69,288.8,81.05,8.56,50.34,9.19,51.76,6296,6.04,,,1320.2,4.23,,,6194,6.9,,
101.36,241.66,289.9,80.71,8.56,50.34,9.19,51.77,6297,6.04,,,1320.6,4.23,,,6195,6.9,,
101.37,241.64,290.9,80.39,8.56,50.34,9.19,51.77,6298,6.03,,,1320.8,4.23,,,6196,6.89,,
101.38,241.61,292,80.05,8.56,50.35,9.19,51.77,6299,6.03,,,1321,4.22,,,6197,6.89,,
101.39,241.58,293.1,79.71,8.56,50.35,9.19,51.77,6300,6.03,,,1321.2,4.22,,,6198,6.89,,
101.4,241.55,293.9,79.47,8.56,50.35,9.19,51.77,6301,6.02,,,1321.8,4.21,,,6199,6.88,,
101.41,241.53,295.7,78.92,8.57,50.35,9.19,51.78,6302,6.02,,,1322.2,4.21,,,6200,6.88,,
101.42,241.5,297.2,78.47,8.57,50.36,9.2,51.78,6304,6.01,,,1322.6,4.2,,,6201,6.87,,
101.43,241.47,298.3,78.15,8.57,50.36,9.2,51.78,6305,6.01,,,1323.1,4.19,,,6202,6.87,,
101.44,241.44,299.4,77.82,8.57,50.36,9.2,51.78,6306,6.01,,,1323.4,4.19,,,6203,6.87,,
101.45,241.42,300.6,77.47,8.57,50.36,9.2,51.79,6307,6,,,1323.8,4.18,,,6204,6.86,,
101.46,241.39,301.7,77.15,8.57,50.36,9.2,51.79,6308,6,,,1324.9,4.17,,,6205,6.86,,
101.47,241.36,302.9,76.81,8.57,50.37,9.2,51.79,6309,6,,,1325.5,4.16,,,6206,6.85,,
101.48,241.33,304.1,76.46,8.57,50.37,9.2,51.79,6310,5.99,,,1325.6,4.16,,,6207,6.85,,
101.49,241.3,305.3,76.12,8.57,50.37,9.2,51.8,6311,5.99,,,1326.1,4.15,,,6208,6.85,,
101.5,241.28,306.5,75.78,8.57,50.37,9.2,51.8,6312,5.99,,,1326.6,4.14,,,6209,6.84,,
101.51,241.25,307.7,75.45,8.58,50.38,9.21,51.8,6313,5.98,,,1327.7,4.13,,,6210,6.84,,
101.52,241.22,309,75.09,8.58,50.38,9.21,51.8,6314,5.98,,,1327.9,4.12,,,6211,6.84,,
101.53,241.19,310.2,74.76,8.58,50.38,9.21,51.81,6315,5.98,,,1328.5,4.12,,,6212,6.83,,
101.54,241.17,311.5,74.4,8.58,50.38,9.21,51.81,6316,5.97,,,1328.7,4.11,,,6213,6.83,,
101.55,241.14,312.8,74.05,8.58,50.39,9.21,51.81,6317,5.97,,,1329.3,4.1,,,6214,6.82,,
101.56,241.11,314.1,73.7,8.58,50.39,9.21,51.81,6318,5.97,,,1329.4,4.1,,,6215,6.82,,
101.57,241.08,315.4,73.36,8.58,50.39,9.21,51.82,6319,5.96,,,1330,4.1,,,6216,6.82,,
101.58,241.06,316.8,72.99,8.58,50.39,9.21,51.82,6320,5.96,,,1331.1,4.08,,,6217,6.81,,
101.59,241.03,318.1,72.65,8.58,50.39,9.21,51.82,6321,5.96,,,1331.6,4.07,,,6218,6.81,,
101.6,241,319.5,72.29,8.59,50.4,9.21,51.82,6322,5.95,,,1332.3,4.06,,,6219,6.8,,
101.61,240.97,320.8,71.95,8.59,50.4,9.21,51.82,6323,5.95,,,1332.6,4.06,,,6220,6.8,,
101.62,240.95,322.2,71.6,8.59,50.4,9.22,51.83,6324,5.95,,,1332.7,4.06,,,6221,6.8,,
101.63,240.92,323.6,71.24,8.59,50.4,9.22,51.83,6325,5.94,,,1332.9,4.06,,,6222,6.79,,
101.64,240.89,325,70.89,8.59,50.41,9.22,51.83,6326,5.94,,,1333.9,4.04,,,6223,6.79,,
101.65,240.86,326.4,70.55,8.59,50.41,9.22,51.84,6327,5.94,,,1334,4.04,,,6225,6.78,,
101.66,240.84,327.9,70.18,8.59,50.41,9.22,51.84,6328,5.93,,,1334.8,4.03,,,6226,6.78,,
101.67,240.81,329.3,69.84,8.59,50.41,9.22,51.84,6329,5.93,,,1335.3,4.02,,,6227,6.77,,
101.68,240.78,330.8,69.47,8.59,50.41,9.22,51.84,6330,5.93,,,1336.2,4.01,,,6228,6.77,,
101.69,240.75,332.3,69.11,8.59,50.42,9.22,51.85,6331,5.92,,,1336.3,4.01,,,6229,6.76,,
101.7,240.73,333.8,68.76,8.6,50.42,9.22,51.85,6332,5.92,,,1336.6,4.01,,,6230,6.76,,
101.71,240.7,335.3,68.41,8.6,50.42,9.23,51.85,6333,5.92,,,1336.9,4,,,6231,6.76,,
101.72,240.67,336.8,68.06,8.6,50.42,9.23,51.85,6334,5.91,,,1337.4,4,,,6232,6.75,,
101.73,240.64,338.4,67.69,8.6,50.43,9.23,51.86,6335,5.91,,,1337.9,3.99,,,6233,6.75,,
101.74,240.62,340,67.32,8.6,50.43,9.23,51.86,6336,5.91,,,1338.2,3.99,,,6234,6.75,,
101.75,240.59,341.6,66.96,8.6,50.43,9.23,51.87,6337,5.9,,,1338.4,3.98,,,6235,6.74,,
101.76,240.56,343.3,66.58,8.6,50.43,9.23,51.87,6338,5.9,,,1338.6,3.98,,,6236,6.74,,
101.77,240.53,344.9,66.22,8.6,50.44,9.23,51.87,6339,5.9,,,1338.7,3.98,,,6239,6.73,,
101.78,240.51,346.5,65.87,8.6,50.44,9.24,51.87,6340,5.89,,,1338.9,3.98,,,6240,6.72,,
101.79,240.48,348.1,65.52,8.6,50.44,9.24,51.87,6341,5.89,,,1339.2,3.97,,,6241,6.72,,
101.8,240.45,349.8,65.16,8.61,50.44,9.24,51.88,6342,5.89,,,1339.8,3.96,,,6242,6.71,,
101.81,240.42,351.5,64.79,8.61,50.44,9.24,51.88,6343,5.88,,,1340.2,3.96,,,6244,6.71,,
101.82,240.4,353.1,64.45,8.61,50.45,9.24,51.88,6344,5.88,,,1340.5,3.96,,,6245,6.7,,
101.83,240.37,354.8,64.1,8.61,50.45,9.24,51.88,6345,5.88,,,1341.1,3.95,,,6246,6.7,,
101.84,240.34,356.6,63.72,8.61,50.45,9.24,51.89,6346,5.88,,,1341.4,3.94,,,6247,6.7,,
101.85,240.31,358.3,63.38,8.61,50.45,9.24,51.89,6347,5.87,,,1342.9,3.92,,,6248,6.69,,
101.86,240.29,360.3,62.97,8.61,50.46,9.25,51.89,6348,5.87,,,1343.4,3.92,,,6249,6.69,,
101.87,240.26,362.3,62.57,8.61,50.46,9.25,51.9,6350,5.86,,,1343.5,3.92,,,6250,6.68,,
101.88,240.23,364.3,62.17,8.61,50.46,9.25,51.9,6358,5.84,,,1344,3.91,,,6251,6.68,,
101.89,240.2,366.4,61.76,8.61,50.46,9.25,51.9,6360,5.83,,,1344.3,3.91,,,6252,6.68,,
101.9,240.18,368.2,61.41,8.62,50.46,9.25,51.91,6362,5.82,,,1344.6,3.9,,,6253,6.67,,
101.91,240.15,370.2,61.02,8.62,50.47,9.25,51.91,6363,5.82,,,1345.8,3.89,,,6254,6.67,,
101.92,240.12,372.2,60.64,8.62,50.47,9.25,51.91,6364,5.82,,,1345.9,3.89,,,6256,6.66,,
101.93,240.09,374.3,60.25,8.62,50.47,9.26,51.92,6366,5.81,,,1346.1,3.88,,,6257,6.66,,
101.94,240.07,376.5,59.84,8.62,50.47,9.26,51.92,6369,5.8,,,1346.2,3.88,,,6258,6.65,,
101.95,240.04,378.6,59.45,8.62,50.48,9.26,51.92,6377,5.78,,,1346.4,3.88,,,6260,6.65,,
101.96,240.01,380.7,59.07,8.62,50.48,9.26,51.93,6381,5.76,,,1346.7,3.88,,,6261,6.64,,
101.97,239.98,383,58.66,8.62,50.48,9.26,51.93,6387,5.75,,,1346.8,3.88,,,6262,6.64,,
101.98,239.96,385.3,58.25,8.62,50.48,9.26,51.94,6392,5.73,,,1346.9,3.87,,,6263,6.63,,
101.99,239.93,387.6,57.85,8.62,50.48,9.27,51.94,6394,5.72,,,1347.3,3.87,,,6264,6.63,,
102,239.9,390.1,57.42,8.63,50.49,9.27,51.94,6396,5.72,,,1347.7,3.86,,,6265,6.63,,
102.01,239.88,392.5,57.01,8.63,50.49,9.27,51.95,6399,5.71,,,1348.1,3.86,,,6266,6.62,,
102.02,239.85,395.1,56.57,8.63,50.49,9.27,51.95,6400,5.71,,,1348.2,3.86,,,6267,6.62,,
102.03,239.82,397.7,56.14,8.63,50.49,9.27,51.95,6401,5.7,,,1349,3.85,,,6268,6.62,,
102.05,239.77,400.3,55.71,8.63,50.5,9.27,51.96,6402,5.7,,,1349.6,3.84,,,6269,6.61,,
102.06,239.74,403.1,55.26,8.63,50.5,9.27,51.96,6404,5.69,,,1349.7,3.84,,,6270,6.61,,
102.07,239.71,405.9,54.81,8.63,50.5,9.28,51.96,6408,5.68,,,1349.8,3.84,,,6271,6.61,,
102.08,239.68,407.7,54.53,8.63,50.5,9.28,51.97,6411,5.67,,,1350.2,3.83,,,6272,6.6,,
102.09,239.66,412.9,53.72,8.63,50.51,9.28,51.97,6415,5.66,,,1350.5,3.83,,,6273,6.6,,
102.1,239.63,416.6,53.16,8.63,50.51,9.28,51.97,6418,5.65,,,1351.3,3.82,,,6274,6.59,,
102.11,239.6,419.2,52.77,8.63,50.51,9.28,51.98,6426,5.63,,,1351.7,3.82,,,6275,6.59,,
102.12,239.57,422.2,52.33,8.64,50.51,9.28,51.98,6427,5.63,,,1352,3.81,,,6276,6.59,,
102.13,239.55,425.3,51.88,8.64,50.51,9.29,51.98,6433,5.61,,,1352.7,3.8,,,6277,6.58,,
102.14,239.52,428.7,51.4,8.64,50.52,9.29,51.99,6436,5.6,,,1353.1,3.8,,,6278,6.58,,
102.15,239.49,432.4,50.88,8.64,50.52,9.29,51.99,6442,5.58,,,1353.6,3.79,,,6279,6.58,,
102.16,239.47,436,50.38,8.64,50.52,9.29,51.99,6453,5.55,,,1354.1,3.79,,,6280,6.57,,
102.17,239.44,440,49.84,8.64,50.52,9.29,51.99,6457,5.54,,,1355.1,3.77,,,6281,6.57,,
102.18,239.41,444.3,49.27,8.64,50.53,9.29,52,6464,5.52,,,1355.2,3.77,,,6282,6.56,,
102.19,239.38,448.7,48.69,8.64,50.53,9.29,52,6475,5.49,,,1355.3,3.77,,,6283,6.56,,
102.2,239.36,453.4,48.1,8.64,50.53,9.29,52,6477,5.48,,,1355.4,3.77,,,6284,6.56,,
102.21,239.33,458.4,47.47,8.64,50.53,9.29,52,6479,5.47,,,1355.5,3.77,,,6285,6.55,,
102.22,239.3,463.7,46.83,8.65,50.53,9.3,52.01,6485,5.46,,,1355.6,3.77,,,6286,6.55,,
102.23,239.28,469.1,46.18,8.65,50.54,9.3,52.01,6486,5.46,,,1355.7,3.77,,,6287,6.55,,
102.24,239.25,474.9,45.51,8.65,50.54,9.3,52.01,6495,5.43,,,1355.8,3.77,,,6288,6.54,,
102.25,239.22,480.9,44.83,8.65,50.54,9.3,52.02,6500,5.42,,,1355.9,3.77,,,6289,6.54,,
102.26,239.19,486.9,44.17,8.65,50.54,9.3,52.02,6503,5.41,,,1356,3.76,,,6290,6.53,,
102.27,239.17,493.5,43.46,8.65,50.55,9.3,52.03,6507,5.4,,,1356.1,3.76,,,6291,6.53,,
102.28,239.14,500,42.79,8.65,50.55,9.31,52.03,6527,5.34,,,1356.2,3.76,,,6292,6.53,,
102.29,239.11,507.1,42.07,8.65,50.55,9.31,52.03,6529,5.34,,,1356.3,3.76,,,6293,6.52,,
102.3,239.08,514.5,41.34,8.65,50.55,9.31,52.04,6530,5.33,,,1356.4,3.76,,,6295,6.52,,
102.31,239.06,521.8,40.64,8.65,50.56,9.31,52.04,6531,5.33,,,1356.5,3.76,,,6296,6.51,,
102.32,239.03,529.9,39.89,8.66,50.56,9.31,52.04,6534,5.32,,,1356.6,3.76,,,6297,6.51,,
102.33,239,537.8,39.18,8.66,50.56,9.31,52.04,6538,5.31,,,1356.7,3.76,,,6299,6.5,,
102.34,238.98,546.2,38.45,8.66,50.56,9.31,52.05,6541,5.3,,,1356.8,3.75,,,6300,6.5,,
102.35,238.95,554.6,37.74,8.66,50.56,9.31,52.05,6546,5.29,,,1356.9,3.75,,,6301,6.5,,
102.36,238.92,563.8,36.99,8.66,50.57,9.31,52.05,6547,5.29,,,1357,3.75,,,6302,6.49,,
102.37,238.89,573,36.26,8.66,50.57,9.32,52.05,6551,5.28,,,1357.1,3.75,,,6303,6.49,,
102.38,238.87,582.5,35.54,8.66,50.57,9.32,52.06,6552,5.28,,,1357.2,3.75,,,6306,6.48,,
102.39,238.84,592.9,34.78,8.66,50.57,9.32,52.06,6560,5.25,,,1357.3,3.75,,,6307,6.47,,
102.4,238.81,602.8,34.07,8.66,50.58,9.32,52.06,6561,5.25,,,1357.4,3.75,,,6308,6.47,,
102.41,238.79,613.7,33.33,8.66,50.58,9.32,52.07,6565,5.24,,,1357.5,3.75,,,6309,6.47,,
102.42,238.76,624.6,32.61,8.67,50.58,9.32,52.07,6567,5.24,,,1357.6,3.75,,,6310,6.46,,
102.43,238.73,635.5,31.92,8.67,50.58,9.32,52.07,6572,5.22,,,1357.7,3.74,,,6311,6.46,,
102.44,238.71,647.9,31.17,8.67,50.58,9.33,52.08,6573,5.22,,,1357.8,3.74,,,6312,6.46,,
102.45,238.68,659,30.51,8.67,50.59,9.33,52.09,6575,5.22,,,1357.9,3.74,,,6313,6.45,,
102.46,238.65,670.7,29.85,8.67,50.59,9.33,52.09,6577,5.21,,,1358,3.74,,,6314,6.45,,
102.47,238.62,681.5,29.26,8.67,50.59,9.34,52.1,6578,5.21,,,1358.1,3.74,,,6315,6.44,,
102.48,238.6,711.3,27.74,8.67,50.59,9.34,52.1,6579,5.2,,,1358.2,3.74,,,6316,6.44,,
102.49,238.57,721.5,27.25,8.67,50.6,9.34,52.1,6582,5.2,,,1358.3,3.74,,,6317,6.44,,
102.5,238.54,732.1,26.75,8.67,50.6,9.34,52.11,6589,5.18,,,1358.4,3.74,,,6318,6.43,,
102.51,238.52,743.4,26.24,8.68,50.6,9.35,52.12,6592,5.17,,,1358.5,3.74,,,6319,6.43,,
102.52,238.49,755.9,25.69,8.68,50.6,9.35,52.12,6602,5.15,,,1358.6,3.73,,,6320,6.43,,
102.53,238.46,771.2,25.05,8.68,50.61,9.35,52.13,6605,5.14,,,1358.7,3.73,,,6321,6.42,,
102.55,238.41,783.1,24.57,8.68,50.61,9.35,52.13,6614,5.12,,,1358.8,3.73,,,6322,6.42,,
102.57,238.35,798.7,23.97,8.68,50.61,9.35,52.13,6615,5.11,,,1358.9,3.73,,,6323,6.42,,
102.58,238.33,812.1,23.47,8.68,50.61,9.35,52.13,6618,5.11,,,1359,3.73,,,6324,6.41,,
102.59,238.3,827.8,22.91,8.68,50.61,9.35,52.14,6620,5.1,,,1359.1,3.73,,,6325,6.41,,
102.6,238.27,840.4,22.47,8.68,50.62,9.36,52.15,6621,5.1,,,1359.2,3.73,,,6326,6.41,,
102.61,238.25,856.6,21.93,8.68,50.62,9.36,52.15,6624,5.09,,,1359.3,3.73,,,6327,6.4,,
102.62,238.22,870.8,21.48,8.68,50.62,9.36,52.15,6625,5.09,,,1359.4,3.72,,,6328,6.4,,
102.63,238.19,886.3,21,8.69,50.62,9.36,52.15,6629,5.08,,,1359.5,3.72,,,6329,6.4,,
102.64,238.16,902.6,20.52,8.69,50.63,9.36,52.16,6630,5.08,,,1359.6,3.72,,,6331,6.39,,
102.65,238.14,916.4,20.13,8.69,50.63,9.37,52.17,6631,5.07,,,1359.7,3.72,,,6332,6.38,,
102.67,238.08,932.1,19.7,8.69,50.63,9.37,52.17,6635,5.06,,,1359.8,3.72,,,6334,6.38,,
102.68,238.06,948.8,19.27,8.69,50.63,9.37,52.18,6639,5.05,,,1359.9,3.72,,,6335,6.37,,
102.69,238.03,966.1,18.83,8.69,50.63,9.37,52.18,6643,5.04,,,1360,3.72,,,6336,6.37,,
102.7,238,985.9,18.35,8.69,50.64,9.37,52.18,6646,5.04,,,1360.1,3.72,,,6337,6.37,,
102.71,237.98,1005.3,17.91,8.69,50.64,9.38,52.19,6648,5.03,,,1360.2,3.72,,,6338,6.36,,
102.72,237.95,1026.5,17.44,8.69,50.64,9.38,52.19,6651,5.03,,,1360.3,3.71,,,6339,6.36,,
102.73,237.92,1046.2,17.03,8.69,50.64,9.38,52.19,6654,5.02,,,1360.4,3.71,,,6340,6.36,,
102.74,237.9,1066.7,16.62,8.7,50.65,9.38,52.2,6658,5.01,,,1360.5,3.71,,,6341,6.35,,
102.75,237.87,1090.3,16.17,8.7,50.65,9.38,52.2,6659,5.01,,,1360.6,3.71,,,6342,6.35,,
102.76,237.84,1112.4,15.77,8.7,50.65,9.38,52.2,6660,5,,,1360.7,3.71,,,6344,6.34,,
102.77,237.81,1135.3,15.37,8.7,50.65,9.38,52.21,6662,5,,,1360.8,3.71,,,6345,6.34,,
102.78,237.79,1164.7,14.89,8.7,50.65,9.38,52.21,6663,5,,,1360.9,3.71,,,6346,6.34,,
102.79,237.76,1189.6,14.51,8.7,50.66,9.39,52.21,6665,4.99,,,1361,3.71,,,6347,6.33,,
102.8,237.73,1221.8,14.04,8.7,50.66,9.39,52.21,6676,4.97,,,1361.1,3.71,,,6348,6.33,,
102.81,237.71,1269.8,13.39,8.7,50.66,9.39,52.22,6677,4.96,,,1361.2,3.7,,,6349,6.33,,
102.82,237.68,1309.2,12.9,8.7,50.66,9.39,52.22,6680,4.96,,,1361.3,3.7,,,6350,6.32,,
102.83,237.65,1347.9,12.46,8.7,50.67,9.39,52.23,6684,4.95,,,1361.4,3.7,,,6351,6.32,,
102.84,237.63,1386.6,12.04,8.71,50.67,9.39,52.23,6686,4.94,,,1361.5,3.7,,,6352,6.32,,
102.85,237.6,1426.9,11.64,8.71,50.67,9.39,52.23,6688,4.94,,,1361.6,3.7,,,6353,6.31,,
102.86,237.57,1467.2,11.27,8.71,50.67,9.39,52.23,6693,4.93,,,1361.7,3.7,,,6354,6.31,,
102.87,237.55,1490.1,11.07,8.71,50.68,9.4,52.24,6695,4.92,,,1361.8,3.7,,,6355,6.31,,
102.88,237.52,1517.5,10.83,8.71,50.68,9.4,52.24,6696,4.92,,,1361.9,3.7,,,6356,6.3,,
102.89,237.49,1558,10.51,8.71,50.68,9.4,52.24,6698,4.91,,,1362,3.69,,,6357,6.3,,
102.9,237.47,1598.2,10.21,8.71,50.68,9.4,52.24,6699,4.91,,,1362.1,3.69,,,6358,6.29,,
102.91,237.44,1647.9,9.86,8.71,50.68,9.4,52.25,6704,4.9,,,1362.2,3.69,,,6359,6.29,,
102.92,237.41,1703.2,9.5,8.71,50.69,9.4,52.25,6707,4.89,,,1362.3,3.69,,,6360,6.29,,
102.93,237.38,1742.6,9.26,8.71,50.69,9.41,52.26,6715,4.87,,,1362.4,3.69,,,6361,6.28,,
102.94,237.36,1778.2,9.06,8.71,50.69,9.41,52.26,6724,4.85,,,1362.5,3.69,,,6362,6.28,,
102.95,237.33,1860,8.63,8.72,50.69,9.41,52.26,6727,4.85,,,1362.6,3.69,,,6363,6.28,,
102.96,237.3,1917,8.35,8.72,50.7,9.41,52.27,6731,4.84,,,1362.7,3.69,,,6365,6.27,,
102.97,237.28,1986,8.04,8.72,50.7,9.41,52.27,6732,4.84,,,1362.8,3.69,,,6366,6.27,,
102.98,237.25,2041,7.82,8.72,50.7,9.41,52.28,6734,4.83,,,1362.9,3.68,,,6367,6.26,,
102.99,237.22,2107,7.56,8.72,50.7,9.41,52.28,6737,4.82,,,1363,3.68,,,6368,6.26,,
103,237.2,2163,7.36,8.72,50.7,9.42,52.28,6738,4.82,,,1363.1,3.68,,,6369,6.26,,
103.01,237.17,2235,7.12,8.72,50.71,9.42,52.29,6743,4.81,,,1363.2,3.68,,,6370,6.25,,
103.02,237.14,2315,6.88,8.72,50.71,9.42,52.29,6744,4.81,,,1363.3,3.68,,,6371,6.25,,
103.03,237.12,2404,6.63,8.72,50.71,9.42,52.29,6746,4.8,,,1363.4,3.68,,,6372,6.25,,
103.04,237.09,2473,6.45,8.72,50.71,9.42,52.3,6747,4.8,,,1363.5,3.68,,,6373,6.24,,
103.05,237.06,2545,6.28,8.73,50.72,9.43,52.3,6752,4.79,,,1363.6,3.68,,,6374,6.24,,
103.06,237.04,2637,6.07,8.73,50.72,9.43,52.3,6756,4.78,,,1363.7,3.68,,,6375,6.24,,
103.07,237.01,2714,5.91,8.73,50.72,9.43,52.31,6759,4.78,,,1363.8,3.67,,,6376,6.23,,
103.08,236.98,2753,5.83,8.73,50.72,9.43,52.32,6765,4.76,,,1363.9,3.67,,,6377,6.23,,
103.09,236.96,2808,5.73,8.73,50.73,9.43,52.32,6772,4.75,,,1364,3.67,,,6378,6.23,,
103.1,236.93,2880,5.6,8.73,50.73,9.44,52.33,6773,4.75,,,1364.1,3.67,,,6379,6.22,,
103.11,236.9,2917,5.53,8.73,50.73,9.44,52.33,6775,4.74,,,1364.2,3.67,,,6380,6.22,,
103.12,236.88,2932,5.51,8.73,50.73,9.44,52.34,6780,4.73,,,1364.3,3.67,,,6381,6.22,,
103.13,236.85,2966,5.45,8.73,50.73,9.44,52.34,6785,4.72,,,1364.4,3.67,,,6382,6.21,,
103.14,236.82,2972,5.44,8.73,50.74,9.45,52.36,6791,4.71,,,1364.5,3.67,,,6383,6.21,,
103.15,236.8,2991,5.41,8.74,50.74,9.45,52.36,6792,4.7,,,1364.6,3.67,,,6384,6.21,,
103.16,236.77,3035,5.34,8.74,50.74,9.45,52.36,6794,4.7,,,1364.7,3.66,,,6385,6.2,,
103.17,236.74,3051,5.31,8.74,50.74,9.45,52.37,6802,4.68,,,1364.8,3.66,,,6386,6.2,,
103.18,236.72,3069,5.29,8.74,50.75,9.46,52.38,6814,4.66,,,1364.9,3.66,,,6387,6.2,,
103.19,236.69,3091,5.25,8.74,50.75,9.46,52.38,6815,4.66,,,1365,3.66,,,6388,6.19,,
103.2,236.66,3125,5.2,8.74,50.75,9.46,52.38,6824,4.64,,,1365.1,3.66,,,6389,6.19,,
103.21,236.64,3145,5.18,8.74,50.75,9.46,52.39,6831,4.62,,,1365.2,3.66,,,6390,6.19,,
103.22,236.61,3168,5.14,8.74,50.75,9.46,52.39,6832,4.62,,,1365.3,3.66,,,6391,6.18,,
103.23,236.58,3178,5.13,8.74,50.76,9.46,52.39,6833,4.62,,,1365.4,3.66,,,6392,6.18,,
103.24,236.56,3197,5.1,8.74,50.76,9.47,52.4,6836,4.61,,,1365.5,3.66,,,6393,6.18,,
103.25,236.53,3216,5.08,8.75,50.76,9.47,52.4,6846,4.59,,,1365.6,3.65,,,6394,6.17,,
103.26,236.5,3223,5.07,8.75,50.76,9.47,52.41,6847,4.59,,,1365.7,3.65,,,6395,6.17,,
103.27,236.48,3229,5.06,8.75,50.77,9.47,52.41,6849,4.58,,,1365.8,3.65,,,6396,6.17,,
103.28,236.45,3249,5.03,8.75,50.77,9.47,52.41,6850,4.58,,,1365.9,3.65,,,6397,6.16,,
103.29,236.42,3252,5.03,8.75,50.77,9.47,52.41,6853,4.58,,,1366,3.65,,,6398,6.16,,
103.3,236.4,3274,5,8.75,50.77,9.48,52.42,6858,4.57,,,1366.1,3.65,,,6399,6.16,,
103.31,236.37,3281,4.99,8.75,50.77,9.48,52.42,6860,4.56,,,1366.2,3.65,,,6400,6.15,,
103.32,236.34,3358,4.89,8.75,50.78,9.48,52.43,6861,4.56,,,1366.3,3.65,,,6401,6.15,,
103.33,236.32,3390,4.85,8.75,50.78,9.48,52.43,6862,4.56,,,1366.4,3.65,,,6402,6.15,,
103.34,236.29,3418,4.82,8.76,50.78,9.48,52.43,6865,4.55,,,1366.5,3.64,,,6403,6.14,,
103.35,236.26,3444,4.79,8.76,50.78,9.48,52.43,6867,4.55,,,1366.6,3.64,,,6404,6.14,,
103.36,236.24,3446,4.79,8.76,50.79,9.49,52.45,6870,4.54,,,1366.7,3.64,,,6405,6.14,,
103.37,236.21,3464,4.77,8.76,50.79,9.5,52.46,6871,4.54,,,1366.8,3.64,,,6406,6.13,,
103.38,236.18,3486,4.74,8.76,50.79,9.5,52.47,6872,4.54,,,1366.9,3.64,,,6407,6.13,,
103.39,236.16,3498,4.73,8.76,50.79,9.5,52.47,6879,4.52,,,1367,3.64,,,6408,6.13,,
103.4,236.13,3501,4.72,8.76,50.8,9.5,52.47,6881,4.52,,,1367.1,3.64,,,6409,6.12,,
103.41,236.1,3504,4.72,8.76,50.8,9.5,52.48,6883,4.52,,,1367.2,3.64,,,6410,6.12,,
103.42,236.08,3505,4.72,8.76,50.8,9.5,52.48,6886,4.51,,,1367.3,3.64,,,6411,6.12,,
103.43,236.05,3511,4.71,8.76,50.8,9.51,52.48,6892,4.5,,,1367.4,3.63,,,6412,6.11,,
103.44,236.03,3515,4.71,8.77,50.8,9.51,52.49,6896,4.49,,,1367.5,3.63,,,6413,6.11,,
103.45,236,3521,4.7,8.77,50.81,9.51,52.49,6907,4.47,,,1367.6,3.63,,,6414,6.11,,
103.46,235.97,3529,4.69,8.77,50.81,9.51,52.49,6908,4.47,,,1367.7,3.63,,,6415,6.11,,
103.47,235.95,3530,4.69,8.77,50.81,9.51,52.5,6910,4.46,,,1367.8,3.63,,,6416,6.1,,
103.48,235.92,3532,4.69,8.77,50.81,9.52,52.51,6911,4.46,,,1367.9,3.63,,,6417,6.1,,
103.49,235.89,3533,4.69,8.77,50.82,9.52,52.51,6915,4.45,,,1368,3.63,,,6418,6.1,,
103.5,235.87,3535,4.69,8.77,50.82,9.52,52.52,6926,4.43,,,1368.1,3.63,,,6419,6.09,,
103.51,235.84,3536,4.68,8.77,50.82,9.52,52.53,6929,4.43,,,1368.2,3.63,,,6420,6.09,,
103.52,235.81,3537,4.68,8.77,50.82,9.53,52.53,6930,4.42,,,1368.3,3.62,,,6423,6.08,,
103.53,235.79,3541,4.68,8.77,50.82,9.53,52.53,6932,4.42,,,1368.4,3.62,,,6424,6.08,,
103.54,235.76,3543,4.68,8.78,50.83,9.53,52.54,6935,4.42,,,1368.5,3.62,,,6425,6.07,,
103.55,235.73,3544,4.68,8.78,50.83,9.53,52.54,6936,4.41,,,1368.6,3.62,,,6426,6.07,,
103.56,235.71,3546,4.67,8.78,50.83,9.54,52.56,6940,4.41,,,1368.7,3.62,,,6427,6.07,,
103.57,235.68,3547,4.67,8.78,50.83,9.54,52.57,6948,4.39,,,1368.8,3.62,,,6428,6.06,,
103.58,235.65,3548,4.67,8.78,50.84,9.54,52.57,6951,4.38,,,1368.9,3.62,,,6429,6.06,,
103.59,235.63,3549,4.67,8.78,50.84,9.55,52.58,6961,4.37,,,1369,3.62,,,6430,6.06,,
103.6,235.6,3550,4.67,8.78,50.84,9.55,52.58,6966,4.36,,,1369.1,3.62,,,6431,6.05,,
103.61,235.58,3551,4.67,8.78,50.84,9.55,52.59,6971,4.35,,,1369.2,3.61,,,6432,6.05,,
103.62,235.55,3552,4.67,8.78,50.85,9.55,52.59,6973,4.34,,,1369.3,3.61,,,6433,6.05,,
103.63,235.52,3553,4.67,8.78,50.85,9.56,52.6,6980,4.33,,,1369.4,3.61,,,6434,6.04,,
103.64,235.5,3554,4.66,8.79,50.85,9.56,52.6,6983,4.33,,,1369.5,3.61,,,6435,6.04,,
103.65,235.47,3555,4.66,8.79,50.85,9.56,52.61,6986,4.32,,,1369.6,3.61,,,6436,6.04,,
103.66,235.44,3556,4.66,8.79,50.85,9.56,52.62,6988,4.32,,,1369.7,3.61,,,6437,6.03,,
103.67,235.42,3557,4.66,8.79,50.86,9.57,52.62,6994,4.31,,,1369.8,3.61,,,6438,6.03,,
103.68,235.39,3558,4.66,8.79,50.86,9.57,52.63,6997,4.3,,,1369.9,3.61,,,6439,6.03,,
103.69,235.36,3559,4.66,8.79,50.86,9.57,52.63,7000,4.29,,,1370,3.61,,,6440,6.03,,
103.7,235.34,3560,4.66,8.79,50.86,9.58,52.64,7004,4.29,,,1370.1,3.6,,,6441,6.02,,
103.71,235.31,3561,4.66,8.79,50.87,9.58,52.65,7005,4.29,,,1370.2,3.6,,,6442,6.02,,
103.72,235.29,3562,4.66,8.79,50.87,9.58,52.66,7006,4.28,,,1370.3,3.6,,,6443,6.02,,
103.73,235.26,3563,4.66,8.79,50.87,9.58,52.66,7022,4.25,,,1370.4,3.6,,,6444,6.01,,
103.74,235.23,3564,4.65,8.79,50.87,9.59,52.67,7025,4.25,,,1370.5,3.6,,,6445,6.01,,
103.75,235.21,3565,4.65,8.8,50.87,9.59,52.68,7026,4.25,,,1370.6,3.6,,,6446,6.01,,
103.76,235.18,3566,4.65,8.8,50.88,9.59,52.68,7030,4.24,,,1370.7,3.6,,,6447,6,,
103.77,235.15,3567,4.65,8.8,50.88,9.6,52.69,7041,4.22,,,1370.8,3.6,,,6448,6,,
103.78,235.13,3568,4.65,8.8,50.88,9.6,52.69,7043,4.22,,,1370.9,3.6,,,6449,6,,
103.79,235.1,3569,4.65,8.8,50.88,9.6,52.69,7052,4.2,,,1371,3.6,,,6450,5.99,,
103.8,235.07,3570,4.65,8.8,50.89,9.6,52.7,7074,4.16,,,1371.1,3.59,,,6451,5.99,,
103.81,235.05,3571,4.65,8.8,50.89,9.6,52.7,7078,4.16,,,1371.2,3.59,,,6452,5.99,,
103.82,235.02,3572,4.65,8.8,50.89,9.61,52.71,7079,4.16,,,1371.3,3.59,,,6453,5.98,,
103.83,235,3573,4.64,8.8,50.89,9.61,52.71,7086,4.14,,,1371.4,3.59,,,6454,5.98,,
103.84,234.97,3574,4.64,8.8,50.9,9.61,52.72,7087,4.14,,,1371.5,3.59,,,6455,5.98,,
103.85,234.94,3575,4.64,8.81,50.9,9.61,52.72,7089,4.14,,,1371.6,3.59,,,6456,5.98,,
103.86,234.92,3576,4.64,8.81,50.9,9.61,52.72,7099,4.12,,,1371.7,3.59,,,6457,5.97,,
103.87,234.89,3577,4.64,8.81,50.9,9.61,52.72,7100,4.12,,,1371.8,3.59,,,6458,5.97,,
103.88,234.86,3578,4.64,8.81,50.9,9.62,52.73,7104,4.11,,,1371.9,3.59,,,6459,5.97,,
103.89,234.84,3579,4.64,8.81,50.91,9.62,52.74,7107,4.11,,,1372,3.58,,,6460,5.96,,
103.9,234.81,3580,4.64,8.81,50.91,9.62,52.75,7108,4.11,,,1372.1,3.58,,,6461,5.96,,
103.91,234.79,3581,4.64,8.81,50.91,9.62,52.75,7109,4.11,,,1372.2,3.58,,,6462,5.96,,
103.92,234.76,3582,4.63,8.81,50.91,9.62,52.75,7111,4.1,,,1372.3,3.58,,,6463,5.95,,
103.93,234.73,3583,4.63,8.81,50.92,9.63,52.76,7113,4.1,,,1372.4,3.58,,,6464,5.95,,
103.94,234.71,3584,4.63,8.81,50.92,9.63,52.76,7117,4.09,,,1372.5,3.58,,,6465,5.95,,
103.95,234.68,3585,4.63,8.82,50.92,9.63,52.77,7122,4.08,,,1372.6,3.58,,,6466,5.94,,
103.96,234.65,3586,4.63,8.82,50.92,9.63,52.77,7124,4.08,,,1372.7,3.58,,,6467,5.94,,
103.97,234.63,3587,4.63,8.82,50.92,9.63,52.77,7125,4.08,,,1372.8,3.58,,,6468,5.94,,
103.98,234.6,3588,4.63,8.82,50.93,9.63,52.78,7126,4.08,,,1372.9,3.57,,,6470,5.93,,
103.99,234.58,3589,4.63,8.82,50.93,9.64,52.79,7135,4.06,,,1373,3.57,,,6471,5.93,,
104,234.55,3590,4.63,8.82,50.93,9.64,52.79,7144,4.05,,,1373.1,3.57,,,6472,5.93,,
104.01,234.52,3591,4.63,8.82,50.93,9.64,52.8,7149,4.04,,,1373.2,3.57,,,6473,5.92,,
104.02,234.5,3592,4.62,8.82,50.94,9.65,52.8,7150,4.04,,,1373.3,3.57,,,6474,5.92,,
104.03,234.47,3593,4.62,8.82,50.94,9.65,52.82,7157,4.03,,,1373.4,3.57,,,6475,5.92,,
104.04,234.44,3594,4.62,8.82,50.94,9.65,52.82,7170,4.01,,,1373.5,3.57,,,6476,5.91,,
104.05,234.42,3595,4.62,8.83,50.94,9.65,52.82,7171,4,,,1373.6,3.57,,,6477,5.91,,
104.06,234.39,3596,4.62,8.83,50.94,9.66,52.83,7173,4,,,1373.7,3.57,,,6478,5.91,,
104.07,234.37,3597,4.62,8.83,50.95,9.66,52.83,7174,4,,,1373.8,3.57,,,6479,5.9,,
104.08,234.34,3598,4.62,8.83,50.95,9.66,52.83,7175,4,,,1373.9,3.56,,,6480,5.9,,
104.09,234.31,3599,4.62,8.83,50.95,9.66,52.84,7179,3.99,,,1374,3.56,,,6481,5.9,,
104.1,234.29,3600,4.62,8.83,50.95,9.66,52.84,7181,3.99,,,1374.1,3.56,,,6482,5.9,,
104.11,234.26,3601,4.61,8.83,50.96,9.66,52.84,7186,3.98,,,1374.2,3.56,,,6483,5.89,,
104.12,234.24,3602,4.61,8.83,50.96,9.67,52.85,7188,3.98,,,1374.3,3.56,,,6484,5.89,,
104.13,234.21,3603,4.61,8.83,50.96,9.67,52.86,7196,3.97,,,1374.4,3.56,,,6486,5.88,,
104.14,234.18,3604,4.61,8.84,50.96,9.67,52.86,7199,3.96,,,1374.5,3.56,,,6487,5.88,,
104.15,234.16,3605,4.61,8.84,50.97,9.67,52.87,7209,3.94,,,1374.6,3.56,,,6488,5.88,,
104.16,234.13,3606,4.61,8.84,50.97,9.68,52.87,7215,3.94,,,1374.7,3.56,,,6489,5.87,,
104.17,234.1,3607,4.61,8.84,50.97,9.68,52.87,7216,3.93,,,1374.8,3.55,,,6490,5.87,,
104.18,234.08,3608,4.61,8.84,50.97,9.68,52.88,7219,3.93,,,1374.9,3.55,,,6491,5.87,,
104.19,234.05,3609,4.61,8.84,50.97,9.68,52.88,7224,3.92,,,1375,3.55,,,6492,5.86,,
104.2,234.03,3610,4.6,8.84,50.98,9.68,52.89,7225,3.92,,,1375.1,3.55,,,6493,5.86,,
104.21,234,3611,4.6,8.84,50.98,9.69,52.89,7226,3.92,,,1375.2,3.55,,,6496,5.85,,
104.22,233.97,3612,4.6,8.84,50.98,9.69,52.89,7227,3.92,,,1375.3,3.55,,,6498,5.85,,
104.23,233.95,3613,4.6,8.84,50.98,9.69,52.9,7232,3.91,,,1375.4,3.55,,,6501,5.84,,
104.24,233.92,3614,4.6,8.85,50.99,9.69,52.9,7234,3.91,,,1375.5,3.55,,,6510,5.81,,
104.25,233.9,3615,4.6,8.85,50.99,9.69,52.9,7235,3.91,,,1375.6,3.55,,,6512,5.81,,
104.26,233.87,3616,4.6,8.85,50.99,9.69,52.91,7249,3.88,,,1375.7,3.55,,,6519,5.78,,
104.27,233.84,3617,4.6,8.85,50.99,9.7,52.91,7260,3.87,,,1375.8,3.54,,,6527,5.76,,
104.28,233.82,3618,4.6,8.85,50.99,9.7,52.92,7261,3.87,,,1375.9,3.54,,,6529,5.76,,
104.29,233.79,3619,4.6,8.85,51,9.7,52.92,7265,3.86,,,1376,3.54,,,6530,5.75,,
104.3,233.77,3620,4.59,8.85,51,9.7,52.93,7266,3.86,,,1376.1,3.54,,,6532,5.75,,
104.31,233.74,3622,4.59,8.85,51,9.71,52.94,7267,3.86,,,1376.2,3.54,,,6535,5.74,,
104.32,233.71,3623,4.59,8.85,51,9.71,52.94,7269,3.85,,,1376.3,3.54,,,6547,5.7,,
104.33,233.69,3624,4.59,8.85,51.01,9.71,52.95,7272,3.85,,,1376.4,3.54,,,6551,5.69,,
104.34,233.66,3625,4.59,8.86,51.01,9.71,52.95,7273,3.85,,,1376.5,3.54,,,6561,5.66,,
104.35,233.64,3626,4.59,8.86,51.01,9.71,52.95,7276,3.84,,,1376.6,3.54,,,6563,5.66,,
104.36,233.61,3630,4.58,8.86,51.01,9.71,52.96,7284,3.83,,,1376.7,3.53,,,6564,5.66,,
104.37,233.58,3631,4.58,8.86,51.02,9.71,52.96,7287,3.83,,,1376.8,3.53,,,6571,5.64,,
104.38,233.56,3632,4.58,8.86,51.02,9.72,52.97,7290,3.82,,,1376.9,3.53,,,6576,5.62,,
104.39,233.53,3635,4.58,8.86,51.02,9.72,52.97,7296,3.81,,,1377,3.53,,,6581,5.61,,
104.4,233.51,3636,4.58,8.86,51.02,9.72,52.98,7300,3.81,,,1377.1,3.53,,,6583,5.6,,
104.41,233.48,3638,4.58,8.86,51.02,9.72,52.98,7301,3.81,,,1377.2,3.53,,,6586,5.59,,
104.42,233.45,3639,4.57,8.86,51.03,9.73,53,7302,3.81,,,1377.3,3.53,,,6595,5.57,,
104.43,233.43,3642,4.57,8.86,51.03,9.73,53,7303,3.8,,,1377.4,3.53,,,6598,5.56,,
104.44,233.4,3644,4.57,8.87,51.03,9.73,53,7308,3.8,,,1377.5,3.53,,,6601,5.55,,
104.45,233.38,3645,4.57,8.87,51.03,9.73,53,7315,3.79,,,1377.6,3.53,,,6606,5.54,,
104.46,233.35,3646,4.57,8.87,51.04,9.74,53.01,7316,3.79,,,1377.7,3.52,,,6614,5.52,,
104.47,233.32,3650,4.56,8.87,51.04,9.74,53.02,7320,3.78,,,1377.8,3.52,,,6615,5.51,,
104.48,233.3,3651,4.56,8.87,51.04,9.74,53.02,7321,3.78,,,1377.9,3.52,,,6623,5.49,,
104.49,233.27,3652,4.56,8.87,51.04,9.75,53.03,7322,3.78,,,1378,3.52,,,6626,5.48,,
104.5,233.25,3655,4.56,8.87,51.04,9.75,53.03,7323,3.78,,,1378.1,3.52,,,6627,5.48,,
104.51,233.22,3661,4.55,8.87,51.05,9.75,53.03,7324,3.77,,,1378.2,3.52,,,6632,5.47,,
104.52,233.19,3662,4.55,8.87,51.05,9.75,53.05,7325,3.77,,,1378.3,3.52,,,6635,5.46,,
104.53,233.17,3681,4.53,8.88,51.05,9.76,53.05,7326,3.77,,,1378.4,3.52,,,6636,5.46,,
104.54,233.14,3699,4.51,8.88,51.06,9.76,53.06,7327,3.77,,,1378.5,3.52,,,6639,5.45,,
104.55,233.12,3705,4.51,8.88,51.06,9.76,53.07,7328,3.77,,,1378.6,3.51,,,6640,5.45,,
104.56,233.09,3714,4.5,8.88,51.06,9.76,53.07,7329,3.77,,,1378.7,3.51,,,6643,5.44,,
104.57,233.06,3722,4.49,8.88,51.07,9.77,53.07,7330,3.77,,,1378.8,3.51,,,6652,5.42,,
104.58,233.04,3726,4.49,8.88,51.07,9.77,53.08,7331,3.76,,,1378.9,3.51,,,6654,5.41,,
104.59,233.01,3727,4.49,8.88,51.07,9.77,53.08,7332,3.76,,,1379,3.51,,,6659,5.4,,
104.6,232.99,3731,4.48,8.88,51.07,9.77,53.08,7333,3.76,,,1379.1,3.51,,,6661,5.39,,
104.61,232.96,3733,4.48,8.88,51.07,9.77,53.08,7334,3.76,,,1379.2,3.51,,,6662,5.39,,
104.62,232.94,3734,4.48,8.88,51.08,9.77,53.09,7335,3.76,,,1379.3,3.51,,,6663,5.39,,
104.63,232.91,3737,4.48,8.89,51.08,9.77,53.09,7336,3.76,,,1379.4,3.51,,,6665,5.38,,
104.64,232.88,3739,4.47,8.89,51.08,9.78,53.1,7337,3.76,,,1379.5,3.51,,,6667,5.38,,
104.65,232.86,3746,4.47,8.89,51.08,9.78,53.1,7338,3.75,,,1379.6,3.5,,,6673,5.36,,
104.66,232.83,3755,4.46,8.89,51.09,9.78,53.1,7339,3.75,,,1379.7,3.5,,,6675,5.36,,
104.67,232.81,3759,4.46,8.89,51.09,9.78,53.1,7340,3.75,,,1379.8,3.5,,,6681,5.34,,
104.68,232.78,3763,4.45,8.89,51.09,9.78,53.11,7341,3.75,,,1379.9,3.5,,,6693,5.31,,
104.69,232.75,3765,4.45,8.89,51.1,9.78,53.11,7342,3.75,,,1380,3.5,,,6694,5.31,,
104.7,232.73,3768,4.45,8.9,51.1,9.78,53.11,7343,3.75,,,1380.1,3.5,,,6698,5.3,,
104.71,232.7,3769,4.45,8.9,51.11,9.78,53.12,7344,3.75,,,1380.2,3.5,,,6699,5.3,,
104.72,232.68,3774,4.44,8.9,51.11,9.79,53.12,7345,3.74,,,1380.3,3.5,,,6706,5.28,,
104.73,232.65,3785,4.43,8.9,51.11,9.79,53.13,7346,3.74,,,1380.4,3.5,,,6707,5.28,,
104.74,232.63,3801,4.42,8.9,51.12,9.79,53.13,7347,3.74,,,1380.5,3.5,,,6709,5.27,,
104.75,232.6,3815,4.4,8.9,51.12,9.79,53.13,7348,3.74,,,1380.6,3.49,,,6710,5.27,,
104.76,232.57,3829,4.39,8.91,51.12,9.79,53.13,7349,3.74,,,1380.7,3.49,,,6712,5.26,,
104.77,232.55,3847,4.37,8.91,51.13,9.79,53.14,7350,3.74,,,1380.8,3.49,,,6717,5.25,,
104.78,232.52,3850,4.37,8.91,51.13,9.79,53.14,7351,3.74,,,1380.9,3.49,,,6722,5.24,,
104.79,232.5,3867,4.35,8.91,51.14,9.8,53.14,7352,3.74,,,1381,3.49,,,6727,5.23,,
104.8,232.47,,,8.91,51.14,9.8,53.15,7353,3.73,,,1381.1,3.49,,,6730,5.22,,
104.81,232.44,,,8.91,51.14,9.8,53.15,7354,3.73,,,1381.2,3.49,,,6732,5.21,,
104.82,232.42,,,8.91,51.14,9.8,53.15,7355,3.73,,,1381.3,3.49,,,6741,5.19,,
104.83,232.39,,,8.92,51.15,9.8,53.16,7356,3.73,,,1381.4,3.49,,,6742,5.19,,
104.84,232.37,,,8.92,51.15,9.8,53.16,7357,3.73,,,1381.5,3.49,,,6749,5.17,,
104.85,232.34,,,8.92,51.15,9.8,53.16,7358,3.73,,,1381.6,3.48,,,6750,5.17,,
104.86,232.32,,,8.92,51.16,9.81,53.17,7359,3.73,,,1381.7,3.48,,,6762,5.14,,
104.87,232.29,,,8.92,51.16,9.81,53.17,7360,3.72,,,1381.8,3.48,,,6764,5.14,,
104.88,232.26,,,8.92,51.16,9.81,53.17,7361,3.72,,,1381.9,3.48,,,6766,5.13,,
104.89,232.24,,,8.93,51.17,9.81,53.18,7362,3.72,,,1382,3.48,,,6771,5.12,,
104.9,232.21,,,8.93,51.18,9.81,53.18,7363,3.72,,,1382.1,3.48,,,6775,5.11,,
104.91,232.19,,,8.93,51.18,9.81,53.18,7364,3.72,,,1382.2,3.48,,,6778,5.11,,
104.92,232.16,,,8.93,51.18,9.81,53.18,7365,3.72,,,1382.3,3.48,,,6779,5.1,,
104.93,232.14,,,8.93,51.19,9.81,53.18,7366,3.72,,,1382.4,3.48,,,6781,5.1,,
104.94,232.11,,,8.94,51.19,9.81,53.19,7367,3.71,,,1382.5,3.48,,,6785,5.09,,
104.95,232.08,,,8.94,51.19,9.82,53.19,7368,3.71,,,1382.6,3.47,,,6787,5.08,,
104.96,232.06,,,8.94,51.19,9.82,53.19,7369,3.71,,,1382.7,3.47,,,6789,5.08,,
104.97,232.03,,,8.94,51.2,9.82,53.19,7370,3.71,,,1382.8,3.47,,,6794,5.07,,
104.98,232.01,,,8.94,51.2,9.82,53.2,7371,3.71,,,1382.9,3.47,,,6800,5.05,,
104.99,231.98,,,8.94,51.21,9.82,53.2,7372,3.71,,,1383,3.47,,,6804,5.04,,
105,231.96,,,8.94,51.21,9.82,53.2,7373,3.71,,,1383.1,3.47,,,6806,5.04,,
105.01,231.93,,,8.94,51.21,9.82,53.2,7374,3.7,,,1383.2,3.47,,,6809,5.03,,
105.02,231.91,,,8.95,51.21,9.82,53.2,7375,3.7,,,1383.3,3.47,,,6818,5.01,,
105.03,231.88,,,8.95,51.22,9.82,53.21,7376,3.7,,,1383.4,3.47,,,6821,5.01,,
105.04,231.85,,,8.95,51.23,9.82,53.21,7377,3.7,,,1383.5,3.46,,,6822,5,,
105.05,231.83,,,8.95,51.23,9.83,53.21,7378,3.7,,,1383.6,3.46,,,6826,4.99,,
105.06,231.8,,,8.96,51.24,9.83,53.21,7379,3.7,,,1383.7,3.46,,,6829,4.99,,
105.07,231.78,,,8.96,51.25,9.83,53.22,7380,3.7,,,1383.8,3.46,,,6832,4.98,,
105.08,231.75,,,8.96,51.25,9.83,53.22,7381,3.7,,,1383.9,3.46,,,6839,4.97,,
105.09,231.73,,,8.96,51.26,9.83,53.22,7382,3.69,,,1384,3.46,,,6842,4.96,,
105.1,231.7,,,8.97,51.26,9.83,53.22,7383,3.69,,,1384.1,3.46,,,6843,4.96,,
105.11,231.67,,,8.97,51.27,9.83,53.23,7384,3.69,,,1384.2,3.46,,,6848,4.95,,
105.12,231.65,,,8.97,51.27,9.83,53.23,7385,3.69,,,1384.3,3.46,,,6853,4.93,,
105.13,231.62,,,8.97,51.28,9.83,53.23,7386,3.69,,,1384.4,3.46,,,6862,4.92,,
105.15,231.57,,,8.98,51.28,9.84,53.23,7387,3.69,,,1384.5,3.45,,,6871,4.9,,
105.16,231.55,,,8.98,51.29,9.84,53.23,7388,3.69,,,1384.6,3.45,,,6875,4.89,,
105.17,231.52,,,8.98,51.29,9.84,53.24,7389,3.68,,,1384.7,3.45,,,6887,4.86,,
105.18,231.5,,,8.98,51.3,9.84,53.24,7390,3.68,,,1384.8,3.45,,,6896,4.84,,
105.19,231.47,,,8.98,51.3,9.84,53.24,7391,3.68,,,1384.9,3.45,,,6903,4.83,,
105.2,231.44,,,8.99,51.31,9.84,53.24,7392,3.68,,,1385,3.45,,,6913,4.81,,
105.21,231.42,,,8.99,51.31,9.84,53.25,7393,3.68,,,1385.1,3.45,,,6921,4.79,,
105.22,231.39,,,8.99,51.32,9.84,53.25,7394,3.68,,,1385.2,3.45,,,6925,4.78,,
105.23,231.37,,,8.99,51.32,9.84,53.25,7395,3.68,,,1385.3,3.45,,,6926,4.78,,
105.24,231.34,,,8.99,51.32,9.84,53.25,7396,3.67,,,1385.4,3.45,,,6927,4.78,,
105.25,231.32,,,9,51.33,9.85,53.25,7397,3.67,,,1385.5,3.44,,,6929,4.77,,
105.26,231.29,,,9,51.33,9.85,53.26,7398,3.67,,,1385.6,3.44,,,6930,4.77,,
105.27,231.27,,,9,51.33,9.85,53.26,7399,3.67,,,1385.7,3.44,,,6931,4.77,,
105.28,231.24,,,9,51.34,9.85,53.26,7400,3.67,,,1385.8,3.44,,,6932,4.77,,
105.29,231.21,,,9,51.34,9.85,53.26,7401,3.67,,,1385.9,3.44,,,6933,4.76,,
105.3,231.19,,,9,51.34,9.85,53.27,7402,3.67,,,1386,3.44,,,6938,4.75,,
105.31,231.16,,,9.01,51.35,9.85,53.27,7403,3.67,,,1386.1,3.44,,,6945,4.74,,
105.32,231.14,,,9.01,51.36,9.85,53.27,7404,3.66,,,1386.2,3.44,,,6947,4.74,,
105.33,231.11,,,9.01,51.36,9.85,53.27,7405,3.66,,,1386.3,3.44,,,6951,4.73,,
105.34,231.09,,,9.01,51.36,9.85,53.28,7406,3.66,,,1386.4,3.44,,,6957,4.72,,
105.35,231.06,,,9.01,51.36,9.86,53.28,7407,3.66,,,1386.5,3.43,,,6958,4.71,,
105.36,231.04,,,9.02,51.38,9.86,53.28,7408,3.66,,,1386.6,3.43,,,6962,4.71,,
105.37,231.01,,,9.02,51.39,9.86,53.28,7409,3.66,,,1386.7,3.43,,,6963,4.7,,
105.38,230.99,,,9.02,51.39,9.86,53.28,7410,3.66,,,1386.8,3.43,,,6967,4.7,,
105.39,230.96,,,9.03,51.4,9.86,53.29,7411,3.65,,,1386.9,3.43,,,6970,4.69,,
105.4,230.93,,,9.03,51.41,9.86,53.29,7412,3.65,,,1387,3.43,,,6974,4.68,,
105.41,230.91,,,9.04,51.42,9.86,53.29,7413,3.65,,,1387.1,3.43,,,6975,4.68,,
105.42,230.88,,,9.04,51.43,9.86,53.29,7414,3.65,,,1387.2,3.43,,,6977,4.68,,
105.43,230.86,,,9.04,51.43,9.86,53.3,7415,3.65,,,1387.3,3.43,,,6979,4.67,,
105.44,230.83,,,9.04,51.43,9.86,53.3,7416,3.65,,,1387.4,3.43,,,6980,4.67,,
105.45,230.81,,,9.05,51.44,9.87,53.3,7417,3.65,,,1387.5,3.43,,,6991,4.65,,
105.46,230.78,,,9.05,51.45,9.87,53.3,7418,3.65,,,1387.6,3.42,,,6993,4.64,,
105.47,230.76,,,9.05,51.45,9.87,53.3,7419,3.64,,,1387.7,3.42,,,6997,4.64,,
105.48,230.73,,,9.06,51.47,9.87,53.31,7420,3.64,,,1387.8,3.42,,,6998,4.63,,
105.49,230.71,,,9.06,51.48,9.87,53.31,7421,3.64,,,1387.9,3.42,,,7000,4.63,,
105.5,230.68,,,9.07,51.49,9.87,53.31,7422,3.64,,,1388,3.42,,,7006,4.62,,
105.51,230.65,,,9.07,51.5,9.87,53.31,7423,3.64,,,1388.1,3.42,,,7016,4.6,,
105.52,230.63,,,9.07,51.5,9.87,53.32,7424,3.64,,,1388.2,3.42,,,7021,4.59,,
105.53,230.6,,,9.07,51.5,9.87,53.32,7425,3.64,,,1388.3,3.42,,,7028,4.58,,
105.54,230.58,,,9.08,51.51,9.87,53.32,7426,3.63,,,1388.4,3.42,,,7033,4.57,,
105.55,230.55,,,9.08,51.51,9.88,53.32,7427,3.63,,,1388.5,3.42,,,7037,4.56,,
105.56,230.53,,,9.08,51.52,9.88,53.33,7428,3.63,,,1388.6,3.41,,,7044,4.55,,
105.57,230.5,,,9.08,51.52,9.88,53.33,7429,3.63,,,1388.7,3.41,,,7052,4.53,,
105.58,230.48,,,9.08,51.53,9.88,53.33,7430,3.63,,,1388.8,3.41,,,7060,4.52,,
105.59,230.45,,,9.09,51.54,9.88,53.33,7431,3.63,,,1388.9,3.41,,,7067,4.5,,
105.6,230.43,,,9.09,51.55,9.88,53.33,7432,3.63,,,1389,3.41,,,7076,4.49,,
105.61,230.4,,,9.1,51.56,9.88,53.34,7433,3.63,,,1389.1,3.41,,,7082,4.47,,
105.62,230.38,,,9.1,51.57,9.88,53.34,7434,3.62,,,1389.2,3.41,,,7088,4.46,,
105.63,230.35,,,9.1,51.57,9.88,53.34,7435,3.62,,,1389.3,3.41,,,7091,4.46,,
105.64,230.32,,,9.11,51.58,9.88,53.34,7436,3.62,,,1389.4,3.41,,,7098,4.45,,
105.65,230.3,,,9.11,51.58,9.88,53.35,7437,3.62,,,1389.5,3.41,,,7102,4.44,,
105.66,230.27,,,9.11,51.58,9.89,53.35,7438,3.62,,,1389.6,3.4,,,7107,4.43,,
105.67,230.25,,,9.11,51.58,9.89,53.35,7439,3.62,,,1389.7,3.4,,,7110,4.42,,
105.68,230.22,,,9.11,51.59,9.89,53.35,7440,3.62,,,1389.8,3.4,,,7114,4.42,,
105.69,230.2,,,9.12,51.6,9.89,53.35,7441,3.62,,,1389.9,3.4,,,7121,4.4,,
105.71,230.15,,,9.12,51.61,9.89,53.36,7442,3.61,,,1390,3.4,,,7123,4.4,,
105.72,230.12,,,9.12,51.61,9.89,53.36,7443,3.61,,,1390.1,3.4,,,7127,4.39,,
105.73,230.1,,,9.12,51.61,9.89,53.36,7444,3.61,,,1390.2,3.4,,,7128,4.39,,
105.74,230.07,,,9.12,51.62,9.89,53.36,7445,3.61,,,1390.3,3.4,,,7130,4.39,,
105.75,230.05,,,9.13,51.62,9.89,53.37,7446,3.61,,,1390.4,3.4,,,7134,4.38,,
105.76,230.02,,,9.13,51.62,9.89,53.37,7447,3.61,,,1390.5,3.4,,,7147,4.36,,
105.77,230,,,9.13,51.63,9.9,53.37,7448,3.61,,,1390.6,3.39,,,7152,4.35,,
105.78,229.97,,,9.13,51.63,9.9,53.37,7449,3.6,,,1390.7,3.39,,,7156,4.34,,
105.79,229.95,,,9.13,51.63,9.9,53.37,7450,3.6,,,1390.8,3.39,,,7158,4.34,,
105.8,229.92,,,9.13,51.64,9.9,53.38,7451,3.6,,,1390.9,3.39,,,7166,4.33,,
105.81,229.9,,,9.13,51.64,9.9,53.38,7452,3.6,,,1391,3.39,,,7167,4.32,,
105.82,229.87,,,9.13,51.64,9.9,53.38,7453,3.6,,,1391.1,3.39,,,7168,4.32,,
105.83,229.84,,,9.14,51.66,9.9,53.38,7454,3.6,,,1391.2,3.39,,,7170,4.32,,
105.84,229.82,,,9.14,51.66,9.9,53.39,7455,3.6,,,1391.3,3.39,,,7175,4.31,,
105.85,229.79,,,9.14,51.66,9.9,53.39,7456,3.6,,,1391.4,3.39,,,7176,4.31,,
105.86,229.77,,,9.14,51.66,9.9,53.39,7457,3.59,,,1391.5,3.39,,,7178,4.3,,
105.87,229.74,,,9.15,51.67,9.91,53.39,7458,3.59,,,1391.6,3.39,,,7180,4.3,,
105.88,229.72,,,9.15,51.67,9.91,53.4,7459,3.59,,,1391.7,3.38,,,7192,4.28,,
105.89,229.69,,,9.15,51.69,9.91,53.4,7460,3.59,,,1391.8,3.38,,,7196,4.27,,
105.9,229.67,,,9.15,51.69,9.91,53.4,7461,3.59,,,1391.9,3.38,,,7210,4.25,,
105.91,229.64,,,9.16,51.7,9.91,53.4,7462,3.59,,,1392,3.38,,,7212,4.25,,
105.92,229.62,,,9.16,51.7,9.91,53.4,7463,3.59,,,1392.1,3.38,,,7218,4.24,,
105.93,229.59,,,9.16,51.7,9.91,53.41,7464,3.59,,,1392.2,3.38,,,7219,4.24,,
105.94,229.57,,,9.16,51.71,9.91,53.41,7465,3.58,,,1392.3,3.38,,,7222,4.23,,
105.95,229.54,,,9.16,51.71,9.91,53.41,7466,3.58,,,1392.4,3.38,,,7225,4.23,,
105.96,229.52,,,9.17,51.71,9.91,53.41,7467,3.58,,,1392.5,3.38,,,7237,4.21,,
105.97,229.49,,,9.17,51.72,9.92,53.42,7468,3.58,,,1392.6,3.38,,,7238,4.2,,
105.98,229.47,,,9.17,51.72,9.92,53.42,7469,3.58,,,1392.7,3.37,,,7243,4.2,,
105.99,229.44,,,9.17,51.73,9.92,53.42,7470,3.58,,,1392.8,3.37,,,7246,4.19,,
106,229.42,,,9.17,51.73,9.92,53.42,7471,3.58,,,1392.9,3.37,,,7248,4.19,,
106.01,229.39,,,9.18,51.74,9.92,53.42,7472,3.57,,,1393,3.37,,,7254,4.18,,
106.02,229.37,,,9.18,51.74,9.92,53.43,7473,3.57,,,1393.1,3.37,,,7261,4.17,,
106.03,229.34,,,9.18,51.75,9.92,53.43,7474,3.57,,,1393.2,3.37,,,7262,4.17,,
106.05,229.29,,,9.19,51.76,9.92,53.43,7475,3.57,,,1393.3,3.37,,,7268,4.16,,
106.06,229.27,,,9.19,51.76,9.92,53.43,7476,3.57,,,1393.4,3.37,,,7270,4.15,,
106.07,229.24,,,9.19,51.77,9.93,53.44,7477,3.57,,,1393.5,3.37,,,7271,4.15,,
106.08,229.22,,,9.2,51.78,9.93,53.44,7478,3.57,,,1393.6,3.37,,,7272,4.15,,
106.09,229.19,,,9.2,51.78,9.93,53.44,7479,3.57,,,1393.7,3.36,,,7276,4.14,,
106.1,229.17,,,9.2,51.79,9.93,53.44,7480,3.56,,,1393.8,3.36,,,7287,4.13,,
106.11,229.14,,,9.2,51.8,9.93,53.45,7481,3.56,,,1393.9,3.36,,,7300,4.11,,
106.12,229.12,,,9.2,51.8,9.93,53.45,7482,3.56,,,1394,3.36,,,7303,4.1,,
106.13,229.09,,,9.2,51.8,9.93,53.45,7483,3.56,,,1394.1,3.36,,,7310,4.09,,
106.14,229.07,,,9.21,51.81,9.93,53.45,7484,3.56,,,1394.2,3.36,,,7314,4.08,,
106.15,229.04,,,9.21,51.81,9.93,53.45,7485,3.56,,,1394.3,3.36,,,7318,4.08,,
106.16,229.02,,,9.21,51.82,9.93,53.46,7486,3.56,,,1394.4,3.36,,,7319,4.08,,
106.17,228.99,,,9.21,51.82,9.94,53.46,7487,3.56,,,1394.5,3.36,,,7322,4.07,,
106.18,228.97,,,9.22,51.83,9.94,53.46,7488,3.55,,,1394.6,3.36,,,7335,4.05,,
106.19,228.94,,,9.22,51.84,9.94,53.46,7489,3.55,,,1394.7,3.36,,,7337,4.05,,
106.2,228.91,,,9.22,51.84,9.94,53.47,7490,3.55,,,1394.8,3.35,,,7338,4.05,,
106.21,228.89,,,9.22,51.84,9.94,53.47,7491,3.55,,,1394.9,3.35,,,7343,4.04,,
106.22,228.86,,,9.22,51.85,9.94,53.47,7492,3.55,,,1395,3.35,,,7354,4.02,,
106.24,228.81,,,9.22,51.85,9.94,53.47,7493,3.55,,,1395.1,3.35,,,7355,4.02,,
106.25,228.79,,,9.23,51.85,9.94,53.47,7494,3.55,,,1395.2,3.35,,,7356,4.02,,
106.26,228.76,,,9.23,51.85,9.94,53.48,7495,3.55,,,1395.3,3.35,,,7358,4.02,,
106.27,228.74,,,9.23,51.86,9.94,53.48,7496,3.54,,,1395.4,3.35,,,7359,4.02,,
106.28,228.71,,,9.23,51.86,9.95,53.48,7497,3.54,,,1395.5,3.35,,,7361,4.01,,
106.29,228.69,,,9.23,51.86,9.95,53.48,7498,3.54,,,1395.6,3.35,,,7363,4.01,,
106.3,228.66,,,9.23,51.87,9.95,53.49,7499,3.54,,,1395.7,3.35,,,7366,4.01,,
106.31,228.64,,,9.23,51.87,9.95,53.49,7500,3.54,,,1395.8,3.35,,,7368,4,,
106.32,228.61,,,9.24,51.87,9.95,53.49,7501,3.54,,,1395.9,3.34,,,7370,4,,
106.33,228.59,,,9.24,51.88,9.95,53.49,7502,3.54,,,1396,3.34,,,7373,3.99,,
106.34,228.57,,,9.24,51.88,9.95,53.5,7503,3.54,,,1396.1,3.34,,,7383,3.98,,
106.35,228.54,,,9.24,51.89,9.95,53.5,7504,3.53,,,1396.2,3.34,,,7384,3.98,,
106.36,228.52,,,9.24,51.89,9.95,53.5,7505,3.53,,,1396.3,3.34,,,7395,3.96,,
106.37,228.49,,,9.24,51.89,9.95,53.5,7506,3.53,,,1396.4,3.34,,,7396,3.96,,
106.38,228.47,,,9.25,51.89,9.96,53.5,7507,3.53,,,1396.5,3.34,,,7399,3.96,,
106.39,228.44,,,9.25,51.9,9.96,53.51,7508,3.53,,,1396.6,3.34,,,7406,3.95,,
106.4,228.42,,,9.25,51.9,9.96,53.51,7509,3.53,,,1396.7,3.34,,,7408,3.94,,
106.42,228.37,,,9.25,51.9,9.96,53.51,7510,3.53,,,1396.8,3.34,,,7411,3.94,,
106.43,228.34,,,9.25,51.91,9.96,53.51,7511,3.53,,,1396.9,3.33,,,7414,3.94,,
106.44,228.32,,,9.25,51.91,9.96,53.52,7512,3.52,,,1397,3.33,,,7416,3.93,,
106.45,228.29,,,9.26,51.92,9.96,53.52,7513,3.52,,,1397.1,3.33,,,7422,3.92,,
106.46,228.27,,,9.26,51.92,9.96,53.52,7514,3.52,,,1397.2,3.33,,,7424,3.92,,
106.47,228.24,,,9.26,51.92,9.96,53.52,7515,3.52,,,1397.3,3.33,,,7432,3.91,,
106.48,228.22,,,9.26,51.93,9.96,53.52,7516,3.52,,,1397.4,3.33,,,7437,3.9,,
106.49,228.19,,,9.26,51.93,9.96,53.53,7517,3.52,,,1397.5,3.33,,,7441,3.9,,
106.5,228.17,,,9.26,51.94,9.97,53.53,7518,3.52,,,1397.6,3.33,,,7443,3.89,,
106.51,228.14,,,9.27,51.94,9.97,53.53,7519,3.52,,,1397.7,3.33,,,7446,3.89,,
106.52,228.12,,,9.27,51.94,9.97,53.53,7520,3.51,,,1397.8,3.33,,,7449,3.89,,
106.53,228.09,,,9.27,51.94,9.97,53.54,7521,3.51,,,1397.9,3.33,,,7452,3.88,,
106.54,228.07,,,9.27,51.95,9.97,53.54,7522,3.51,,,1398,3.32,,,7453,3.88,,
106.55,228.04,,,9.27,51.95,9.97,53.54,7523,3.51,,,1398.1,3.32,,,7454,3.88,,
106.56,228.02,,,9.27,51.96,9.97,53.54,7524,3.51,,,1398.2,3.32,,,7455,3.88,,
106.57,227.99,,,9.27,51.96,9.97,53.55,7525,3.51,,,1398.3,3.32,,,7456,3.88,,
106.58,227.97,,,9.28,51.96,9.97,53.55,7526,3.51,,,1398.4,3.32,,,7466,3.86,,
106.59,227.94,,,9.28,51.97,9.97,53.55,7527,3.51,,,1398.5,3.32,,,7468,3.86,,
106.6,227.92,,,9.28,51.97,9.98,53.55,7528,3.5,,,1398.6,3.32,,,7473,3.85,,
106.61,227.89,,,9.28,51.97,9.98,53.55,7529,3.5,,,1398.7,3.32,,,7476,3.85,,
106.62,227.87,,,9.28,51.98,9.98,53.56,7530,3.5,,,1398.8,3.32,,,7478,3.85,,
106.63,227.84,,,9.29,51.99,9.98,53.56,7531,3.5,,,1398.9,3.32,,,7479,3.84,,
106.64,227.82,,,9.29,51.99,9.98,53.56,7532,3.5,,,1399,3.32,,,7486,3.83,,
106.65,227.79,,,9.29,52,9.98,53.56,7533,3.5,,,1399.1,3.31,,,7487,3.83,,
106.66,227.77,,,9.29,52,9.98,53.57,7534,3.5,,,1399.2,3.31,,,7495,3.82,,
106.67,227.74,,,9.29,52,9.98,53.57,7535,3.5,,,1399.3,3.31,,,7498,3.82,,
106.68,227.72,,,9.3,52.01,9.98,53.57,7536,3.49,,,1399.4,3.31,,,7499,3.82,,
106.69,227.69,,,9.3,52.01,9.98,53.57,7537,3.49,,,1399.5,3.31,,,7503,3.81,,
106.7,227.67,,,9.3,52.01,9.99,53.57,7538,3.49,,,1399.6,3.31,,,7506,3.81,,
106.71,227.64,,,9.3,52.02,9.99,53.58,7539,3.49,,,1399.7,3.31,,,7512,3.8,,
106.72,227.62,,,9.3,52.02,9.99,53.58,7540,3.49,,,1399.8,3.31,,,7518,3.79,,
106.73,227.6,,,9.3,52.02,9.99,53.58,7541,3.49,,,1399.9,3.31,,,7527,3.78,,
106.74,227.57,,,9.3,52.02,9.99,53.59,7542,3.49,,,1400,3.31,,,7529,3.78,,
106.75,227.55,,,9.3,52.02,9.99,53.59,7543,3.49,,,1400.1,3.3,,,7531,3.77,,
106.76,227.52,,,9.3,52.03,9.99,53.59,7544,3.48,,,1400.2,3.3,,,7535,3.77,,
106.77,227.5,,,9.3,52.03,10,53.6,7545,3.48,,,1400.3,3.3,,,7536,3.77,,
106.78,227.47,,,9.31,52.03,10,53.6,7546,3.48,,,1400.4,3.3,,,7538,3.76,,
106.8,227.42,,,9.31,52.04,10,53.6,7547,3.48,,,1400.5,3.3,,,7540,3.76,,
106.81,227.4,,,9.31,52.04,10,53.6,7548,3.48,,,1400.6,3.3,,,7542,3.76,,
106.82,227.37,,,9.31,52.04,10,53.61,7549,3.48,,,1400.7,3.3,,,7545,3.75,,
106.83,227.35,,,9.31,52.05,10,53.61,7550,3.48,,,1400.8,3.3,,,7550,3.75,,
106.84,227.32,,,9.31,52.05,10,53.61,7551,3.48,,,1400.9,3.3,,,7551,3.75,,
106.85,227.3,,,9.31,52.05,10,53.62,7552,3.48,,,1401,3.3,,,7554,3.74,,
106.87,227.25,,,9.32,52.05,10.01,53.62,7553,3.47,,,1401.1,3.3,,,7559,3.74,,
106.88,227.22,,,9.32,52.06,10.01,53.62,7554,3.47,,,1401.2,3.29,,,7572,3.72,,
106.89,227.2,,,9.32,52.06,10.01,53.63,7555,3.47,,,1401.3,3.29,,,7576,3.71,,
106.9,227.18,,,9.32,52.07,10.01,53.63,7556,3.47,,,1401.4,3.29,,,7581,3.71,,
106.91,227.15,,,9.32,52.07,10.01,53.63,7557,3.47,,,1401.5,3.29,,,7582,3.71,,
106.92,227.13,,,9.32,52.07,10.01,53.63,7558,3.47,,,1401.6,3.29,,,7587,3.7,,
106.93,227.1,,,9.32,52.07,10.01,53.64,7559,3.47,,,1401.7,3.29,,,7588,3.7,,
106.94,227.08,,,9.33,52.08,10.01,53.64,7560,3.47,,,1401.8,3.29,,,7601,3.68,,
106.95,227.05,,,9.33,52.08,10.02,53.64,7561,3.46,,,1401.9,3.29,,,7604,3.68,,
106.96,227.03,,,9.33,52.09,10.02,53.65,7562,3.46,,,1402,3.29,,,7605,3.68,,
106.97,227,,,9.33,52.09,10.02,53.65,7563,3.46,,,1402.1,3.29,,,7614,3.67,,
106.98,226.98,,,9.34,52.1,10.02,53.65,7564,3.46,,,1402.2,3.29,,,7617,3.66,,
106.99,226.95,,,9.34,52.11,10.02,53.65,7565,3.46,,,1402.3,3.28,,,7618,3.66,,
107,226.93,,,9.34,52.11,10.02,53.66,7566,3.46,,,1402.4,3.28,,,7622,3.66,,
107.01,226.9,,,9.34,52.11,10.02,53.66,7567,3.46,,,1402.5,3.28,,,7631,3.64,,
107.02,226.88,,,9.34,52.11,10.02,53.66,7568,3.46,,,1402.6,3.28,,,7633,3.64,,
107.03,226.85,,,9.34,52.12,10.03,53.67,7569,3.45,,,1402.7,3.28,,,7639,3.63,,
107.04,226.83,,,9.35,52.12,10.03,53.67,7570,3.45,,,1402.8,3.28,,,7642,3.63,,
107.05,226.81,,,9.35,52.12,10.03,53.67,7571,3.45,,,1402.9,3.28,,,7646,3.63,,
107.07,226.76,,,9.35,52.12,10.03,53.67,7572,3.45,,,1403,3.28,,,7647,3.63,,
107.08,226.73,,,9.35,52.13,10.03,53.68,7573,3.45,,,1403.1,3.28,,,7650,3.62,,
107.09,226.71,,,9.35,52.13,10.03,53.68,7574,3.45,,,1403.2,3.28,,,7660,3.61,,
107.1,226.68,,,9.35,52.13,10.03,53.68,7575,3.45,,,1403.3,3.28,,,7661,3.61,,
107.12,226.63,,,9.35,52.13,10.04,53.69,7576,3.45,,,1403.4,3.27,,,7670,3.6,,
107.13,226.61,,,9.35,52.14,10.04,53.69,7577,3.45,,,1403.5,3.27,,,7672,3.59,,
107.14,226.58,,,9.35,52.14,10.04,53.69,7578,3.44,,,1403.6,3.27,,,7676,3.59,,
107.16,226.54,,,9.36,52.14,10.04,53.7,7579,3.44,,,1403.7,3.27,,,7678,3.59,,
107.17,226.51,,,9.36,52.14,10.04,53.7,7580,3.44,,,1403.8,3.27,,,7680,3.58,,
107.18,226.49,,,9.36,52.15,10.04,53.7,7581,3.44,,,1403.9,3.27,,,7684,3.58,,
107.19,226.46,,,9.36,52.15,10.04,53.7,7582,3.44,,,1404,3.27,,,7685,3.58,,
107.2,226.44,,,9.36,52.15,10.04,53.71,7583,3.44,,,1404.1,3.27,,,7686,3.58,,
107.21,226.41,,,9.36,52.16,10.05,53.71,7584,3.44,,,1404.2,3.27,,,7697,3.56,,
107.22,226.39,,,9.36,52.16,10.05,53.71,7585,3.44,,,1404.3,3.27,,,7709,3.55,,
107.23,226.36,,,9.36,52.16,10.05,53.72,7586,3.43,,,1404.4,3.27,,,7718,3.54,,
107.24,226.34,,,9.36,52.16,10.05,53.72,7587,3.43,,,1404.5,3.26,,,7723,3.53,,
107.25,226.31,,,9.37,52.16,10.05,53.72,7588,3.43,,,1404.6,3.26,,,7731,3.52,,
107.26,226.29,,,9.37,52.17,10.05,53.72,7589,3.43,,,1404.7,3.26,,,7732,3.52,,
107.27,226.27,,,9.37,52.17,10.05,53.73,7590,3.43,,,1404.8,3.26,,,7733,3.52,,
107.28,226.24,,,9.37,52.17,10.05,53.73,7591,3.43,,,1404.9,3.26,,,7738,3.52,,
107.29,226.22,,,9.37,52.18,10.06,53.73,7592,3.43,,,1405,3.26,,,7741,3.51,,
107.3,226.19,,,9.37,52.18,10.06,53.74,7593,3.43,,,1405.1,3.26,,,7747,3.51,,
107.31,226.17,,,9.37,52.19,10.06,53.74,7594,3.42,,,1405.2,3.26,,,7753,3.5,,
107.32,226.14,,,9.38,52.19,10.06,53.74,7595,3.42,,,1405.3,3.26,,,7756,3.5,,
107.33,226.12,,,9.38,52.19,10.06,53.75,7596,3.42,,,1405.4,3.26,,,7757,3.49,,
107.34,226.09,,,9.38,52.19,10.06,53.75,7597,3.42,,,1405.5,3.26,,,7763,3.49,,
107.35,226.07,,,9.38,52.2,10.06,53.75,7598,3.42,,,1405.6,3.25,,,7774,3.48,,
107.36,226.05,,,9.38,52.2,10.06,53.75,7599,3.42,,,1405.7,3.25,,,7775,3.47,,
107.37,226.02,,,9.38,52.21,10.07,53.76,7600,3.42,,,1405.8,3.25,,,7776,3.47,,
107.38,226,,,9.38,52.21,10.07,53.76,7601,3.42,,,1405.9,3.25,,,7779,3.47,,
107.39,225.97,,,9.39,52.21,10.07,53.76,7602,3.42,,,1406,3.25,,,7780,3.47,,
107.4,225.95,,,9.39,52.22,10.07,53.76,7603,3.41,,,1406.1,3.25,,,7781,3.47,,
107.41,225.92,,,9.39,52.23,10.07,53.77,7604,3.41,,,1406.2,3.25,,,7789,3.46,,
107.42,225.9,,,9.39,52.23,10.07,53.77,7605,3.41,,,1406.3,3.25,,,7791,3.46,,
107.43,225.87,,,9.4,52.24,10.07,53.77,7606,3.41,,,1406.4,3.25,,,7794,3.45,,
107.44,225.85,,,9.4,52.24,10.07,53.78,7607,3.41,,,1406.5,3.25,,,7797,3.45,,
107.45,225.83,,,9.4,52.24,10.08,53.78,7608,3.41,,,1406.6,3.25,,,7801,3.44,,
107.46,225.8,,,9.4,52.24,10.08,53.78,7609,3.41,,,1406.7,3.25,,,7802,3.44,,
107.47,225.78,,,9.4,52.25,10.08,53.78,7610,3.41,,,1406.8,3.24,,,7803,3.44,,
107.48,225.75,,,9.4,52.25,10.08,53.79,7611,3.4,,,1406.9,3.24,,,7804,3.44,,
107.49,225.73,,,9.4,52.26,10.08,53.8,7612,3.4,,,1407,3.24,,,7805,3.44,,
107.5,225.7,,,9.41,52.26,10.09,53.8,7613,3.4,,,1407.1,3.24,,,7806,3.44,,
107.51,225.68,,,9.41,52.26,10.09,53.8,7614,3.4,,,1407.2,3.24,,,7807,3.44,,
107.52,225.65,,,9.41,52.27,10.09,53.81,7615,3.4,,,1407.3,3.24,,,7808,3.44,,
107.53,225.63,,,9.41,52.27,10.09,53.81,7616,3.4,,,1407.4,3.24,,,7809,3.44,,
107.54,225.61,,,9.41,52.28,10.09,53.81,7617,3.4,,,1407.5,3.24,,,7810,3.43,,
107.55,225.58,,,9.41,52.28,10.09,53.82,7618,3.4,,,1407.6,3.24,,,7811,3.43,,
107.56,225.56,,,9.42,52.28,10.09,53.82,7619,3.4,,,1407.7,3.24,,,7812,3.43,,
107.57,225.53,,,9.42,52.29,10.1,53.82,7620,3.39,,,1407.8,3.24,,,7813,3.43,,
107.59,225.48,,,9.42,52.29,10.1,53.82,7621,3.39,,,1407.9,3.23,,,7814,3.43,,
107.6,225.46,,,9.42,52.29,10.1,53.83,7622,3.39,,,1408,3.23,,,7815,3.43,,
107.61,225.44,,,9.42,52.29,10.1,53.84,7623,3.39,,,1408.1,3.23,,,7816,3.43,,
107.62,225.41,,,9.42,52.3,10.1,53.84,7624,3.39,,,1408.2,3.23,,,7817,3.43,,
107.63,225.39,,,9.43,52.3,10.1,53.84,7625,3.39,,,1408.3,3.23,,,7818,3.43,,
107.64,225.36,,,9.43,52.31,10.1,53.84,7626,3.39,,,1408.4,3.23,,,7819,3.42,,
107.65,225.34,,,9.43,52.31,10.11,53.85,7627,3.39,,,1408.5,3.23,,,7820,3.42,,
107.67,225.29,,,9.43,52.31,10.11,53.85,7628,3.39,,,1408.6,3.23,,,7821,3.42,,
107.68,225.27,,,9.43,52.31,10.11,53.85,7629,3.38,,,1408.7,3.23,,,7822,3.42,,
107.69,225.24,,,9.43,52.32,10.11,53.86,7630,3.38,,,1408.8,3.23,,,7823,3.42,,
107.7,225.22,,,9.43,52.32,10.11,53.86,7631,3.38,,,1408.9,3.23,,,7824,3.42,,
107.71,225.19,,,9.44,52.32,10.11,53.86,7632,3.38,,,1409,3.22,,,7825,3.42,,
107.73,225.14,,,9.44,52.33,10.11,53.87,7633,3.38,,,1409.1,3.22,,,7826,3.42,,
107.74,225.12,,,9.44,52.34,10.12,53.87,7634,3.38,,,1409.2,3.22,,,7827,3.42,,
107.75,225.1,,,9.44,52.34,10.12,53.87,7635,3.38,,,1409.3,3.22,,,7828,3.41,,
107.76,225.07,,,9.44,52.34,10.12,53.87,7636,3.38,,,1409.4,3.22,,,7829,3.41,,
107.77,225.05,,,9.44,52.34,10.12,53.87,7637,3.37,,,1409.5,3.22,,,7830,3.41,,
107.78,225.02,,,9.45,52.35,10.12,53.88,7638,3.37,,,1409.6,3.22,,,7831,3.41,,
107.79,225,,,9.45,52.35,10.12,53.89,7639,3.37,,,1409.7,3.22,,,7832,3.41,,
107.8,224.97,,,9.45,52.35,10.13,53.89,7640,3.37,,,1409.8,3.22,,,7833,3.41,,
107.81,224.95,,,9.45,52.36,10.13,53.9,7641,3.37,,,1409.9,3.22,,,7834,3.41,,
107.82,224.93,,,9.45,52.36,10.13,53.9,7642,3.37,,,1410,3.22,,,7835,3.41,,
107.83,224.9,,,9.46,52.37,10.13,53.9,7643,3.37,,,1410.1,3.22,,,7836,3.41,,
107.84,224.88,,,9.46,52.37,10.13,53.91,7644,3.37,,,1410.2,3.21,,,7837,3.41,,
107.85,224.85,,,9.46,52.37,10.13,53.91,7645,3.37,,,1410.3,3.21,,,7838,3.4,,
107.86,224.83,,,9.46,52.38,10.14,53.92,7646,3.36,,,1410.4,3.21,,,7839,3.4,,
107.87,224.8,,,9.46,52.38,10.14,53.92,7647,3.36,,,1410.5,3.21,,,7840,3.4,,
107.88,224.78,,,9.46,52.38,10.14,53.92,7648,3.36,,,1410.6,3.21,,,7841,3.4,,
107.89,224.76,,,9.46,52.38,10.14,53.92,7649,3.36,,,1410.7,3.21,,,7842,3.4,,
107.9,224.73,,,9.46,52.39,10.14,53.93,7650,3.36,,,1410.8,3.21,,,7843,3.4,,
107.91,224.71,,,9.46,52.39,10.14,53.93,7651,3.36,,,1410.9,3.21,,,7844,3.4,,
107.92,224.68,,,9.46,52.39,10.15,53.94,7652,3.36,,,1411,3.21,,,7845,3.4,,
107.93,224.66,,,9.47,52.39,10.15,53.95,7653,3.36,,,1411.1,3.21,,,7846,3.4,,
107.94,224.64,,,9.47,52.4,10.15,53.95,7654,3.36,,,1411.2,3.21,,,7847,3.39,,
107.95,224.61,,,9.47,52.41,10.15,53.95,7655,3.35,,,1411.3,3.2,,,7848,3.39,,
107.96,224.59,,,9.47,52.41,10.15,53.96,7656,3.35,,,1411.4,3.2,,,7849,3.39,,
107.98,224.54,,,9.47,52.41,10.15,53.96,7657,3.35,,,1411.5,3.2,,,7850,3.39,,
107.99,224.51,,,9.47,52.41,10.16,53.96,7658,3.35,,,1411.6,3.2,,,7851,3.39,,
108,224.49,,,9.48,52.42,10.16,53.96,7659,3.35,,,1411.7,3.2,,,7852,3.39,,
108.01,224.47,,,9.48,52.42,10.16,53.97,7660,3.35,,,1411.8,3.2,,,7853,3.39,,
108.02,224.44,,,9.48,52.42,10.16,53.98,7661,3.35,,,1411.9,3.2,,,7854,3.39,,
108.03,224.42,,,9.48,52.42,10.16,53.98,7662,3.35,,,1412,3.2,,,7855,3.39,,
108.04,224.39,,,9.48,52.43,10.17,53.98,7663,3.35,,,1412.1,3.2,,,7856,3.38,,
108.05,224.37,,,9.48,52.43,10.17,53.99,7664,3.34,,,1412.2,3.2,,,7857,3.38,,
108.06,224.35,,,9.48,52.43,10.17,53.99,7665,3.34,,,1412.3,3.2,,,7858,3.38,,
108.07,224.32,,,9.48,52.44,10.17,54,7666,3.34,,,1412.4,3.2,,,7859,3.38,,
108.08,224.3,,,9.49,52.44,10.17,54,7667,3.34,,,1412.5,3.19,,,7860,3.38,,
108.09,224.27,,,9.49,52.44,10.18,54,7668,3.34,,,1412.6,3.19,,,7861,3.38,,
108.1,224.25,,,9.49,52.44,10.18,54.01,7669,3.34,,,1412.7,3.19,,,7862,3.38,,
108.11,224.23,,,9.49,52.45,10.18,54.01,7670,3.34,,,1412.8,3.19,,,7863,3.38,,
108.12,224.2,,,9.49,52.45,10.18,54.02,7671,3.34,,,1412.9,3.19,,,7864,3.38,,
108.13,224.18,,,9.49,52.45,10.18,54.02,7672,3.34,,,1413,3.19,,,7865,3.37,,
108.14,224.15,,,9.49,52.46,10.19,54.03,7673,3.33,,,1413.1,3.19,,,7866,3.37,,
108.15,224.13,,,9.49,52.46,10.19,54.03,7674,3.33,,,1413.2,3.19,,,7867,3.37,,
108.16,224.1,,,9.5,52.46,10.19,54.03,7675,3.33,,,1413.3,3.19,,,7868,3.37,,
108.17,224.08,,,9.5,52.47,10.19,54.03,7676,3.33,,,1413.4,3.19,,,7869,3.37,,
108.18,224.06,,,9.5,52.47,10.19,54.04,7677,3.33,,,1413.5,3.19,,,7870,3.37,,
108.2,224.01,,,9.5,52.47,10.19,54.04,7678,3.33,,,1413.6,3.18,,,7871,3.37,,
108.21,223.98,,,9.5,52.47,10.19,54.04,7679,3.33,,,1413.7,3.18,,,7872,3.37,,
108.22,223.96,,,9.51,52.49,10.19,54.05,7680,3.33,,,1413.8,3.18,,,7873,3.37,,
108.23,223.94,,,9.51,52.49,10.2,54.05,7681,3.33,,,1413.9,3.18,,,7874,3.37,,
108.24,223.91,,,9.51,52.5,10.2,54.05,7682,3.32,,,1414,3.18,,,7875,3.36,,
108.25,223.89,,,9.51,52.5,10.2,54.05,7683,3.32,,,1414.1,3.18,,,7876,3.36,,
108.26,223.86,,,9.51,52.5,10.2,54.06,7684,3.32,,,1414.2,3.18,,,7877,3.36,,
108.27,223.84,,,9.51,52.5,10.2,54.06,7685,3.32,,,1414.3,3.18,,,7878,3.36,,
108.28,223.82,,,9.52,52.51,10.2,54.06,7686,3.32,,,1414.4,3.18,,,7879,3.36,,
108.29,223.79,,,9.52,52.51,10.2,54.07,7687,3.32,,,1414.5,3.18,,,7880,3.36,,
108.3,223.77,,,9.52,52.51,10.2,54.07,7688,3.32,,,1414.6,3.18,,,7881,3.36,,
108.31,223.74,,,9.52,52.51,10.2,54.07,7689,3.32,,,1414.7,3.18,,,7882,3.36,,
108.32,223.72,,,9.52,52.51,10.21,54.07,7690,3.32,,,1414.8,3.17,,,7883,3.36,,
108.33,223.7,,,9.52,52.52,10.21,54.07,7691,3.31,,,1414.9,3.17,,,7884,3.35,,
108.34,223.67,,,9.52,52.52,10.21,54.08,7692,3.31,,,1415,3.17,,,7885,3.35,,
108.35,223.65,,,9.52,52.52,10.21,54.08,7693,3.31,,,1415.1,3.17,,,7886,3.35,,
108.36,223.62,,,9.52,52.52,10.21,54.08,7694,3.31,,,1415.2,3.17,,,7887,3.35,,
108.37,223.6,,,9.52,52.53,10.21,54.09,7695,3.31,,,1415.3,3.17,,,7888,3.35,,
108.38,223.58,,,9.53,52.53,10.21,54.09,7696,3.31,,,1415.4,3.17,,,7889,3.35,,
108.39,223.55,,,9.53,52.53,10.21,54.09,7697,3.31,,,1415.5,3.17,,,7890,3.35,,
108.4,223.53,,,9.53,52.53,10.21,54.09,7698,3.31,,,1415.6,3.17,,,7891,3.35,,
108.41,223.5,,,9.53,52.54,10.22,54.1,7699,3.31,,,1415.7,3.17,,,7892,3.35,,
108.42,223.48,,,9.53,52.54,10.22,54.1,7700,3.3,,,1415.8,3.17,,,7893,3.35,,
108.43,223.46,,,9.53,52.54,10.22,54.1,7701,3.3,,,1415.9,3.16,,,7894,3.34,,
108.44,223.43,,,9.53,52.55,10.22,54.11,7702,3.3,,,1416,3.16,,,7895,3.34,,
108.45,223.41,,,9.53,52.55,10.22,54.11,7703,3.3,,,1416.1,3.16,,,7896,3.34,,
108.47,223.36,,,9.54,52.55,10.22,54.11,7704,3.3,,,1416.2,3.16,,,7897,3.34,,
108.48,223.34,,,9.54,52.55,10.22,54.12,7705,3.3,,,1416.3,3.16,,,7898,3.34,,
108.49,223.31,,,9.54,52.56,10.23,54.12,7706,3.3,,,1416.4,3.16,,,7899,3.34,,
108.5,223.29,,,9.54,52.56,10.23,54.12,7707,3.3,,,1416.5,3.16,,,7900,3.34,,
108.51,223.27,,,9.54,52.56,10.23,54.13,7708,3.3,,,1416.6,3.16,,,7901,3.34,,
108.52,223.24,,,9.54,52.56,10.23,54.13,7709,3.29,,,1416.7,3.16,,,7902,3.34,,
108.53,223.22,,,9.54,52.56,10.23,54.13,7710,3.29,,,1416.8,3.16,,,7903,3.33,,
108.54,223.19,,,9.54,52.57,10.23,54.14,7711,3.29,,,1416.9,3.16,,,7904,3.33,,
108.55,223.17,,,9.54,52.57,10.23,54.14,7712,3.29,,,1417,3.16,,,7905,3.33,,
108.56,223.15,,,9.54,52.57,10.23,54.14,7713,3.29,,,1417.1,3.15,,,7906,3.33,,
108.57,223.12,,,9.54,52.57,10.24,54.14,7714,3.29,,,1417.2,3.15,,,7907,3.33,,
108.58,223.1,,,9.55,52.58,10.24,54.15,7715,3.29,,,1417.3,3.15,,,7908,3.33,,
108.59,223.07,,,9.55,52.58,10.24,54.15,7716,3.29,,,1417.4,3.15,,,7909,3.33,,
108.6,223.05,,,9.55,52.58,10.24,54.15,7717,3.29,,,1417.5,3.15,,,7910,3.33,,
108.61,223.03,,,9.55,52.58,10.24,54.16,7718,3.28,,,1417.6,3.15,,,7911,3.33,,
108.62,223,,,9.55,52.58,10.24,54.16,7719,3.28,,,1417.7,3.15,,,7912,3.33,,
108.63,222.98,,,9.55,52.59,10.24,54.16,7720,3.28,,,1417.8,3.15,,,7913,3.32,,
108.64,222.96,,,9.55,52.59,10.25,54.17,7721,3.28,,,1417.9,3.15,,,7914,3.32,,
108.65,222.93,,,9.55,52.59,10.25,54.17,7722,3.28,,,1418,3.15,,,7915,3.32,,
108.67,222.88,,,9.55,52.59,10.25,54.17,7723,3.28,,,1418.1,3.15,,,7916,3.32,,
108.68,222.86,,,9.55,52.6,10.25,54.18,7724,3.28,,,1418.2,3.15,,,7917,3.32,,
108.69,222.84,,,9.56,52.6,10.25,54.18,7725,3.28,,,1418.3,3.14,,,7918,3.32,,
108.71,222.79,,,9.56,52.6,10.25,54.18,7726,3.28,,,1418.4,3.14,,,7919,3.32,,
108.72,222.77,,,9.56,52.6,10.25,54.18,7727,3.27,,,1418.5,3.14,,,7920,3.32,,
108.73,222.74,,,9.56,52.61,10.26,54.19,7728,3.27,,,1418.6,3.14,,,7921,3.32,,
108.74,222.72,,,9.56,52.61,10.26,54.19,7729,3.27,,,1418.7,3.14,,,7922,3.31,,
108.75,222.69,,,9.56,52.61,10.26,54.19,7730,3.27,,,1418.8,3.14,,,7923,3.31,,
108.76,222.67,,,9.56,52.61,10.26,54.2,7731,3.27,,,1418.9,3.14,,,7924,3.31,,
108.77,222.65,,,9.56,52.61,10.26,54.2,7732,3.27,,,1419,3.14,,,7925,3.31,,
108.79,222.6,,,9.56,52.62,10.26,54.2,7733,3.27,,,1419.1,3.14,,,7926,3.31,,
108.8,222.57,,,9.56,52.62,10.26,54.2,7734,3.27,,,1419.2,3.14,,,7927,3.31,,
108.81,222.55,,,9.57,52.62,10.26,54.2,7735,3.27,,,1419.3,3.14,,,7928,3.31,,
108.82,222.53,,,9.57,52.62,10.26,54.21,7736,3.26,,,1419.4,3.14,,,7929,3.31,,
108.83,222.5,,,9.57,52.63,10.27,54.21,7737,3.26,,,1419.5,3.13,,,7930,3.31,,
108.84,222.48,,,9.57,52.63,10.27,54.21,7738,3.26,,,1419.6,3.13,,,7931,3.31,,
108.85,222.46,,,9.57,52.63,10.27,54.22,7739,3.26,,,1419.7,3.13,,,7932,3.3,,
108.86,222.43,,,9.57,52.63,10.27,54.22,7740,3.26,,,1419.8,3.13,,,7933,3.3,,
108.87,222.41,,,9.57,52.63,10.27,54.22,7741,3.26,,,1419.9,3.13,,,7934,3.3,,
108.88,222.38,,,9.57,52.64,10.27,54.22,7742,3.26,,,1420,3.13,,,7935,3.3,,
108.9,222.34,,,9.57,52.64,10.27,54.22,7743,3.26,,,1420.1,3.13,,,7936,3.3,,
108.91,222.31,,,9.57,52.64,10.27,54.23,7744,3.26,,,1420.2,3.13,,,7937,3.3,,
108.92,222.29,,,9.58,52.64,10.27,54.23,7745,3.26,,,1420.3,3.13,,,7938,3.3,,
108.94,222.24,,,9.58,52.65,10.28,54.23,7746,3.25,,,1420.4,3.13,,,7939,3.3,,
108.95,222.22,,,9.58,52.65,10.28,54.23,7747,3.25,,,1420.5,3.13,,,7940,3.3,,
108.96,222.2,,,9.58,52.65,10.28,54.24,7748,3.25,,,1420.6,3.13,,,7941,3.3,,
108.97,222.17,,,9.58,52.65,10.28,54.24,7749,3.25,,,1420.7,3.12,,,7942,3.29,,
108.98,222.15,,,9.58,52.66,10.28,54.24,7750,3.25,,,1420.8,3.12,,,7943,3.29,,
108.99,222.12,,,9.58,52.66,10.28,54.25,7751,3.25,,,1420.9,3.12,,,7944,3.29,,
109,222.1,,,9.58,52.66,10.28,54.25,7752,3.25,,,1421,3.12,,,7945,3.29,,
109.01,222.08,,,9.58,52.66,10.28,54.25,7753,3.25,,,1421.1,3.12,,,7946,3.29,,
109.02,222.05,,,9.59,52.66,10.29,54.25,7754,3.25,,,1421.2,3.12,,,7947,3.29,,
109.03,222.03,,,9.59,52.67,10.29,54.26,7755,3.24,,,1421.3,3.12,,,7948,3.29,,
109.04,222.01,,,9.59,52.67,10.29,54.26,7756,3.24,,,1421.4,3.12,,,7949,3.29,,
109.05,221.98,,,9.59,52.67,10.29,54.26,7757,3.24,,,1421.5,3.12,,,7950,3.29,,
109.06,221.96,,,9.59,52.67,10.29,54.26,7758,3.24,,,1421.6,3.12,,,7951,3.29,,
109.07,221.94,,,9.59,52.68,10.29,54.27,7759,3.24,,,1421.7,3.12,,,7952,3.28,,
109.08,221.91,,,9.59,52.68,10.29,54.27,7760,3.24,,,1421.8,3.12,,,7953,3.28,,
109.09,221.89,,,9.59,52.68,10.29,54.27,7761,3.24,,,1421.9,3.11,,,7954,3.28,,
109.1,221.86,,,9.59,52.68,10.29,54.27,7762,3.24,,,1422,3.11,,,7955,3.28,,
109.11,221.84,,,9.59,52.68,10.29,54.27,7763,3.24,,,1422.1,3.11,,,7956,3.28,,
109.12,221.82,,,9.6,52.69,10.3,54.28,7764,3.24,,,1422.2,3.11,,,7957,3.28,,
109.13,221.79,,,9.6,52.69,10.3,54.28,7765,3.23,,,1422.3,3.11,,,7958,3.28,,
109.14,221.77,,,9.6,52.69,10.3,54.29,7766,3.23,,,1422.4,3.11,,,7959,3.28,,
109.15,221.75,,,9.6,52.69,10.3,54.3,7767,3.23,,,1422.5,3.11,,,7960,3.28,,
109.16,221.72,,,9.6,52.7,10.3,54.3,7768,3.23,,,1422.6,3.11,,,7961,3.28,,
109.17,221.7,,,9.6,52.7,10.31,54.31,7769,3.23,,,1422.7,3.11,,,7962,3.27,,
109.18,221.68,,,9.6,52.7,10.31,54.31,7770,3.23,,,1422.8,3.11,,,7963,3.27,,
109.19,221.65,,,9.6,52.7,10.31,54.31,7771,3.23,,,1422.9,3.11,,,7964,3.27,,
109.2,221.63,,,9.6,52.71,10.31,54.32,7772,3.23,,,1423,3.11,,,7965,3.27,,
109.21,221.6,,,9.6,52.71,10.31,54.32,7773,3.23,,,1423.1,3.1,,,7966,3.27,,
109.22,221.58,,,9.61,52.71,10.31,54.32,7774,3.22,,,1423.2,3.1,,,7967,3.27,,
109.23,221.56,,,9.61,52.71,10.31,54.32,7775,3.22,,,1423.3,3.1,,,7968,3.27,,
109.24,221.53,,,9.61,52.71,10.32,54.32,7776,3.22,,,1423.4,3.1,,,7969,3.27,,
109.25,221.51,,,9.61,52.72,10.32,54.33,7777,3.22,,,1423.5,3.1,,,7970,3.27,,
109.26,221.49,,,9.61,52.72,10.32,54.33,7778,3.22,,,1423.6,3.1,,,7971,3.26,,
109.27,221.46,,,9.61,52.72,10.32,54.34,7779,3.22,,,1423.7,3.1,,,7972,3.26,,
109.28,221.44,,,9.61,52.72,10.32,54.34,7780,3.22,,,1423.8,3.1,,,7973,3.26,,
109.29,221.42,,,9.61,52.73,10.32,54.35,7781,3.22,,,1423.9,3.1,,,7974,3.26,,
109.3,221.39,,,9.61,52.73,10.33,54.35,7782,3.22,,,1424,3.1,,,7975,3.26,,
109.31,221.37,,,9.61,52.73,10.33,54.35,7783,3.22,,,1424.1,3.1,,,7976,3.26,,
109.32,221.35,,,9.62,52.73,10.33,54.35,7784,3.21,,,1424.2,3.1,,,7977,3.26,,
109.33,221.32,,,9.62,52.73,10.33,54.36,7785,3.21,,,1424.3,3.09,,,7978,3.26,,
109.34,221.3,,,9.62,52.74,10.33,54.36,7786,3.21,,,1424.4,3.09,,,7979,3.26,,
109.35,221.28,,,9.62,52.74,10.33,54.36,7787,3.21,,,1424.5,3.09,,,7980,3.26,,
109.36,221.25,,,9.62,52.74,10.33,54.37,7788,3.21,,,1424.6,3.09,,,7981,3.25,,
109.37,221.23,,,9.62,52.74,10.34,54.37,7789,3.21,,,1424.7,3.09,,,7982,3.25,,
109.38,221.2,,,9.62,52.75,10.34,54.37,7790,3.21,,,1424.8,3.09,,,7983,3.25,,
109.39,221.18,,,9.62,52.75,10.34,54.37,7791,3.21,,,1424.9,3.09,,,7984,3.25,,
109.4,221.16,,,9.62,52.75,10.34,54.37,7792,3.21,,,1425,3.09,,,7985,3.25,,
109.41,221.13,,,9.62,52.75,10.34,54.38,7793,3.2,,,1425.1,3.09,,,7986,3.25,,
109.42,221.11,,,9.63,52.76,10.34,54.38,7794,3.2,,,1425.2,3.09,,,7987,3.25,,
109.43,221.09,,,9.63,52.76,10.34,54.39,7795,3.2,,,1425.3,3.09,,,7988,3.25,,
109.45,221.04,,,9.63,52.76,10.35,54.39,7796,3.2,,,1425.4,3.09,,,7989,3.25,,
109.46,221.02,,,9.63,52.76,10.35,54.4,7797,3.2,,,1425.5,3.09,,,7990,3.25,,
109.48,220.97,,,9.63,52.76,10.35,54.4,7798,3.2,,,1425.6,3.08,,,7991,3.25,,
109.49,220.95,,,9.63,52.77,10.35,54.4,7799,3.2,,,1425.7,3.08,,,7992,3.24,,
109.5,220.92,,,9.63,52.77,10.35,54.41,7800,3.2,,,1425.8,3.08,,,7993,3.24,,
109.51,220.9,,,9.63,52.77,10.36,54.41,7801,3.2,,,1425.9,3.08,,,7994,3.24,,
109.52,220.88,,,9.63,52.77,10.36,54.42,7802,3.2,,,1426,3.08,,,7995,3.24,,
109.53,220.85,,,9.63,52.78,10.36,54.43,7803,3.19,,,1426.1,3.08,,,7996,3.24,,
109.54,220.83,,,9.63,52.78,10.37,54.44,7804,3.19,,,1426.2,3.08,,,7997,3.24,,
109.55,220.81,,,9.64,52.78,10.37,54.45,7805,3.19,,,1426.3,3.08,,,7998,3.24,,
109.56,220.78,,,9.64,52.78,10.37,54.45,7806,3.19,,,1426.4,3.08,,,7999,3.24,,
109.58,220.74,,,9.64,52.78,10.37,54.45,7807,3.19,,,1426.5,3.08,,,8000,3.24,,
109.59,220.71,,,9.64,52.79,10.37,54.46,7808,3.19,,,1426.6,3.08,,,8001,3.24,,
109.6,220.69,,,9.64,52.79,10.38,54.47,7809,3.19,,,1426.7,3.08,,,8002,3.23,,
109.61,220.67,,,9.64,52.79,10.38,54.48,7810,3.19,,,1426.8,3.07,,,8003,3.23,,
109.62,220.64,,,9.64,52.79,10.39,54.48,7811,3.19,,,1426.9,3.07,,,8004,3.23,,
109.63,220.62,,,9.64,52.8,10.39,54.5,7812,3.19,,,1427,3.07,,,8005,3.23,,
109.64,220.6,,,9.64,52.8,10.39,54.5,7813,3.18,,,1427.1,3.07,,,8006,3.23,,
109.65,220.57,,,9.64,52.8,10.39,54.5,7814,3.18,,,1427.2,3.07,,,8007,3.23,,
109.66,220.55,,,9.65,52.8,10.39,54.5,7815,3.18,,,1427.3,3.07,,,8008,3.23,,
109.67,220.53,,,9.65,52.8,10.4,54.51,7816,3.18,,,1427.4,3.07,,,8009,3.23,,
109.68,220.5,,,9.65,52.81,10.4,54.51,7817,3.18,,,1427.5,3.07,,,8010,3.23,,
109.69,220.48,,,9.65,52.81,10.4,54.52,7818,3.18,,,1427.6,3.07,,,8011,3.23,,
109.71,220.43,,,9.65,52.81,10.4,54.53,7819,3.18,,,1427.7,3.07,,,8012,3.22,,
109.72,220.41,,,9.65,52.81,10.41,54.53,7820,3.18,,,1427.8,3.07,,,8013,3.22,,
109.73,220.39,,,9.65,52.82,10.41,54.54,7821,3.18,,,1427.9,3.07,,,8014,3.22,,
109.74,220.36,,,9.65,52.82,10.41,54.55,7822,3.17,,,1428,3.07,,,8015,3.22,,
109.75,220.34,,,9.65,52.82,10.42,54.56,7823,3.17,,,1428.1,3.06,,,8016,3.22,,
109.76,220.32,,,9.65,52.82,10.42,54.56,7824,3.17,,,1428.2,3.06,,,8017,3.22,,
109.77,220.29,,,9.66,52.83,10.42,54.56,7825,3.17,,,1428.3,3.06,,,8018,3.22,,
109.78,220.27,,,9.66,52.83,10.42,54.57,7826,3.17,,,1428.4,3.06,,,8019,3.22,,
109.79,220.25,,,9.66,52.83,10.42,54.57,7827,3.17,,,1428.5,3.06,,,8020,3.22,,
109.8,220.22,,,9.66,52.83,10.43,54.57,7828,3.17,,,1428.6,3.06,,,8021,3.22,,
109.81,220.2,,,9.66,52.83,10.43,54.57,7829,3.17,,,1428.7,3.06,,,8022,3.21,,
109.82,220.18,,,9.66,52.84,10.43,54.58,7830,3.17,,,1428.8,3.06,,,8023,3.21,,
109.83,220.15,,,9.66,52.84,10.43,54.58,7831,3.17,,,1428.9,3.06,,,8024,3.21,,
109.84,220.13,,,9.66,52.84,10.43,54.59,7832,3.16,,,1429,3.06,,,8025,3.21,,
109.85,220.11,,,9.66,52.84,10.43,54.59,7833,3.16,,,1429.1,3.06,,,8026,3.21,,
109.86,220.08,,,9.66,52.85,10.44,54.6,7834,3.16,,,1429.2,3.06,,,8027,3.21,,
109.87,220.06,,,9.67,52.85,10.44,54.6,7835,3.16,,,1429.3,3.05,,,8028,3.21,,
109.88,220.04,,,9.67,52.85,10.44,54.6,7836,3.16,,,1429.4,3.05,,,8029,3.21,,
109.89,220.01,,,9.67,52.85,10.44,54.6,7837,3.16,,,1429.5,3.05,,,8030,3.21,,
109.9,219.99,,,9.67,52.85,10.44,54.61,7838,3.16,,,1429.6,3.05,,,8031,3.21,,
109.92,219.94,,,9.67,52.86,10.44,54.61,7839,3.16,,,1429.7,3.05,,,8032,3.2,,
109.93,219.92,,,9.67,52.86,10.45,54.62,7840,3.16,,,1429.8,3.05,,,8033,3.2,,
109.94,219.9,,,9.67,52.86,10.45,54.62,7841,3.16,,,1429.9,3.05,,,8034,3.2,,
109.95,219.87,,,9.67,52.86,10.45,54.63,7842,3.15,,,1430,3.05,,,8035,3.2,,
109.96,219.85,,,9.67,52.87,10.45,54.63,7843,3.15,,,1430.1,3.05,,,8036,3.2,,
109.97,219.83,,,9.68,52.87,10.46,54.65,7844,3.15,,,1430.2,3.05,,,8037,3.2,,
109.99,219.78,,,9.68,52.87,10.46,54.65,7845,3.15,,,1430.3,3.05,,,8038,3.2,,
110.01,219.73,,,9.68,52.87,10.46,54.66,7846,3.15,,,1430.4,3.05,,,8039,3.2,,
110.02,219.71,,,9.68,52.88,10.46,54.66,7847,3.15,,,1430.5,3.05,,,8040,3.2,,
110.03,219.69,,,9.68,52.88,10.47,54.68,7848,3.15,,,1430.6,3.04,,,8041,3.2,,
110.05,219.64,,,9.68,52.88,10.47,54.68,7849,3.15,,,1430.7,3.04,,,8042,3.2,,
110.06,219.62,,,9.68,52.88,10.47,54.68,7850,3.15,,,1430.8,3.04,,,8043,3.19,,
110.08,219.57,,,9.68,52.88,10.48,54.69,7851,3.15,,,1430.9,3.04,,,8044,3.19,,
110.09,219.55,,,9.68,52.89,10.48,54.7,7852,3.14,,,1431,3.04,,,8045,3.19,,
110.1,219.53,,,9.68,52.89,10.48,54.7,7853,3.14,,,1431.1,3.04,,,8046,3.19,,
110.11,219.5,,,9.69,52.89,10.48,54.7,7854,3.14,,,1431.2,3.04,,,8047,3.19,,
110.12,219.48,,,9.69,52.89,10.48,54.71,7855,3.14,,,1431.3,3.04,,,8048,3.19,,
110.14,219.43,,,9.69,52.9,10.49,54.71,7856,3.14,,,1431.4,3.04,,,8049,3.19,,
110.15,219.41,,,9.69,52.9,10.49,54.73,7857,3.14,,,1431.5,3.04,,,8050,3.19,,
110.16,219.39,,,9.69,52.9,10.5,54.74,7858,3.14,,,1431.6,3.04,,,8051,3.19,,
110.18,219.34,,,9.69,52.9,10.5,54.74,7859,3.14,,,1431.7,3.04,,,8052,3.19,,
110.19,219.32,,,9.69,52.9,10.5,54.75,7860,3.14,,,1431.8,3.03,,,8053,3.18,,
110.2,219.29,,,9.69,52.91,10.5,54.75,7861,3.14,,,1431.9,3.03,,,8054,3.18,,
110.21,219.27,,,9.69,52.91,10.51,54.75,7862,3.13,,,1432,3.03,,,8055,3.18,,
110.22,219.25,,,9.7,52.91,10.51,54.76,7863,3.13,,,1432.2,3.03,,,8056,3.18,,
110.23,219.23,,,9.7,52.92,10.51,54.76,7864,3.13,,,1432.3,3.03,,,8057,3.18,,
110.25,219.18,,,9.7,52.92,10.51,54.76,7865,3.13,,,1432.4,3.03,,,8058,3.18,,
110.26,219.16,,,9.7,52.92,10.51,54.77,7866,3.13,,,1432.5,3.03,,,8059,3.18,,
110.27,219.13,,,9.7,52.92,10.51,54.77,7867,3.13,,,1432.6,3.03,,,8060,3.18,,
110.28,219.11,,,9.7,52.93,10.52,54.78,7868,3.13,,,1432.7,3.03,,,8061,3.18,,
110.29,219.09,,,9.7,52.93,10.52,54.79,7869,3.13,,,1432.8,3.03,,,8062,3.18,,
110.3,219.06,,,9.7,52.93,10.52,54.8,7870,3.13,,,1432.9,3.03,,,8063,3.18,,
110.31,219.04,,,9.7,52.93,10.53,54.8,7871,3.13,,,1433,3.03,,,8064,3.17,,
110.32,219.02,,,9.7,52.93,10.53,54.8,7872,3.12,,,1433.1,3.02,,,8065,3.17,,
110.34,218.97,,,9.71,52.94,10.53,54.81,7873,3.12,,,1433.2,3.02,,,8066,3.17,,
110.35,218.95,,,9.71,52.94,10.54,54.82,7874,3.12,,,1433.3,3.02,,,8067,3.17,,
110.36,218.93,,,9.71,52.95,10.54,54.83,7875,3.12,,,1433.4,3.02,,,8068,3.17,,
110.37,218.9,,,9.71,52.95,10.54,54.83,7876,3.12,,,1433.5,3.02,,,8069,3.17,,
110.38,218.88,,,9.71,52.95,10.54,54.84,7877,3.12,,,1433.6,3.02,,,8070,3.17,,
110.39,218.86,,,9.71,52.95,10.54,54.84,7878,3.12,,,1433.7,3.02,,,8071,3.17,,
110.4,218.83,,,9.71,52.96,10.54,54.84,7879,3.12,,,1433.8,3.02,,,8072,3.17,,
110.41,218.81,,,9.71,52.96,10.54,54.84,7880,3.12,,,1433.9,3.02,,,8073,3.17,,
110.42,218.79,,,9.72,52.96,10.54,54.85,7881,3.12,,,1434,3.02,,,8074,3.16,,
110.43,218.76,,,9.72,52.96,10.55,54.85,7882,3.11,,,1434.1,3.02,,,8075,3.16,,
110.44,218.74,,,9.72,52.97,10.55,54.85,7883,3.11,,,1434.2,3.02,,,8076,3.16,,
110.45,218.72,,,9.72,52.97,10.55,54.85,7884,3.11,,,1434.3,3.02,,,8077,3.16,,
110.46,218.7,,,9.72,52.97,10.55,54.86,7885,3.11,,,1434.4,3.01,,,8078,3.16,,
110.47,218.67,,,9.72,52.98,10.55,54.86,7886,3.11,,,1434.5,3.01,,,8079,3.16,,
110.48,218.65,,,9.72,52.98,10.55,54.86,7887,3.11,,,1434.6,3.01,,,8080,3.16,,
110.49,218.63,,,9.72,52.98,10.55,54.86,7888,3.11,,,1434.7,3.01,,,8081,3.16,,
110.5,218.6,,,9.73,52.99,10.55,54.87,7889,3.11,,,1434.8,3.01,,,8082,3.16,,
110.51,218.58,,,9.73,52.99,10.56,54.87,7890,3.11,,,1434.9,3.01,,,8083,3.16,,
110.53,218.53,,,9.73,52.99,10.56,54.88,7891,3.11,,,1435,3.01,,,8084,3.16,,
110.54,218.51,,,9.73,53,10.56,54.88,7892,3.1,,,1435.1,3.01,,,8085,3.15,,
110.56,218.47,,,9.73,53,10.56,54.88,7893,3.1,,,1435.2,3.01,,,8086,3.15,,
110.57,218.44,,,9.73,53,10.56,54.88,7894,3.1,,,1435.3,3.01,,,8087,3.15,,
110.58,218.42,,,9.73,53,10.56,54.89,7895,3.1,,,1435.4,3.01,,,8088,3.15,,
110.59,218.4,,,9.74,53.01,10.56,54.89,7896,3.1,,,1435.5,3.01,,,8089,3.15,,
110.6,218.37,,,9.74,53.01,10.56,54.89,7897,3.1,,,1435.6,3.01,,,8090,3.15,,
110.61,218.35,,,9.74,53.01,10.57,54.89,7898,3.1,,,1435.7,3,,,8091,3.15,,
110.63,218.31,,,9.74,53.01,10.57,54.9,7899,3.1,,,1435.8,3,,,8092,3.15,,
110.64,218.28,,,9.74,53.02,10.57,54.9,7900,3.1,,,1435.9,3,,,8093,3.15,,
110.65,218.26,,,9.74,53.02,10.57,54.91,7901,3.1,,,1436,3,,,8094,3.15,,
110.66,218.24,,,9.74,53.02,10.58,54.92,7902,3.1,,,1436.1,3,,,8095,3.14,,
110.67,218.21,,,9.74,53.03,10.58,54.92,7903,3.09,,,1436.2,3,,,8096,3.14,,
110.68,218.19,,,9.75,53.03,10.58,54.92,7904,3.09,,,1436.3,3,,,8097,3.14,,
110.69,218.17,,,9.75,53.03,10.58,54.93,7905,3.09,,,1436.4,3,,,8098,3.14,,
110.7,218.14,,,9.75,53.03,10.58,54.93,7906,3.09,,,1436.5,3,,,8099,3.14,,
110.71,218.12,,,9.75,53.04,10.58,54.93,7907,3.09,,,1436.6,3,,,8100,3.14,,
110.72,218.1,,,9.75,53.05,10.59,54.94,7908,3.09,,,1436.7,3,,,8101,3.14,,
110.73,218.08,,,9.75,53.05,10.59,54.94,7909,3.09,,,1436.8,3,,,8102,3.14,,
110.75,218.03,,,9.76,53.05,10.59,54.95,7910,3.09,,,1436.9,3,,,8103,3.14,,
110.76,218.01,,,9.76,53.06,10.59,54.95,7911,3.09,,,1437,2.99,,,8104,3.14,,
110.77,217.98,,,9.76,53.06,10.59,54.95,7912,3.09,,,1437.1,2.99,,,8105,3.14,,
110.78,217.96,,,9.76,53.06,10.59,54.95,7913,3.08,,,1437.2,2.99,,,8106,3.13,,
110.79,217.94,,,9.76,53.06,10.59,54.96,7914,3.08,,,1437.3,2.99,,,8107,3.13,,
110.8,217.92,,,9.76,53.07,10.6,54.96,7915,3.08,,,1437.4,2.99,,,8108,3.13,,
110.81,217.89,,,9.77,53.07,10.6,54.96,7916,3.08,,,1437.5,2.99,,,8109,3.13,,
110.82,217.87,,,9.77,53.08,10.6,54.97,7917,3.08,,,1437.6,2.99,,,8110,3.13,,
110.83,217.85,,,9.77,53.08,10.6,54.97,7918,3.08,,,1437.7,2.99,,,8111,3.13,,
110.84,217.82,,,9.77,53.08,10.6,54.97,7919,3.08,,,1437.8,2.99,,,8112,3.13,,
110.85,217.8,,,9.77,53.09,10.6,54.98,7920,3.08,,,1437.9,2.99,,,8113,3.13,,
110.87,217.76,,,9.77,53.09,10.6,54.98,7921,3.08,,,1438,2.99,,,8114,3.13,,
110.88,217.73,,,9.77,53.09,10.6,54.98,7922,3.08,,,1438.1,2.99,,,8115,3.13,,
110.89,217.71,,,9.77,53.09,10.61,54.98,7923,3.08,,,1438.2,2.99,,,8116,3.13,,
110.9,217.69,,,9.78,53.1,10.61,54.99,7924,3.07,,,1438.3,2.98,,,8117,3.12,,
110.91,217.67,,,9.78,53.1,10.61,54.99,7925,3.07,,,1438.4,2.98,,,8118,3.12,,
110.92,217.64,,,9.78,53.1,10.61,54.99,7926,3.07,,,1438.5,2.98,,,8119,3.12,,
110.93,217.62,,,9.78,53.1,10.61,55,7927,3.07,,,1438.6,2.98,,,8120,3.12,,
110.94,217.6,,,9.78,53.1,10.61,55,7928,3.07,,,1438.7,2.98,,,8121,3.12,,
110.95,217.57,,,9.78,53.11,10.61,55,7929,3.07,,,1438.8,2.98,,,8122,3.12,,
110.96,217.55,,,9.78,53.11,10.62,55,7930,3.07,,,1438.9,2.98,,,8123,3.12,,
110.97,217.53,,,9.78,53.12,10.62,55.01,7931,3.07,,,1439,2.98,,,8124,3.12,,
110.98,217.51,,,9.79,53.12,10.62,55.01,7932,3.07,,,1439.1,2.98,,,8125,3.12,,
110.99,217.48,,,9.79,53.12,10.62,55.01,7933,3.07,,,1439.2,2.98,,,8126,3.12,,
111,217.46,,,9.79,53.12,10.62,55.02,7934,3.06,,,1439.3,2.98,,,8127,3.12,,
111.01,217.44,,,9.79,53.13,10.62,55.02,7935,3.06,,,1439.4,2.98,,,8128,3.11,,
111.02,217.41,,,9.79,53.13,10.62,55.02,7936,3.06,,,1439.5,2.98,,,8129,3.11,,
111.03,217.39,,,9.79,53.13,10.62,55.02,7937,3.06,,,1439.6,2.97,,,8130,3.11,,
111.05,217.35,,,9.79,53.13,10.62,55.03,7938,3.06,,,1439.7,2.97,,,8131,3.11,,
111.06,217.32,,,9.79,53.13,10.63,55.03,7939,3.06,,,1439.8,2.97,,,8132,3.11,,
111.07,217.3,,,9.79,53.14,10.63,55.03,7940,3.06,,,1439.9,2.97,,,8133,3.11,,
111.08,217.28,,,9.79,53.14,10.63,55.03,7941,3.06,,,1440,2.97,,,8134,3.11,,
111.09,217.26,,,9.8,53.14,10.63,55.03,7942,3.06,,,1440.1,2.97,,,8135,3.11,,
111.11,217.21,,,9.8,53.15,10.63,55.04,7943,3.06,,,1440.2,2.97,,,8136,3.11,,
111.12,217.19,,,9.8,53.15,10.63,55.04,7944,3.06,,,1440.3,2.97,,,8137,3.11,,
111.14,217.14,,,9.8,53.15,10.63,55.04,7945,3.05,,,1440.4,2.97,,,8138,3.11,,
111.15,217.12,,,9.8,53.15,10.63,55.04,7946,3.05,,,1440.5,2.97,,,8139,3.1,,
111.16,217.1,,,9.8,53.15,10.63,55.05,7947,3.05,,,1440.6,2.97,,,8140,3.1,,
111.17,217.07,,,9.8,53.16,10.63,55.05,7948,3.05,,,1440.7,2.97,,,8141,3.1,,
111.18,217.05,,,9.8,53.16,10.63,55.05,7949,3.05,,,1440.8,2.97,,,8142,3.1,,
111.2,217.01,,,9.8,53.16,10.64,55.05,7950,3.05,,,1440.9,2.96,,,8143,3.1,,
111.21,216.98,,,9.8,53.16,10.64,55.05,7951,3.05,,,1441,2.96,,,8144,3.1,,
111.23,216.94,,,9.81,53.17,10.64,55.06,7952,3.05,,,1441.1,2.96,,,8145,3.1,,
111.24,216.92,,,9.81,53.17,10.64,55.06,7953,3.05,,,1441.2,2.96,,,8146,3.1,,
111.25,216.89,,,9.81,53.17,10.64,55.06,7954,3.05,,,1441.3,2.96,,,8147,3.1,,
111.26,216.87,,,9.81,53.18,10.64,55.06,7955,3.04,,,1441.4,2.96,,,8148,3.1,,
111.27,216.85,,,9.81,53.18,10.64,55.07,7956,3.04,,,1441.5,2.96,,,8149,3.1,,
111.29,216.8,,,9.81,53.18,10.64,55.07,7957,3.04,,,1441.6,2.96,,,8150,3.09,,
111.3,216.78,,,9.81,53.18,10.64,55.07,7958,3.04,,,1441.7,2.96,,,8151,3.09,,
111.31,216.76,,,9.81,53.18,10.64,55.07,7959,3.04,,,1441.8,2.96,,,8152,3.09,,
111.32,216.73,,,9.81,53.19,10.65,55.08,7960,3.04,,,1441.9,2.96,,,8153,3.09,,
111.33,216.71,,,9.82,53.19,10.65,55.08,7961,3.04,,,1442,2.96,,,8154,3.09,,
111.34,216.69,,,9.82,53.19,10.65,55.08,7962,3.04,,,1442.1,2.96,,,8155,3.09,,
111.35,216.67,,,9.82,53.19,10.65,55.08,7963,3.04,,,1442.2,2.96,,,8156,3.09,,
111.36,216.64,,,9.82,53.2,10.65,55.08,7964,3.04,,,1442.3,2.95,,,8157,3.09,,
111.38,216.6,,,9.82,53.2,10.65,55.09,7965,3.04,,,1442.4,2.95,,,8158,3.09,,
111.39,216.58,,,9.82,53.2,10.65,55.09,7966,3.03,,,1442.5,2.95,,,8159,3.09,,
111.4,216.55,,,9.82,53.2,10.65,55.09,7967,3.03,,,1442.6,2.95,,,8160,3.09,,
111.41,216.53,,,9.83,53.21,10.65,55.09,7968,3.03,,,1442.7,2.95,,,8161,3.08,,
111.42,216.51,,,9.83,53.21,10.65,55.1,7969,3.03,,,1442.8,2.95,,,8162,3.08,,
111.43,216.49,,,9.83,53.22,10.66,55.1,7970,3.03,,,1442.9,2.95,,,8163,3.08,,
111.44,216.46,,,9.83,53.22,10.66,55.1,7971,3.03,,,1443,2.95,,,8164,3.08,,
111.45,216.44,,,9.83,53.22,10.66,55.1,7972,3.03,,,1443.1,2.95,,,8165,3.08,,
111.46,216.42,,,9.84,53.23,10.66,55.11,7973,3.03,,,1443.2,2.95,,,8166,3.08,,
111.47,216.4,,,9.84,53.23,10.66,55.11,7974,3.03,,,1443.3,2.95,,,8167,3.08,,
111.48,216.37,,,9.84,53.24,10.66,55.11,7975,3.03,,,1443.4,2.95,,,8168,3.08,,
111.49,216.35,,,9.84,53.24,10.66,55.11,7976,3.03,,,1443.5,2.95,,,8169,3.08,,
111.5,216.33,,,9.84,53.24,10.66,55.12,7977,3.02,,,1443.6,2.94,,,8170,3.08,,
111.51,216.31,,,9.84,53.24,10.67,55.12,7978,3.02,,,1443.7,2.94,,,8171,3.08,,
111.52,216.28,,,9.84,53.25,10.67,55.12,7979,3.02,,,1443.8,2.94,,,8172,3.07,,
111.53,216.26,,,9.84,53.25,10.67,55.13,7980,3.02,,,1443.9,2.94,,,8173,3.07,,
111.54,216.24,,,9.84,53.25,10.67,55.13,7981,3.02,,,1444,2.94,,,8174,3.07,,
111.55,216.22,,,9.85,53.25,10.67,55.13,7982,3.02,,,1444.1,2.94,,,8175,3.07,,
111.56,216.19,,,9.85,53.26,10.67,55.14,7983,3.02,,,1444.2,2.94,,,8176,3.07,,
111.57,216.17,,,9.85,53.26,10.67,55.14,7984,3.02,,,1444.3,2.94,,,8177,3.07,,
111.58,216.15,,,9.85,53.26,10.68,55.14,7985,3.02,,,1444.4,2.94,,,8178,3.07,,
111.59,216.13,,,9.85,53.26,10.68,55.15,7986,3.02,,,1444.5,2.94,,,8179,3.07,,
111.61,216.08,,,9.85,53.27,10.68,55.15,7987,3.01,,,1444.6,2.94,,,8180,3.07,,
111.62,216.06,,,9.85,53.27,10.68,55.15,7988,3.01,,,1444.7,2.94,,,8181,3.07,,
111.63,216.04,,,9.85,53.27,10.68,55.15,7989,3.01,,,1444.8,2.94,,,8182,3.07,,
111.64,216.01,,,9.85,53.27,10.68,55.16,7990,3.01,,,1444.9,2.93,,,8183,3.06,,
111.65,215.99,,,9.85,53.28,10.68,55.16,7991,3.01,,,1445,2.93,,,8184,3.06,,
111.66,215.97,,,9.86,53.28,10.69,55.16,7992,3.01,,,1445.1,2.93,,,8185,3.06,,
111.67,215.95,,,9.86,53.28,10.69,55.17,7993,3.01,,,1445.2,2.93,,,8186,3.06,,
111.68,215.92,,,9.86,53.28,10.69,55.17,7994,3.01,,,1445.3,2.93,,,8187,3.06,,
111.69,215.9,,,9.86,53.29,10.69,55.17,7995,3.01,,,1445.4,2.93,,,8188,3.06,,
111.7,215.88,,,9.86,53.29,10.69,55.18,7996,3.01,,,1445.5,2.93,,,8189,3.06,,
111.72,215.83,,,9.86,53.29,10.69,55.18,7997,3.01,,,1445.6,2.93,,,8190,3.06,,
111.73,215.81,,,9.86,53.3,10.69,55.18,7998,3,,,1445.7,2.93,,,8191,3.06,,
111.74,215.79,,,9.86,53.3,10.69,55.18,7999,3,,,1445.8,2.93,,,8192,3.06,,
111.75,215.77,,,9.87,53.3,10.7,55.19,8000,3,,,1445.9,2.93,,,8193,3.06,,
111.76,215.74,,,9.87,53.3,10.7,55.19,8001,3,,,1446,2.93,,,8194,3.06,,
111.78,215.7,,,9.87,53.3,10.7,55.19,8002,3,,,1446.1,2.93,,,8195,3.05,,
111.79,215.68,,,9.87,53.31,10.7,55.19,8003,3,,,1446.2,2.93,,,8196,3.05,,
111.81,215.63,,,9.87,53.31,10.7,55.2,8004,3,,,1446.3,2.92,,,8197,3.05,,
111.82,215.61,,,9.87,53.32,10.7,55.2,8005,3,,,1446.4,2.92,,,8198,3.05,,
111.84,215.56,,,9.88,53.32,10.7,55.2,8006,3,,,1446.5,2.92,,,8199,3.05,,
111.85,215.54,,,9.88,53.33,10.7,55.21,8007,3,,,1446.6,2.92,,,8200,3.05,,
111.86,215.52,,,9.88,53.33,10.7,55.21,8008,3,,,1446.7,2.92,,,8201,3.05,,
111.87,215.5,,,9.88,53.33,10.71,55.21,8009,2.99,,,1446.8,2.92,,,8202,3.05,,
111.88,215.47,,,9.88,53.33,10.71,55.21,8010,2.99,,,1446.9,2.92,,,8203,3.05,,
111.89,215.45,,,9.88,53.33,10.71,55.22,8011,2.99,,,1447,2.92,,,8204,3.05,,
111.9,215.43,,,9.88,53.34,10.71,55.22,8012,2.99,,,1447.1,2.92,,,8205,3.05,,
111.92,215.39,,,9.88,53.34,10.71,55.22,8013,2.99,,,1447.2,2.92,,,8206,3.04,,
111.93,215.36,,,9.89,53.35,10.71,55.23,8014,2.99,,,1447.3,2.92,,,8207,3.04,,
111.94,215.34,,,9.89,53.35,10.71,55.23,8015,2.99,,,1447.4,2.92,,,8208,3.04,,
111.95,215.32,,,9.89,53.36,10.72,55.24,8016,2.99,,,1447.5,2.92,,,8209,3.04,,
111.96,215.3,,,9.89,53.36,10.72,55.24,8017,2.99,,,1447.6,2.92,,,8210,3.04,,
111.97,215.27,,,9.89,53.36,10.72,55.24,8018,2.99,,,1447.7,2.91,,,8211,3.04,,
111.98,215.25,,,9.89,53.36,10.72,55.24,8019,2.99,,,1447.8,2.91,,,8212,3.04,,
111.99,215.23,,,9.89,53.37,10.72,55.25,8020,2.98,,,1447.9,2.91,,,8213,3.04,,
112.01,215.18,,,9.89,53.37,10.72,55.25,8021,2.98,,,1448,2.91,,,8214,3.04,,
112.02,215.16,,,9.9,53.37,10.72,55.25,8022,2.98,,,1448.1,2.91,,,8215,3.04,,
112.03,215.14,,,9.9,53.37,10.72,55.26,8023,2.98,,,1448.2,2.91,,,8216,3.04,,
112.04,215.12,,,9.9,53.37,10.73,55.26,8024,2.98,,,1448.3,2.91,,,8217,3.04,,
112.05,215.1,,,9.9,53.38,10.73,55.26,8025,2.98,,,1448.4,2.91,,,8218,3.03,,
112.06,215.07,,,9.9,53.38,10.73,55.26,8026,2.98,,,1448.5,2.91,,,8219,3.03,,
112.08,215.03,,,9.9,53.39,10.73,55.27,8027,2.98,,,1448.6,2.91,,,8220,3.03,,
112.09,215.01,,,9.9,53.39,10.73,55.27,8028,2.98,,,1448.7,2.91,,,8221,3.03,,
112.1,214.98,,,9.9,53.39,10.73,55.28,8029,2.98,,,1448.8,2.91,,,8222,3.03,,
112.11,214.96,,,9.91,53.39,10.73,55.28,8030,2.98,,,1448.9,2.91,,,8223,3.03,,
112.12,214.94,,,9.91,53.4,10.74,55.28,8031,2.97,,,1449,2.9,,,8224,3.03,,
112.14,214.89,,,9.91,53.4,10.74,55.28,8032,2.97,,,1449.1,2.9,,,8225,3.03,,
112.15,214.87,,,9.91,53.41,10.74,55.28,8033,2.97,,,1449.2,2.9,,,8226,3.03,,
112.16,214.85,,,9.91,53.41,10.74,55.29,8034,2.97,,,1449.3,2.9,,,8227,3.03,,
112.17,214.83,,,9.92,53.42,10.74,55.29,8035,2.97,,,1449.4,2.9,,,8228,3.03,,
112.19,214.78,,,9.92,53.42,10.74,55.29,8036,2.97,,,1449.5,2.9,,,8229,3.02,,
112.2,214.76,,,9.92,53.42,10.74,55.3,8037,2.97,,,1449.6,2.9,,,8230,3.02,,
112.22,214.72,,,9.92,53.42,10.74,55.3,8038,2.97,,,1449.7,2.9,,,8231,3.02,,
112.23,214.69,,,9.92,53.43,10.75,55.3,8039,2.97,,,1449.8,2.9,,,8232,3.02,,
112.25,214.65,,,9.92,53.43,10.75,55.31,8040,2.97,,,1449.9,2.9,,,8233,3.02,,
112.26,214.63,,,9.92,53.43,10.75,55.31,8041,2.97,,,1450,2.9,,,8234,3.02,,
112.28,214.58,,,9.93,53.44,10.75,55.31,8042,2.97,,,1450.1,2.9,,,8235,3.02,,
112.29,214.56,,,9.93,53.44,10.75,55.31,8043,2.96,,,1450.2,2.9,,,8236,3.02,,
112.31,214.52,,,9.93,53.44,10.75,55.32,8044,2.96,,,1450.3,2.9,,,8237,3.02,,
112.32,214.49,,,9.93,53.45,10.75,55.32,8045,2.96,,,1450.4,2.89,,,8238,3.02,,
112.33,214.47,,,9.93,53.45,10.76,55.32,8046,2.96,,,1450.5,2.89,,,8239,3.02,,
112.34,214.45,,,9.93,53.45,10.76,55.33,8047,2.96,,,1450.6,2.89,,,8240,3.02,,
112.35,214.43,,,9.94,53.46,10.76,55.33,8048,2.96,,,1450.7,2.89,,,8241,3.01,,
112.37,214.38,,,9.94,53.47,10.76,55.33,8049,2.96,,,1450.8,2.89,,,8242,3.01,,
112.38,214.36,,,9.94,53.47,10.76,55.33,8050,2.96,,,1450.9,2.89,,,8243,3.01,,
112.39,214.34,,,9.94,53.47,10.76,55.34,8051,2.96,,,1451.1,2.89,,,8244,3.01,,
112.4,214.32,,,9.94,53.47,10.76,55.34,8052,2.96,,,1451.2,2.89,,,8245,3.01,,
112.41,214.3,,,9.94,53.47,10.76,55.34,8053,2.96,,,1451.3,2.89,,,8246,3.01,,
112.42,214.27,,,9.94,53.48,10.77,55.35,8054,2.95,,,1451.4,2.89,,,8247,3.01,,
112.43,214.25,,,9.94,53.48,10.77,55.36,8055,2.95,,,1451.5,2.89,,,8248,3.01,,
112.44,214.23,,,9.95,53.48,10.77,55.36,8056,2.95,,,1451.6,2.89,,,8249,3.01,,
112.45,214.21,,,9.95,53.48,10.77,55.36,8057,2.95,,,1451.7,2.89,,,8250,3.01,,
112.46,214.18,,,9.95,53.49,10.77,55.37,8058,2.95,,,1451.8,2.88,,,8251,3.01,,
112.47,214.16,,,9.95,53.49,10.78,55.37,8059,2.95,,,1451.9,2.88,,,8252,3,,
112.48,214.14,,,9.95,53.49,10.78,55.37,8060,2.95,,,1452,2.88,,,8253,3,,
112.49,214.12,,,9.95,53.5,10.78,55.37,8061,2.95,,,1452.1,2.88,,,8254,3,,
112.5,214.1,,,9.95,53.5,10.78,55.38,8062,2.95,,,1452.2,2.88,,,8255,3,,
112.52,214.05,,,9.95,53.5,10.78,55.38,8063,2.95,,,1452.3,2.88,,,8256,3,,
112.53,214.03,,,9.95,53.5,10.78,55.38,8064,2.95,,,1452.4,2.88,,,8257,3,,
112.55,213.99,,,9.96,53.5,10.78,55.38,8065,2.94,,,1452.5,2.88,,,8258,3,,
112.56,213.96,,,9.96,53.51,10.78,55.39,8066,2.94,,,1452.6,2.88,,,8259,3,,
112.57,213.94,,,9.96,53.51,10.78,55.39,8067,2.94,,,1452.7,2.88,,,8260,3,,
112.58,213.92,,,9.96,53.51,10.79,55.4,8068,2.94,,,1452.8,2.88,,,8261,3,,
112.59,213.9,,,9.96,53.51,10.79,55.4,8069,2.94,,,1452.9,2.88,,,8262,3,,
112.6,213.88,,,9.96,53.52,10.79,55.4,8070,2.94,,,1453,2.88,,,8263,3,,
112.62,213.83,,,9.96,53.52,10.79,55.41,8071,2.94,,,1453.1,2.88,,,8264,2.99,,
112.63,213.81,,,9.96,53.52,10.79,55.41,8072,2.94,,,1453.2,2.87,,,8265,2.99,,
112.64,213.79,,,9.96,53.52,10.79,55.41,8073,2.94,,,1453.3,2.87,,,8266,2.99,,
112.65,213.77,,,9.96,53.52,10.79,55.41,8074,2.94,,,1453.4,2.87,,,8267,2.99,,
112.66,213.74,,,9.96,53.53,10.8,55.42,8075,2.94,,,1453.5,2.87,,,8268,2.99,,
112.68,213.7,,,9.97,53.53,10.8,55.42,8076,2.94,,,1453.6,2.87,,,8269,2.99,,
112.69,213.68,,,9.97,53.53,10.8,55.42,8077,2.93,,,1453.7,2.87,,,8270,2.99,,
112.71,213.63,,,9.97,53.53,10.8,55.43,8078,2.93,,,1453.9,2.87,,,8271,2.99,,
112.72,213.61,,,9.97,53.54,10.8,55.43,8079,2.93,,,1454,2.87,,,8272,2.99,,
112.73,213.59,,,9.97,53.54,10.8,55.43,8080,2.93,,,1454.1,2.87,,,8273,2.99,,
112.74,213.57,,,9.97,53.54,10.81,55.44,8081,2.93,,,1454.2,2.87,,,8274,2.99,,
112.75,213.54,,,9.97,53.54,10.81,55.44,8082,2.93,,,1454.3,2.87,,,8275,2.99,,
112.76,213.52,,,9.97,53.55,10.81,55.45,8083,2.93,,,1454.4,2.87,,,8276,2.98,,
112.77,213.5,,,9.97,53.55,10.81,55.45,8084,2.93,,,1454.5,2.87,,,8277,2.98,,
112.78,213.48,,,9.98,53.55,10.81,55.46,8085,2.93,,,1454.6,2.86,,,8278,2.98,,
112.79,213.46,,,9.98,53.56,10.81,55.46,8086,2.93,,,1454.7,2.86,,,8279,2.98,,
112.8,213.43,,,9.98,53.56,10.82,55.46,8087,2.93,,,1454.8,2.86,,,8280,2.98,,
112.81,213.41,,,9.98,53.56,10.82,55.46,8088,2.92,,,1454.9,2.86,,,8281,2.98,,
112.82,213.39,,,9.98,53.56,10.82,55.47,8089,2.92,,,1455,2.86,,,8282,2.98,,
112.84,213.35,,,9.98,53.57,10.82,55.47,8090,2.92,,,1455.1,2.86,,,8283,2.98,,
112.85,213.33,,,9.98,53.57,10.82,55.47,8091,2.92,,,1455.2,2.86,,,8284,2.98,,
112.86,213.3,,,9.99,53.57,10.82,55.48,8092,2.92,,,1455.3,2.86,,,8285,2.98,,
112.87,213.28,,,9.99,53.58,10.82,55.48,8093,2.92,,,1455.4,2.86,,,8286,2.98,,
112.88,213.26,,,9.99,53.58,10.83,55.49,8094,2.92,,,1455.5,2.86,,,8287,2.98,,
112.89,213.24,,,9.99,53.59,10.83,55.49,8095,2.92,,,1455.6,2.86,,,8288,2.97,,
112.91,213.19,,,9.99,53.59,10.83,55.49,8096,2.92,,,1455.7,2.86,,,8289,2.97,,
112.92,213.17,,,9.99,53.59,10.83,55.49,8097,2.92,,,1455.8,2.86,,,8290,2.97,,
112.93,213.15,,,9.99,53.6,10.83,55.5,8098,2.92,,,1455.9,2.86,,,8291,2.97,,
112.94,213.13,,,10,53.6,10.83,55.5,8099,2.92,,,1456,2.85,,,8292,2.97,,
112.96,213.08,,,10,53.6,10.83,55.5,8100,2.91,,,1456.1,2.85,,,8293,2.97,,
112.97,213.06,,,10,53.6,10.84,55.51,8101,2.91,,,1456.2,2.85,,,8294,2.97,,
112.98,213.04,,,10,53.6,10.84,55.51,8102,2.91,,,1456.3,2.85,,,8295,2.97,,
112.99,213.02,,,10,53.61,10.84,55.51,8103,2.91,,,1456.4,2.85,,,8296,2.97,,
113,213,,,10,53.61,10.84,55.52,8104,2.91,,,1456.5,2.85,,,8297,2.97,,
113.01,212.97,,,10,53.61,10.84,55.52,8106,2.91,,,1456.6,2.85,,,8298,2.97,,
113.02,212.95,,,10,53.61,10.84,55.52,8107,2.91,,,1456.7,2.85,,,8299,2.97,,
113.04,212.91,,,10.01,53.62,10.84,55.53,8108,2.91,,,1456.8,2.85,,,8300,2.96,,
113.05,212.89,,,10.01,53.62,10.85,55.53,8109,2.91,,,1456.9,2.85,,,8301,2.96,,
113.06,212.86,,,10.01,53.62,10.85,55.53,8110,2.91,,,1457,2.85,,,8302,2.96,,
113.07,212.84,,,10.01,53.62,10.85,55.53,8111,2.9,,,1457.1,2.85,,,8303,2.96,,
113.08,212.82,,,10.01,53.63,10.85,55.54,8112,2.9,,,1457.2,2.85,,,8304,2.96,,
113.09,212.8,,,10.01,53.63,10.85,55.54,8113,2.9,,,1457.3,2.85,,,8305,2.96,,
113.1,212.78,,,10.01,53.63,10.85,55.54,8114,2.9,,,1457.4,2.85,,,8306,2.96,,
113.11,212.76,,,10.01,53.63,10.86,55.55,8115,2.9,,,1457.5,2.84,,,8307,2.96,,
113.12,212.73,,,10.01,53.64,10.86,55.55,8116,2.9,,,1457.6,2.84,,,8308,2.96,,
113.13,212.71,,,10.01,53.64,10.86,55.56,8117,2.9,,,1457.7,2.84,,,8309,2.96,,
113.14,212.69,,,10.02,53.64,10.86,55.56,8118,2.9,,,1457.8,2.84,,,8310,2.96,,
113.15,212.67,,,10.02,53.65,10.86,55.56,8119,2.9,,,1457.9,2.84,,,8311,2.96,,
113.16,212.65,,,10.02,53.65,10.86,55.56,8120,2.9,,,1458,2.84,,,8312,2.95,,
113.17,212.62,,,10.02,53.65,10.86,55.57,8121,2.9,,,1458.1,2.84,,,8313,2.95,,
113.18,212.6,,,10.02,53.65,10.86,55.57,8122,2.9,,,1458.2,2.84,,,8314,2.95,,
113.19,212.58,,,10.02,53.66,10.87,55.57,8123,2.89,,,1458.3,2.84,,,8315,2.95,,
113.2,212.56,,,10.02,53.66,10.87,55.58,8124,2.89,,,1458.4,2.84,,,8316,2.95,,
113.22,212.52,,,10.02,53.66,10.87,55.58,8125,2.89,,,1458.5,2.84,,,8317,2.95,,
113.24,212.47,,,10.03,53.66,10.87,55.59,8126,2.89,,,1458.6,2.84,,,8318,2.95,,
113.25,212.45,,,10.03,53.67,10.87,55.59,8127,2.89,,,1458.7,2.84,,,8319,2.95,,
113.27,212.41,,,10.03,53.67,10.87,55.59,8128,2.89,,,1458.8,2.84,,,8320,2.95,,
113.28,212.38,,,10.03,53.67,10.87,55.59,8129,2.89,,,1458.9,2.83,,,8321,2.95,,
113.29,212.36,,,10.03,53.68,10.88,55.6,8130,2.89,,,1459,2.83,,,8322,2.95,,
113.3,212.34,,,10.04,53.69,10.88,55.6,8131,2.89,,,1459.1,2.83,,,8323,2.95,,
113.31,212.32,,,10.04,53.69,10.88,55.6,8132,2.89,,,1459.2,2.83,,,8324,2.94,,
113.32,212.3,,,10.04,53.7,10.88,55.61,8133,2.89,,,1459.3,2.83,,,8325,2.94,,
113.33,212.28,,,10.04,53.7,10.88,55.61,8134,2.89,,,1459.4,2.83,,,8326,2.94,,
113.34,212.25,,,10.04,53.7,10.88,55.61,8135,2.88,,,1459.5,2.83,,,8327,2.94,,
113.35,212.23,,,10.04,53.71,10.88,55.61,8136,2.88,,,1459.6,2.83,,,8328,2.94,,
113.36,212.21,,,10.05,53.72,10.88,55.62,8137,2.88,,,1459.7,2.83,,,8329,2.94,,
113.37,212.19,,,10.05,53.72,10.89,55.62,8138,2.88,,,1459.8,2.83,,,8330,2.94,,
113.38,212.17,,,10.05,53.73,10.89,55.62,8139,2.88,,,1459.9,2.83,,,8331,2.94,,
113.4,212.12,,,10.05,53.73,10.89,55.63,8140,2.88,,,1460,2.83,,,8332,2.94,,
113.41,212.1,,,10.05,53.73,10.89,55.63,8141,2.88,,,1460.1,2.83,,,8333,2.94,,
113.42,212.08,,,10.06,53.74,10.89,55.64,8142,2.88,,,1460.2,2.83,,,8334,2.94,,
113.44,212.04,,,10.06,53.75,10.89,55.64,8143,2.88,,,1460.3,2.82,,,8335,2.94,,
113.45,212.01,,,10.06,53.75,10.89,55.64,8144,2.88,,,1460.4,2.82,,,8336,2.94,,
113.46,211.99,,,10.06,53.75,10.9,55.65,8145,2.88,,,1460.5,2.82,,,8337,2.93,,
113.47,211.97,,,10.07,53.76,10.9,55.65,8146,2.88,,,1460.6,2.82,,,8338,2.93,,
113.48,211.95,,,10.07,53.76,10.9,55.66,8147,2.87,,,1460.7,2.82,,,8339,2.93,,
113.49,211.93,,,10.07,53.77,10.9,55.66,8148,2.87,,,1460.8,2.82,,,8340,2.93,,
113.5,211.91,,,10.07,53.77,10.91,55.67,8149,2.87,,,1460.9,2.82,,,8341,2.93,,
113.51,211.88,,,10.07,53.78,10.91,55.67,8150,2.87,,,1461,2.82,,,8342,2.93,,
113.52,211.86,,,10.08,53.78,10.91,55.67,8151,2.87,,,1461.1,2.82,,,8343,2.93,,
113.54,211.82,,,10.08,53.79,10.91,55.67,8152,2.87,,,1461.2,2.82,,,8344,2.93,,
113.55,211.8,,,10.08,53.79,10.91,55.68,8153,2.87,,,1461.3,2.82,,,8345,2.93,,
113.56,211.78,,,10.08,53.79,10.91,55.68,8154,2.87,,,1461.4,2.82,,,8346,2.93,,
113.57,211.75,,,10.08,53.8,10.91,55.68,8155,2.87,,,1461.5,2.82,,,8347,2.93,,
113.58,211.73,,,10.08,53.8,10.92,55.69,8156,2.87,,,1461.6,2.82,,,8348,2.93,,
113.59,211.71,,,10.09,53.8,10.92,55.69,8157,2.87,,,1461.7,2.82,,,8349,2.92,,
113.6,211.69,,,10.09,53.8,10.92,55.69,8158,2.87,,,1461.8,2.81,,,8350,2.92,,
113.62,211.65,,,10.09,53.81,10.92,55.71,8160,2.86,,,1462,2.81,,,8351,2.92,,
113.63,211.62,,,10.09,53.81,10.92,55.71,8161,2.86,,,1462.1,2.81,,,8352,2.92,,
113.64,211.6,,,10.09,53.82,10.93,55.71,8163,2.86,,,1462.2,2.81,,,8353,2.92,,
113.65,211.58,,,10.09,53.82,10.93,55.71,8164,2.86,,,1462.3,2.81,,,8354,2.92,,
113.66,211.56,,,10.1,53.82,10.93,55.72,8165,2.86,,,1462.4,2.81,,,8355,2.92,,
113.67,211.54,,,10.1,53.82,10.93,55.73,8166,2.86,,,1462.5,2.81,,,8356,2.92,,
113.69,211.49,,,10.1,53.83,10.93,55.73,8167,2.86,,,1462.6,2.81,,,8357,2.92,,
113.7,211.47,,,10.1,53.84,10.94,55.74,8168,2.86,,,1462.7,2.81,,,8358,2.92,,
113.72,211.43,,,10.1,53.84,10.94,55.74,8169,2.86,,,1462.8,2.81,,,8359,2.92,,
113.73,211.41,,,10.1,53.84,10.94,55.74,8170,2.86,,,1462.9,2.81,,,8360,2.92,,
113.74,211.39,,,10.11,53.85,10.94,55.75,8171,2.85,,,1463,2.81,,,8361,2.91,,
113.75,211.37,,,10.11,53.85,10.94,55.75,8172,2.85,,,1463.1,2.81,,,8362,2.91,,
113.76,211.34,,,10.11,53.86,10.94,55.75,8173,2.85,,,1463.2,2.81,,,8363,2.91,,
113.77,211.32,,,10.11,53.87,10.95,55.76,8174,2.85,,,1463.3,2.8,,,8364,2.91,,
113.78,211.3,,,10.12,53.87,10.95,55.76,8175,2.85,,,1463.4,2.8,,,8365,2.91,,
113.79,211.28,,,10.12,53.88,10.95,55.76,8176,2.85,,,1463.5,2.8,,,8366,2.91,,
113.8,211.26,,,10.12,53.88,10.95,55.77,8177,2.85,,,1463.7,2.8,,,8367,2.91,,
113.81,211.24,,,10.12,53.89,10.95,55.77,8178,2.85,,,1463.8,2.8,,,8368,2.91,,
113.82,211.21,,,10.12,53.89,10.95,55.77,8179,2.85,,,1463.9,2.8,,,8369,2.91,,
113.83,211.19,,,10.13,53.89,10.95,55.78,8180,2.85,,,1464,2.8,,,8370,2.91,,
113.84,211.17,,,10.13,53.89,10.96,55.78,8181,2.85,,,1464.1,2.8,,,8371,2.91,,
113.85,211.15,,,10.13,53.9,10.96,55.78,8182,2.85,,,1464.2,2.8,,,8372,2.91,,
113.87,211.11,,,10.13,53.9,10.96,55.78,8183,2.84,,,1464.3,2.8,,,8373,2.91,,
113.88,211.08,,,10.13,53.9,10.96,55.79,8184,2.84,,,1464.4,2.8,,,8374,2.9,,
113.89,211.06,,,10.13,53.9,10.96,55.79,8185,2.84,,,1464.5,2.8,,,8375,2.9,,
113.9,211.04,,,10.13,53.91,10.96,55.79,8186,2.84,,,1464.6,2.8,,,8376,2.9,,
113.91,211.02,,,10.13,53.91,10.96,55.8,8187,2.84,,,1464.7,2.79,,,8377,2.9,,
113.92,211,,,10.14,53.92,10.96,55.8,8188,2.84,,,1464.8,2.79,,,8378,2.9,,
113.93,210.98,,,10.14,53.92,10.97,55.8,8189,2.84,,,1464.9,2.79,,,8379,2.9,,
113.94,210.96,,,10.14,53.92,10.97,55.81,8190,2.84,,,1465,2.79,,,8380,2.9,,
113.95,210.93,,,10.14,53.92,10.97,55.81,8191,2.84,,,1465.1,2.79,,,8381,2.9,,
113.96,210.91,,,10.14,53.93,10.97,55.82,8192,2.84,,,1465.2,2.79,,,8382,2.9,,
113.97,210.89,,,10.14,53.93,10.98,55.83,8193,2.84,,,1465.3,2.79,,,8383,2.9,,
113.99,210.85,,,10.14,53.94,10.98,55.83,8194,2.84,,,1465.4,2.79,,,8384,2.9,,
114,210.83,,,10.15,53.94,10.98,55.84,8195,2.83,,,1465.5,2.79,,,8385,2.9,,
114.01,210.81,,,10.15,53.95,10.98,55.84,8196,2.83,,,1465.6,2.79,,,8386,2.89,,
114.02,210.78,,,10.15,53.95,10.98,55.84,8197,2.83,,,1465.7,2.79,,,8387,2.89,,
114.03,210.76,,,10.15,53.95,10.98,55.84,8198,2.83,,,1465.8,2.79,,,8388,2.89,,
114.04,210.74,,,10.15,53.95,10.98,55.85,8199,2.83,,,1465.9,2.79,,,8389,2.89,,
114.05,210.72,,,10.15,53.96,10.99,55.85,8200,2.83,,,1466,2.79,,,8390,2.89,,
114.06,210.7,,,10.15,53.96,10.99,55.85,8201,2.83,,,1466.1,2.79,,,8391,2.89,,
114.07,210.68,,,10.16,53.97,10.99,55.86,8202,2.83,,,1466.2,2.78,,,8392,2.89,,
114.08,210.66,,,10.16,53.97,10.99,55.86,8203,2.83,,,1466.3,2.78,,,8393,2.89,,
114.09,210.63,,,10.16,53.97,10.99,55.86,8205,2.83,,,1466.4,2.78,,,8394,2.89,,
114.1,210.61,,,10.16,53.97,10.99,55.87,8206,2.83,,,1466.5,2.78,,,8395,2.89,,
114.11,210.59,,,10.16,53.98,10.99,55.87,8207,2.82,,,1466.6,2.78,,,8396,2.89,,
114.12,210.57,,,10.16,53.98,10.99,55.87,8208,2.82,,,1466.7,2.78,,,8397,2.89,,
114.13,210.55,,,10.17,53.99,11,55.87,8209,2.82,,,1466.8,2.78,,,8398,2.89,,
114.14,210.53,,,10.17,53.99,11,55.88,8210,2.82,,,1466.9,2.78,,,8399,2.88,,
114.15,210.5,,,10.17,53.99,11,55.88,8211,2.82,,,1467,2.78,,,8400,2.88,,
114.16,210.48,,,10.17,54,11,55.88,8213,2.82,,,1467.1,2.78,,,8401,2.88,,
114.17,210.46,,,10.17,54,11,55.89,8214,2.82,,,1467.2,2.78,,,8402,2.88,,
114.18,210.44,,,10.17,54,11,55.89,8215,2.82,,,1467.3,2.78,,,8403,2.88,,
114.19,210.42,,,10.17,54,11.01,55.89,8216,2.82,,,1467.5,2.78,,,8404,2.88,,
114.2,210.4,,,10.18,54.01,11.01,55.89,8217,2.82,,,1467.6,2.78,,,8405,2.88,,
114.21,210.38,,,10.18,54.01,11.01,55.9,8218,2.82,,,1467.7,2.77,,,8406,2.88,,
114.22,210.36,,,10.18,54.02,11.01,55.9,8219,2.82,,,1467.8,2.77,,,8407,2.88,,
114.23,210.33,,,10.18,54.02,11.01,55.9,8220,2.81,,,1467.9,2.77,,,8408,2.88,,
114.24,210.31,,,10.18,54.02,11.01,55.91,8222,2.81,,,1468,2.77,,,8409,2.88,,
114.25,210.29,,,10.19,54.03,11.01,55.91,8223,2.81,,,1468.1,2.77,,,8410,2.88,,
114.26,210.27,,,10.19,54.03,11.01,55.91,8224,2.81,,,1468.2,2.77,,,8411,2.88,,
114.27,210.25,,,10.19,54.04,11.02,55.92,8225,2.81,,,1468.3,2.77,,,8412,2.87,,
114.28,210.23,,,10.19,54.04,11.02,55.92,8226,2.81,,,1468.4,2.77,,,8413,2.87,,
114.29,210.21,,,10.19,54.04,11.02,55.92,8227,2.81,,,1468.5,2.77,,,8414,2.87,,
114.3,210.18,,,10.19,54.05,11.02,55.92,8228,2.81,,,1468.6,2.77,,,8415,2.87,,
114.31,210.16,,,10.2,54.05,11.02,55.93,8229,2.81,,,1468.7,2.77,,,8416,2.87,,
114.32,210.14,,,10.2,54.05,11.02,55.93,8230,2.81,,,1468.8,2.77,,,8417,2.87,,
114.34,210.1,,,10.2,54.06,11.02,55.94,8231,2.81,,,1468.9,2.77,,,8418,2.87,,
114.35,210.08,,,10.2,54.06,11.03,55.94,8232,2.8,,,1469,2.77,,,8419,2.87,,
114.36,210.06,,,10.2,54.06,11.03,55.94,8233,2.8,,,1469.1,2.77,,,8420,2.87,,
114.37,210.03,,,10.2,54.06,11.03,55.95,8234,2.8,,,1469.2,2.76,,,8421,2.87,,
114.38,210.01,,,10.2,54.07,11.03,55.95,8235,2.8,,,1469.3,2.76,,,8422,2.87,,
114.39,209.99,,,10.21,54.07,11.03,55.96,8236,2.8,,,1469.4,2.76,,,8423,2.87,,
114.4,209.97,,,10.21,54.08,11.03,55.96,8237,2.8,,,1469.5,2.76,,,8424,2.87,,
114.41,209.95,,,10.21,54.08,11.04,55.97,8238,2.8,,,1469.6,2.76,,,8425,2.86,,
114.42,209.93,,,10.21,54.09,11.04,55.97,8239,2.8,,,1469.7,2.76,,,8426,2.86,,
114.43,209.91,,,10.21,54.09,11.04,55.98,8241,2.8,,,1469.8,2.76,,,8427,2.86,,
114.44,209.89,,,10.21,54.09,11.04,55.98,8242,2.8,,,1469.9,2.76,,,8428,2.86,,
114.46,209.84,,,10.21,54.1,11.04,55.98,8243,2.8,,,1470,2.76,,,8429,2.86,,
114.48,209.8,,,10.22,54.1,11.05,55.99,8244,2.8,,,1470.1,2.76,,,8430,2.86,,
114.49,209.78,,,10.22,54.1,11.05,55.99,8245,2.79,,,1470.2,2.76,,,8431,2.86,,
114.51,209.74,,,10.22,54.1,11.05,55.99,8246,2.79,,,1470.3,2.76,,,8432,2.86,,
114.53,209.69,,,10.22,54.1,11.05,55.99,8247,2.79,,,1470.4,2.76,,,8433,2.86,,
114.54,209.67,,,10.22,54.11,11.05,55.99,8248,2.79,,,1470.5,2.76,,,8434,2.86,,
114.55,209.65,,,10.22,54.11,11.05,56,8250,2.79,,,1470.6,2.76,,,8435,2.86,,
114.56,209.63,,,10.22,54.12,11.05,56,8251,2.79,,,1470.7,2.75,,,8436,2.86,,
114.57,209.61,,,10.23,54.12,11.05,56,8252,2.79,,,1470.8,2.75,,,8437,2.86,,
114.58,209.59,,,10.23,54.12,11.06,56.01,8253,2.79,,,1470.9,2.75,,,8438,2.85,,
114.59,209.57,,,10.23,54.13,11.06,56.01,8254,2.79,,,1471,2.75,,,8439,2.85,,
114.6,209.54,,,10.23,54.13,11.06,56.02,8255,2.79,,,1471.1,2.75,,,8440,2.85,,
114.61,209.52,,,10.23,54.13,11.06,56.02,8256,2.79,,,1471.2,2.75,,,8441,2.85,,
114.62,209.5,,,10.23,54.14,11.06,56.03,8257,2.78,,,1471.3,2.75,,,8442,2.85,,
114.64,209.46,,,10.23,54.14,11.06,56.03,8258,2.78,,,1471.4,2.75,,,8443,2.85,,
114.65,209.44,,,10.23,54.14,11.07,56.03,8259,2.78,,,1471.5,2.75,,,8444,2.85,,
114.66,209.42,,,10.24,54.14,11.07,56.04,8260,2.78,,,1471.6,2.75,,,8445,2.85,,
114.67,209.4,,,10.24,54.15,11.07,56.04,8261,2.78,,,1471.7,2.75,,,8446,2.85,,
114.68,209.37,,,10.24,54.15,11.07,56.05,8262,2.78,,,1471.8,2.75,,,8447,2.85,,
114.69,209.35,,,10.24,54.15,11.08,56.06,8263,2.78,,,1471.9,2.75,,,8448,2.85,,
114.71,209.31,,,10.24,54.15,11.08,56.06,8265,2.78,,,1472,2.75,,,8449,2.85,,
114.72,209.29,,,10.24,54.16,11.08,56.06,8266,2.78,,,1472.1,2.75,,,8450,2.85,,
114.73,209.27,,,10.25,54.17,11.08,56.07,8267,2.78,,,1472.2,2.75,,,8451,2.84,,
114.74,209.25,,,10.25,54.17,11.08,56.07,8268,2.78,,,1472.3,2.74,,,8452,2.84,,
114.75,209.23,,,10.25,54.17,11.09,56.08,8269,2.78,,,1472.4,2.74,,,8453,2.84,,
114.76,209.21,,,10.25,54.17,11.09,56.09,8270,2.77,,,1472.5,2.74,,,8454,2.84,,
114.77,209.18,,,10.25,54.17,11.09,56.09,8271,2.77,,,1472.6,2.74,,,8455,2.84,,
114.79,209.14,,,10.25,54.18,11.09,56.1,8272,2.77,,,1472.7,2.74,,,8456,2.84,,
114.8,209.12,,,10.25,54.18,11.1,56.1,8273,2.77,,,1472.8,2.74,,,8457,2.84,,
114.81,209.1,,,10.25,54.18,11.1,56.11,8275,2.77,,,1472.9,2.74,,,8458,2.84,,
114.82,209.08,,,10.25,54.18,11.1,56.11,8276,2.77,,,1473,2.74,,,8459,2.84,,
114.83,209.06,,,10.26,54.19,11.11,56.12,8277,2.77,,,1473.1,2.74,,,8460,2.84,,
114.84,209.04,,,10.26,54.2,11.11,56.12,8279,2.77,,,1473.2,2.74,,,8461,2.84,,
114.85,209.01,,,10.26,54.2,11.11,56.13,8280,2.77,,,1473.3,2.74,,,8462,2.84,,
114.86,208.99,,,10.27,54.21,11.11,56.14,8281,2.77,,,1473.4,2.74,,,8463,2.84,,
114.87,208.97,,,10.27,54.21,11.11,56.14,8282,2.77,,,1473.5,2.74,,,8464,2.83,,
114.88,208.95,,,10.27,54.21,11.12,56.14,8283,2.76,,,1473.6,2.74,,,8465,2.83,,
114.9,208.91,,,10.27,54.22,11.12,56.15,8284,2.76,,,1473.7,2.74,,,8466,2.83,,
114.92,208.87,,,10.28,54.23,11.12,56.16,8285,2.76,,,1473.8,2.73,,,8467,2.83,,
114.94,208.82,,,10.28,54.24,11.12,56.16,8287,2.76,,,1473.9,2.73,,,8468,2.83,,
114.95,208.8,,,10.28,54.24,11.12,56.16,8288,2.76,,,1474,2.73,,,8469,2.83,,
114.96,208.78,,,10.28,54.25,11.13,56.17,8289,2.76,,,1474.1,2.73,,,8470,2.83,,
114.97,208.76,,,10.28,54.25,11.13,56.17,8290,2.76,,,1474.2,2.73,,,8471,2.83,,
114.99,208.72,,,10.29,54.26,11.13,56.18,8291,2.76,,,1474.3,2.73,,,8472,2.83,,
115,208.7,,,10.29,54.26,11.13,56.19,8292,2.76,,,1474.4,2.73,,,8473,2.83,,
115.01,208.68,,,10.29,54.26,11.14,56.19,8293,2.76,,,1474.5,2.73,,,8474,2.83,,
115.02,208.66,,,10.29,54.27,11.14,56.19,8294,2.76,,,1474.6,2.73,,,8475,2.83,,
115.03,208.63,,,10.29,54.27,11.14,56.2,8296,2.75,,,1474.7,2.73,,,8476,2.83,,
115.04,208.61,,,10.29,54.27,11.14,56.2,8297,2.75,,,1474.8,2.73,,,8477,2.82,,
115.05,208.59,,,10.29,54.27,11.14,56.21,8298,2.75,,,1474.9,2.73,,,8478,2.82,,
115.06,208.57,,,10.29,54.27,11.14,56.21,8299,2.75,,,1475,2.73,,,8479,2.82,,
115.08,208.53,,,10.29,54.28,11.15,56.22,8300,2.75,,,1475.1,2.73,,,8480,2.82,,
115.09,208.51,,,10.3,54.28,11.15,56.22,8301,2.75,,,1475.2,2.73,,,8481,2.82,,
115.11,208.47,,,10.3,54.29,11.15,56.22,8302,2.75,,,1475.3,2.73,,,8482,2.82,,
115.12,208.44,,,10.3,54.29,11.15,56.23,8303,2.75,,,1475.4,2.72,,,8483,2.82,,
115.13,208.42,,,10.3,54.3,11.15,56.23,8304,2.75,,,1475.5,2.72,,,8484,2.82,,
115.14,208.4,,,10.31,54.3,11.15,56.23,8305,2.75,,,1475.6,2.72,,,8485,2.82,,
115.15,208.38,,,10.31,54.31,11.15,56.23,8306,2.75,,,1475.7,2.72,,,8486,2.82,,
115.16,208.36,,,10.31,54.31,11.16,56.24,8307,2.75,,,1475.8,2.72,,,8487,2.82,,
115.17,208.34,,,10.31,54.32,11.16,56.24,8308,2.75,,,1475.9,2.72,,,8488,2.82,,
115.18,208.32,,,10.31,54.32,11.16,56.25,8309,2.74,,,1476,2.72,,,8489,2.82,,
115.19,208.3,,,10.32,54.33,11.16,56.26,8310,2.74,,,1476.1,2.72,,,8490,2.81,,
115.2,208.28,,,10.32,54.33,11.17,56.26,8311,2.74,,,1476.2,2.72,,,8491,2.81,,
115.21,208.26,,,10.32,54.34,11.17,56.26,8312,2.74,,,1476.3,2.72,,,8492,2.81,,
115.22,208.23,,,10.32,54.34,11.17,56.27,8313,2.74,,,1476.4,2.72,,,8493,2.81,,
115.24,208.19,,,10.32,54.35,11.18,56.28,8314,2.74,,,1476.5,2.72,,,8494,2.81,,
115.26,208.15,,,10.33,54.35,11.18,56.28,8315,2.74,,,1476.6,2.72,,,8495,2.81,,
115.27,208.13,,,10.33,54.35,11.18,56.29,8316,2.74,,,1476.7,2.72,,,8496,2.81,,
115.28,208.11,,,10.33,54.35,11.18,56.29,8317,2.74,,,1476.8,2.72,,,8497,2.81,,
115.29,208.09,,,10.33,54.36,11.18,56.3,8318,2.74,,,1476.9,2.71,,,8498,2.81,,
115.31,208.05,,,10.33,54.37,11.19,56.3,8319,2.74,,,1477,2.71,,,8499,2.81,,
115.32,208.02,,,10.34,54.37,11.19,56.3,8320,2.74,,,1477.1,2.71,,,8500,2.81,,
115.33,208,,,10.34,54.38,11.19,56.31,8321,2.74,,,1477.2,2.71,,,8501,2.81,,
115.35,207.96,,,10.34,54.38,11.19,56.32,8322,2.73,,,1477.3,2.71,,,8502,2.81,,
115.36,207.94,,,10.34,54.38,11.2,56.33,8323,2.73,,,1477.4,2.71,,,8503,2.81,,
115.37,207.92,,,10.34,54.39,11.2,56.33,8325,2.73,,,1477.5,2.71,,,8504,2.8,,
115.38,207.9,,,10.34,54.39,11.2,56.33,8326,2.73,,,1477.6,2.71,,,8505,2.8,,
115.39,207.88,,,10.35,54.39,11.2,56.34,8327,2.73,,,1477.7,2.71,,,8506,2.8,,
115.4,207.86,,,10.35,54.39,11.2,56.34,8328,2.73,,,1477.8,2.71,,,8507,2.8,,
115.41,207.84,,,10.35,54.4,11.2,56.34,8329,2.73,,,1477.9,2.71,,,8508,2.8,,
115.42,207.82,,,10.35,54.4,11.2,56.34,8330,2.73,,,1478,2.71,,,8509,2.8,,
115.43,207.79,,,10.35,54.4,11.21,56.35,8331,2.73,,,1478.1,2.71,,,8510,2.8,,
115.44,207.77,,,10.35,54.4,11.21,56.36,8332,2.73,,,1478.2,2.71,,,8511,2.8,,
115.45,207.75,,,10.35,54.41,11.21,56.36,8333,2.73,,,1478.3,2.71,,,8512,2.8,,
115.46,207.73,,,10.35,54.41,11.21,56.37,8334,2.73,,,1478.4,2.71,,,8513,2.8,,
115.47,207.71,,,10.35,54.41,11.22,56.38,8335,2.72,,,1478.5,2.7,,,8514,2.8,,
115.49,207.67,,,10.36,54.41,11.22,56.39,8336,2.72,,,1478.6,2.7,,,8515,2.8,,
115.51,207.63,,,10.36,54.42,11.22,56.39,8337,2.72,,,1478.7,2.7,,,8516,2.8,,
115.52,207.61,,,10.36,54.42,11.22,56.39,8338,2.72,,,1478.8,2.7,,,8517,2.79,,
115.53,207.59,,,10.36,54.43,11.23,56.4,8339,2.72,,,1478.9,2.7,,,8518,2.79,,
115.54,207.56,,,10.36,54.43,11.23,56.41,8340,2.72,,,1479,2.7,,,8519,2.79,,
115.55,207.54,,,10.37,54.44,11.23,56.41,8341,2.72,,,1479.1,2.7,,,8520,2.79,,
115.56,207.52,,,10.37,54.44,11.24,56.42,8343,2.72,,,1479.2,2.7,,,8521,2.79,,
115.57,207.5,,,10.37,54.45,11.24,56.42,8344,2.72,,,1479.3,2.7,,,8522,2.79,,
115.58,207.48,,,10.37,54.45,11.24,56.42,8346,2.72,,,1479.4,2.7,,,8523,2.79,,
115.6,207.44,,,10.38,54.46,11.24,56.43,8347,2.72,,,1479.5,2.7,,,8524,2.79,,
115.62,207.4,,,10.38,54.47,11.25,56.44,8348,2.71,,,1479.6,2.7,,,8525,2.79,,
115.63,207.38,,,10.38,54.48,11.25,56.45,8350,2.71,,,1479.7,2.7,,,8526,2.79,,
115.64,207.36,,,10.38,54.48,11.25,56.45,8351,2.71,,,1479.8,2.7,,,8527,2.79,,
115.65,207.33,,,10.39,54.49,11.25,56.45,8352,2.71,,,1479.9,2.7,,,8528,2.79,,
115.67,207.29,,,10.39,54.49,11.25,56.45,8353,2.71,,,1480,2.7,,,8529,2.79,,
115.68,207.27,,,10.4,54.51,11.25,56.46,8354,2.71,,,1480.1,2.69,,,8530,2.79,,
115.69,207.25,,,10.4,54.51,11.26,56.46,8355,2.71,,,1480.2,2.69,,,8531,2.78,,
115.71,207.21,,,10.4,54.51,11.26,56.48,8356,2.71,,,1480.3,2.69,,,8532,2.78,,
115.73,207.17,,,10.4,54.52,11.26,56.48,8357,2.71,,,1480.4,2.69,,,8533,2.78,,
115.74,207.15,,,10.4,54.53,11.27,56.48,8358,2.71,,,1480.5,2.69,,,8534,2.78,,
115.75,207.13,,,10.41,54.54,11.27,56.49,8359,2.71,,,1480.6,2.69,,,8535,2.78,,
115.76,207.11,,,10.41,54.54,11.27,56.49,8360,2.71,,,1480.7,2.69,,,8536,2.78,,
115.78,207.06,,,10.41,54.54,11.27,56.5,8361,2.71,,,1480.8,2.69,,,8537,2.78,,
115.79,207.04,,,10.42,54.55,11.28,56.51,8362,2.7,,,1480.9,2.69,,,8538,2.78,,
115.8,207.02,,,10.42,54.56,11.28,56.51,8363,2.7,,,1481,2.69,,,8539,2.78,,
115.81,207,,,10.42,54.56,11.28,56.52,8364,2.7,,,1481.1,2.69,,,8540,2.78,,
115.82,206.98,,,10.42,54.57,11.28,56.52,8365,2.7,,,1481.2,2.69,,,8541,2.78,,
115.84,206.94,,,10.43,54.58,11.28,56.53,8366,2.7,,,1481.3,2.69,,,8542,2.78,,
115.85,206.92,,,10.43,54.59,11.29,56.53,8367,2.7,,,1481.4,2.69,,,8543,2.78,,
115.86,206.9,,,10.43,54.59,11.29,56.54,8368,2.7,,,1481.5,2.69,,,8544,2.77,,
115.87,206.88,,,10.44,54.6,11.29,56.54,8369,2.7,,,1481.6,2.68,,,8545,2.77,,
115.88,206.86,,,10.44,54.6,11.29,56.55,8370,2.7,,,1481.7,2.68,,,8546,2.77,,
115.89,206.84,,,10.44,54.61,11.3,56.56,8371,2.7,,,1481.8,2.68,,,8547,2.77,,
115.91,206.79,,,10.44,54.61,11.3,56.56,8372,2.7,,,1481.9,2.68,,,8548,2.77,,
115.93,206.75,,,10.45,54.63,11.3,56.56,8373,2.7,,,1482,2.68,,,8549,2.77,,
115.95,206.71,,,10.45,54.64,11.3,56.57,8374,2.7,,,1482.1,2.68,,,8550,2.77,,
115.97,206.67,,,10.46,54.64,11.3,56.58,8375,2.69,,,1482.2,2.68,,,8551,2.77,,
115.98,206.65,,,10.46,54.64,11.31,56.58,8376,2.69,,,1482.3,2.68,,,8552,2.77,,
116,206.61,,,10.46,54.65,11.31,56.58,8377,2.69,,,1482.4,2.68,,,8553,2.77,,
116.01,206.59,,,10.46,54.65,11.31,56.59,8378,2.69,,,1482.5,2.68,,,8554,2.77,,
116.02,206.57,,,10.47,54.67,11.31,56.59,8379,2.69,,,1482.6,2.68,,,8555,2.77,,
116.03,206.55,,,10.47,54.67,11.31,56.6,8380,2.69,,,1482.7,2.68,,,8556,2.77,,
116.04,206.53,,,10.47,54.67,11.32,56.6,8381,2.69,,,1482.8,2.68,,,8557,2.77,,
116.05,206.5,,,10.47,54.68,11.32,56.62,8382,2.69,,,1482.9,2.68,,,8558,2.76,,
116.06,206.48,,,10.47,54.68,11.32,56.62,8383,2.69,,,1483,2.68,,,8559,2.76,,
116.07,206.46,,,10.48,54.69,11.33,56.62,8384,2.69,,,1483.1,2.68,,,8560,2.76,,
116.08,206.44,,,10.48,54.7,11.33,56.63,8385,2.69,,,1483.2,2.67,,,8561,2.76,,
116.1,206.4,,,10.48,54.7,11.33,56.63,8386,2.69,,,1483.3,2.67,,,8562,2.76,,
116.11,206.38,,,10.49,54.72,11.34,56.65,8387,2.69,,,1483.4,2.67,,,8563,2.76,,
116.12,206.36,,,10.49,54.73,11.34,56.65,8388,2.69,,,1483.5,2.67,,,8564,2.76,,
116.14,206.32,,,10.5,54.73,11.34,56.65,8389,2.68,,,1483.6,2.67,,,8565,2.76,,
116.15,206.3,,,10.5,54.74,11.34,56.66,8390,2.68,,,1483.7,2.67,,,8566,2.76,,
116.16,206.28,,,10.5,54.74,11.34,56.66,8391,2.68,,,1483.8,2.67,,,8567,2.76,,
116.17,206.26,,,10.5,54.75,11.35,56.67,8392,2.68,,,1483.9,2.67,,,8568,2.76,,
116.18,206.24,,,10.5,54.75,11.35,56.68,8393,2.68,,,1484,2.67,,,8569,2.76,,
116.19,206.22,,,10.51,54.76,11.35,56.68,8394,2.68,,,1484.1,2.67,,,8570,2.76,,
116.2,206.19,,,10.51,54.77,11.35,56.68,8396,2.68,,,1484.2,2.67,,,8571,2.76,,
116.21,206.17,,,10.51,54.78,11.35,56.69,8397,2.68,,,1484.3,2.67,,,8572,2.75,,
116.23,206.13,,,10.52,54.78,11.36,56.7,8398,2.68,,,1484.4,2.67,,,8573,2.75,,
116.24,206.11,,,10.52,54.78,11.36,56.71,8399,2.68,,,1484.5,2.67,,,8574,2.75,,
116.25,206.09,,,10.52,54.79,11.36,56.71,8400,2.68,,,1484.6,2.67,,,8575,2.75,,
116.26,206.07,,,10.52,54.79,11.37,56.71,8401,2.68,,,1484.7,2.67,,,8576,2.75,,
116.27,206.05,,,10.52,54.8,11.37,56.72,8402,2.67,,,1484.8,2.67,,,8577,2.75,,
116.28,206.03,,,10.52,54.8,11.37,56.72,8403,2.67,,,1484.9,2.66,,,8578,2.75,,
116.3,205.99,,,10.53,54.8,11.38,56.74,8404,2.67,,,1485,2.66,,,8579,2.75,,
116.32,205.95,,,10.53,54.8,11.38,56.74,8405,2.67,,,1485.1,2.66,,,8580,2.75,,
116.33,205.93,,,10.53,54.81,11.38,56.75,8406,2.67,,,1485.2,2.66,,,8581,2.75,,
116.34,205.91,,,10.53,54.81,11.38,56.76,8407,2.67,,,1485.3,2.66,,,8582,2.75,,
116.36,205.86,,,10.53,54.82,11.39,56.76,8408,2.67,,,1485.4,2.66,,,8583,2.75,,
116.37,205.84,,,10.53,54.82,11.39,56.77,8409,2.67,,,1485.5,2.66,,,8584,2.75,,
116.38,205.82,,,10.54,54.82,11.39,56.78,8410,2.67,,,1485.6,2.66,,,8585,2.75,,
116.39,205.8,,,10.54,54.83,11.39,56.78,8411,2.67,,,1485.7,2.66,,,8586,2.74,,
116.4,205.78,,,10.54,54.83,11.39,56.78,8412,2.67,,,1485.8,2.66,,,8587,2.74,,
116.41,205.76,,,10.54,54.83,11.4,56.78,8413,2.67,,,1485.9,2.66,,,8588,2.74,,
116.43,205.72,,,10.54,54.84,11.4,56.79,8414,2.67,,,1486,2.66,,,8589,2.74,,
116.44,205.7,,,10.54,54.84,11.4,56.79,8415,2.67,,,1486.1,2.66,,,8590,2.74,,
116.46,205.66,,,10.54,54.85,11.4,56.79,8416,2.66,,,1486.2,2.66,,,8591,2.74,,
116.47,205.64,,,10.55,54.85,11.4,56.8,8417,2.66,,,1486.3,2.66,,,8592,2.74,,
116.48,205.62,,,10.55,54.86,11.41,56.81,8418,2.66,,,1486.4,2.66,,,8593,2.74,,
116.49,205.6,,,10.55,54.87,11.41,56.81,8419,2.66,,,1486.5,2.65,,,8594,2.74,,
116.51,205.56,,,10.56,54.87,11.41,56.82,8420,2.66,,,1486.6,2.65,,,8595,2.74,,
116.52,205.54,,,10.57,54.89,11.41,56.82,8421,2.66,,,1486.7,2.65,,,8596,2.74,,
116.53,205.52,,,10.57,54.9,11.41,56.82,8423,2.66,,,1486.8,2.65,,,8597,2.74,,
116.54,205.5,,,10.57,54.9,11.41,56.83,8424,2.66,,,1486.9,2.65,,,8598,2.74,,
116.55,205.47,,,10.57,54.91,11.42,56.83,8425,2.66,,,1487,2.65,,,8599,2.74,,
116.56,205.45,,,10.57,54.91,11.42,56.83,8426,2.66,,,1487.1,2.65,,,8600,2.73,,
116.57,205.43,,,10.57,54.91,11.42,56.83,8427,2.66,,,1487.2,2.65,,,8601,2.73,,
116.58,205.41,,,10.58,54.92,11.42,56.84,8428,2.66,,,1487.3,2.65,,,8602,2.73,,
116.59,205.39,,,10.58,54.93,11.42,56.84,8429,2.66,,,1487.4,2.65,,,8603,2.73,,
116.6,205.37,,,10.59,54.95,11.43,56.86,8430,2.65,,,1487.5,2.65,,,8604,2.73,,
116.61,205.35,,,10.59,54.95,11.43,56.86,8431,2.65,,,1487.6,2.65,,,8605,2.73,,
116.62,205.33,,,10.59,54.96,11.43,56.87,8432,2.65,,,1487.7,2.65,,,8606,2.73,,
116.63,205.31,,,10.6,54.96,11.44,56.87,8433,2.65,,,1487.9,2.65,,,8607,2.73,,
116.64,205.29,,,10.6,54.97,11.44,56.88,8434,2.65,,,1488,2.65,,,8608,2.73,,
116.65,205.27,,,10.6,54.98,11.44,56.89,8435,2.65,,,1488.1,2.64,,,8609,2.73,,
116.66,205.25,,,10.6,54.98,11.45,56.89,8436,2.65,,,1488.2,2.64,,,8610,2.73,,
116.67,205.23,,,10.61,54.98,11.45,56.9,8437,2.65,,,1488.3,2.64,,,8611,2.73,,
116.68,205.21,,,10.61,54.99,11.45,56.9,8438,2.65,,,1488.4,2.64,,,8612,2.73,,
116.7,205.17,,,10.61,55,11.45,56.91,8439,2.65,,,1488.5,2.64,,,8613,2.73,,
116.71,205.15,,,10.62,55.01,11.46,56.92,8440,2.65,,,1488.6,2.64,,,8614,2.72,,
116.72,205.13,,,10.62,55.01,11.46,56.92,8441,2.65,,,1488.7,2.64,,,8615,2.72,,
116.73,205.11,,,10.63,55.03,11.46,56.93,8442,2.65,,,1488.8,2.64,,,8616,2.72,,
116.74,205.09,,,10.63,55.04,11.47,56.95,8443,2.65,,,1488.9,2.64,,,8617,2.72,,
116.75,205.07,,,10.63,55.04,11.47,56.95,8444,2.64,,,1489,2.64,,,8618,2.72,,
116.76,205.04,,,10.63,55.04,11.47,56.96,8445,2.64,,,1489.1,2.64,,,8619,2.72,,
116.77,205.02,,,10.63,55.05,11.47,56.96,8446,2.64,,,1489.2,2.64,,,8620,2.72,,
116.78,205,,,10.64,55.05,11.47,56.96,8447,2.64,,,1489.3,2.64,,,8621,2.72,,
116.79,204.98,,,10.64,55.06,11.48,56.97,8448,2.64,,,1489.4,2.64,,,8622,2.72,,
116.8,204.96,,,10.64,55.06,11.48,56.98,8449,2.64,,,1489.5,2.64,,,8623,2.72,,
116.81,204.94,,,10.64,55.07,11.48,56.99,8451,2.64,,,1489.6,2.64,,,8624,2.72,,
116.82,204.92,,,10.65,55.08,11.49,56.99,8452,2.64,,,1489.7,2.64,,,8625,2.72,,
116.83,204.9,,,10.65,55.08,11.49,57,8453,2.64,,,1489.8,2.63,,,8626,2.72,,
116.85,204.86,,,10.65,55.1,11.49,57,8454,2.64,,,1489.9,2.63,,,8627,2.72,,
116.86,204.84,,,10.66,55.1,11.49,57,8455,2.64,,,1490,2.63,,,8628,2.72,,
116.87,204.82,,,10.66,55.1,11.49,57.01,8456,2.64,,,1490.1,2.63,,,8629,2.71,,
116.88,204.8,,,10.66,55.11,11.49,57.01,8457,2.64,,,1490.2,2.63,,,8630,2.71,,
116.89,204.78,,,10.66,55.11,11.5,57.02,8458,2.63,,,1490.3,2.63,,,8631,2.71,,
116.9,204.76,,,10.67,55.13,11.5,57.02,8459,2.63,,,1490.4,2.63,,,8632,2.71,,
116.91,204.74,,,10.67,55.13,11.5,57.03,8461,2.63,,,1490.5,2.63,,,8633,2.71,,
116.93,204.7,,,10.67,55.13,11.51,57.03,8462,2.63,,,1490.6,2.63,,,8634,2.71,,
116.95,204.66,,,10.67,55.14,11.51,57.04,8463,2.63,,,1490.7,2.63,,,8635,2.71,,
116.96,204.64,,,10.67,55.14,11.51,57.04,8464,2.63,,,1490.8,2.63,,,8636,2.71,,
116.97,204.62,,,10.68,55.14,11.51,57.04,8465,2.63,,,1490.9,2.63,,,8637,2.71,,
116.98,204.6,,,10.68,55.15,11.51,57.04,8466,2.63,,,1491,2.63,,,8638,2.71,,
116.99,204.58,,,10.68,55.15,11.51,57.05,8467,2.63,,,1491.1,2.63,,,8639,2.71,,
117.01,204.54,,,10.68,55.15,11.51,57.05,8468,2.63,,,1491.2,2.63,,,8640,2.71,,
117.02,204.52,,,10.68,55.15,11.51,57.05,8469,2.63,,,1491.3,2.63,,,8641,2.71,,
117.03,204.49,,,10.68,55.15,11.52,57.05,8471,2.63,,,1491.4,2.62,,,8642,2.71,,
117.05,204.45,,,10.68,55.16,11.52,57.06,8472,2.62,,,1491.5,2.62,,,8643,2.7,,
117.07,204.41,,,10.69,55.17,11.52,57.07,8473,2.62,,,1491.6,2.62,,,8644,2.7,,
117.08,204.39,,,10.69,55.17,11.52,57.07,8474,2.62,,,1491.7,2.62,,,8645,2.7,,
117.09,204.37,,,10.69,55.17,11.52,57.07,8476,2.62,,,1491.8,2.62,,,8646,2.7,,
117.11,204.33,,,10.69,55.17,11.53,57.08,8477,2.62,,,1491.9,2.62,,,8647,2.7,,
117.13,204.29,,,10.69,55.18,11.53,57.09,8478,2.62,,,1492,2.62,,,8648,2.7,,
117.14,204.27,,,10.69,55.18,11.53,57.1,8479,2.62,,,1492.1,2.62,,,8649,2.7,,
117.15,204.25,,,10.69,55.18,11.54,57.1,8480,2.62,,,1492.2,2.62,,,8650,2.7,,
117.16,204.23,,,10.7,55.2,11.54,57.1,8481,2.62,,,1492.3,2.62,,,8651,2.7,,
117.18,204.19,,,10.7,55.2,11.54,57.12,8482,2.62,,,1492.4,2.62,,,8652,2.7,,
117.19,204.17,,,10.7,55.21,11.54,57.12,8483,2.62,,,1492.5,2.62,,,8653,2.7,,
117.2,204.15,,,10.71,55.21,11.55,57.13,8484,2.62,,,1492.7,2.62,,,8654,2.7,,
117.21,204.13,,,10.71,55.21,11.55,57.14,8485,2.62,,,1492.8,2.62,,,8655,2.7,,
117.22,204.11,,,10.71,55.22,11.55,57.14,8486,2.62,,,1492.9,2.62,,,8656,2.7,,
117.23,204.09,,,10.71,55.23,11.55,57.15,8487,2.61,,,1493,2.62,,,8657,2.7,,
117.24,204.07,,,10.71,55.23,11.56,57.15,8488,2.61,,,1493.1,2.61,,,8658,2.69,,
117.25,204.05,,,10.72,55.24,11.56,57.17,8489,2.61,,,1493.2,2.61,,,8659,2.69,,
117.26,204.03,,,10.72,55.25,11.57,57.18,8490,2.61,,,1493.3,2.61,,,8660,2.69,,
117.27,204.01,,,10.72,55.25,11.57,57.19,8491,2.61,,,1493.4,2.61,,,8661,2.69,,
117.28,203.99,,,10.73,55.26,11.58,57.2,8492,2.61,,,1493.5,2.61,,,8662,2.69,,
117.29,203.97,,,10.73,55.27,11.58,57.21,8493,2.61,,,1493.6,2.61,,,8663,2.69,,
117.3,203.95,,,10.73,55.27,11.58,57.21,8494,2.61,,,1493.7,2.61,,,8664,2.69,,
117.31,203.93,,,10.73,55.28,11.59,57.21,8495,2.61,,,1493.8,2.61,,,8665,2.69,,
117.32,203.91,,,10.74,55.28,11.59,57.22,8496,2.61,,,1493.9,2.61,,,8666,2.69,,
117.34,203.87,,,10.74,55.29,11.59,57.23,8497,2.61,,,1494,2.61,,,8667,2.69,,
117.36,203.83,,,10.75,55.3,11.6,57.24,8498,2.61,,,1494.1,2.61,,,8668,2.69,,
117.37,203.81,,,10.75,55.31,11.6,57.25,8499,2.61,,,1494.2,2.61,,,8669,2.69,,
117.38,203.79,,,10.75,55.31,11.6,57.25,8500,2.61,,,1494.3,2.61,,,8670,2.69,,
117.39,203.77,,,10.76,55.34,11.6,57.26,8501,2.6,,,1494.4,2.61,,,8671,2.69,,
117.4,203.75,,,10.77,55.35,11.61,57.26,8502,2.6,,,1494.5,2.61,,,8672,2.68,,
117.42,203.71,,,10.77,55.35,11.61,57.27,8503,2.6,,,1494.6,2.61,,,8673,2.68,,
117.43,203.68,,,10.77,55.36,11.62,57.29,8504,2.6,,,1494.7,2.61,,,8674,2.68,,
117.44,203.66,,,10.77,55.36,11.62,57.29,8505,2.6,,,1494.8,2.6,,,8675,2.68,,
117.46,203.62,,,10.79,55.39,11.63,57.31,8506,2.6,,,1494.9,2.6,,,8676,2.68,,
117.47,203.6,,,10.79,55.4,11.63,57.31,8507,2.6,,,1495,2.6,,,8677,2.68,,
117.49,203.56,,,10.79,55.41,11.63,57.31,8508,2.6,,,1495.1,2.6,,,8678,2.68,,
117.51,203.52,,,10.8,55.42,11.63,57.31,8509,2.6,,,1495.2,2.6,,,8679,2.68,,
117.52,203.5,,,10.8,55.43,11.63,57.32,8510,2.6,,,1495.3,2.6,,,8680,2.68,,
117.53,203.48,,,10.8,55.43,11.64,57.34,8511,2.6,,,1495.4,2.6,,,8681,2.68,,
117.54,203.46,,,10.81,55.44,11.64,57.34,8513,2.6,,,1495.5,2.6,,,8682,2.68,,
117.56,203.42,,,10.81,55.46,11.65,57.36,8514,2.6,,,1495.6,2.6,,,8683,2.68,,
117.58,203.38,,,10.82,55.47,11.65,57.36,8515,2.6,,,1495.7,2.6,,,8684,2.68,,
117.59,203.36,,,10.83,55.49,11.65,57.36,8516,2.59,,,1495.8,2.6,,,8685,2.68,,
117.6,203.34,,,10.83,55.49,11.65,57.37,8517,2.59,,,1495.9,2.6,,,8686,2.68,,
117.61,203.32,,,10.83,55.5,11.65,57.37,8518,2.59,,,1496,2.6,,,8687,2.67,,
117.62,203.3,,,10.84,55.52,11.65,57.37,8519,2.59,,,1496.1,2.6,,,8688,2.67,,
117.63,203.28,,,10.84,55.52,11.66,57.38,8520,2.59,,,1496.2,2.6,,,8689,2.67,,
117.64,203.26,,,10.85,55.53,11.66,57.38,8521,2.59,,,1496.3,2.6,,,8690,2.67,,
117.65,203.24,,,10.85,55.54,11.66,57.39,8522,2.59,,,1496.4,2.6,,,8691,2.67,,
117.66,203.22,,,10.86,55.55,11.67,57.4,8523,2.59,,,1496.5,2.59,,,8692,2.67,,
117.67,203.2,,,10.86,55.56,11.67,57.41,8525,2.59,,,1496.6,2.59,,,8693,2.67,,
117.69,203.16,,,10.86,55.56,11.67,57.41,8526,2.59,,,1496.7,2.59,,,8694,2.67,,
117.7,203.14,,,10.86,55.57,11.67,57.41,8527,2.59,,,1496.8,2.59,,,8695,2.67,,
117.71,203.12,,,10.87,55.59,11.67,57.42,8528,2.59,,,1496.9,2.59,,,8696,2.67,,
117.72,203.1,,,10.88,55.61,11.68,57.42,8529,2.59,,,1497,2.59,,,8697,2.67,,
117.73,203.08,,,10.88,55.61,11.68,57.42,8530,2.58,,,1497.1,2.59,,,8698,2.67,,
117.74,203.06,,,10.88,55.61,11.68,57.42,8531,2.58,,,1497.2,2.59,,,8699,2.67,,
117.75,203.04,,,10.88,55.62,11.68,57.43,8532,2.58,,,1497.3,2.59,,,8700,2.67,,
117.76,203.02,,,10.89,55.63,11.68,57.44,8533,2.58,,,1497.4,2.59,,,8701,2.67,,
117.77,203,,,10.89,55.64,11.68,57.44,8534,2.58,,,1497.5,2.59,,,8702,2.66,,
117.79,202.96,,,10.9,55.65,11.69,57.44,8535,2.58,,,1497.6,2.59,,,8703,2.66,,
117.8,202.94,,,10.91,55.69,11.69,57.45,8536,2.58,,,1497.7,2.59,,,8704,2.66,,
117.81,202.92,,,10.92,55.69,11.69,57.46,8537,2.58,,,1497.8,2.59,,,8705,2.66,,
117.82,202.9,,,10.92,55.69,11.69,57.46,8538,2.58,,,1497.9,2.59,,,8706,2.66,,
117.83,202.88,,,10.93,55.71,11.69,57.46,8539,2.58,,,1498,2.59,,,8707,2.66,,
117.85,202.84,,,10.93,55.73,11.69,57.46,8540,2.58,,,1498.1,2.59,,,8708,2.66,,
117.86,202.82,,,10.94,55.73,11.7,57.47,8541,2.58,,,1498.2,2.58,,,8709,2.66,,
117.88,202.78,,,10.94,55.75,11.7,57.48,8542,2.58,,,1498.3,2.58,,,8710,2.66,,
117.89,202.76,,,10.94,55.75,11.7,57.48,8543,2.58,,,1498.4,2.58,,,8711,2.66,,
117.9,202.74,,,10.95,55.76,11.71,57.49,8544,2.58,,,1498.5,2.58,,,8712,2.66,,
117.91,202.72,,,10.96,55.78,11.71,57.49,8545,2.57,,,1498.6,2.58,,,8713,2.66,,
117.92,202.7,,,10.96,55.79,11.71,57.5,8546,2.57,,,1498.7,2.58,,,8714,2.66,,
117.94,202.66,,,10.97,55.81,11.71,57.5,8547,2.57,,,1499.6,2.58,,,8715,2.66,,
117.95,202.64,,,10.97,55.81,11.71,57.5,8548,2.57,,,1500.1,2.57,,,8716,2.66,,
117.96,202.62,,,10.97,55.82,11.72,57.51,8549,2.57,,,1501,2.57,,,8717,2.65,,
117.98,202.58,,,10.97,55.82,11.72,57.52,8550,2.57,,,1501.7,2.56,,,8718,2.65,,
118,202.54,,,10.98,55.83,11.72,57.52,8551,2.57,,,1502,2.56,,,8719,2.65,,
118.01,202.52,,,10.98,55.85,11.72,57.53,8552,2.57,,,1503,2.56,,,8720,2.65,,
118.02,202.5,,,10.99,55.85,11.73,57.54,8553,2.57,,,1504,2.55,,,8721,2.65,,
118.03,202.48,,,10.99,55.86,11.73,57.55,8554,2.57,,,1505,2.55,,,8722,2.65,,
118.04,202.46,,,10.99,55.87,11.73,57.56,8555,2.57,,,1505.7,2.54,,,8723,2.65,,
118.05,202.44,,,10.99,55.87,11.74,57.56,8556,2.57,,,1506,2.54,,,8724,2.65,,
118.07,202.4,,,11,55.88,11.74,57.57,8557,2.57,,,1506.1,2.54,,,8725,2.65,,
118.09,202.36,,,11,55.89,11.74,57.58,8558,2.57,,,1507,2.53,,,8726,2.65,,
118.1,202.34,,,11.01,55.9,11.74,57.58,8559,2.57,,,1507.2,2.53,,,8727,2.65,,
118.11,202.32,,,11.03,55.94,11.75,57.58,8560,2.56,,,1508,2.53,,,8728,2.65,,
118.12,202.3,,,11.03,55.94,11.75,57.58,8561,2.56,,,1509,2.52,,,8729,2.65,,
118.13,202.28,,,11.03,55.96,11.75,57.59,8562,2.56,,,1509.7,2.52,,,8730,2.65,,
118.14,202.26,,,11.04,55.96,11.75,57.59,8563,2.56,,,1510,2.52,,,8731,2.65,,
118.15,202.24,,,11.04,55.97,11.75,57.59,8564,2.56,,,1510.4,2.51,,,8732,2.64,,
118.16,202.22,,,11.04,55.98,11.75,57.59,8565,2.56,,,1511,2.51,,,8733,2.64,,
118.17,202.2,,,11.06,56.02,11.75,57.6,8566,2.56,,,1512,2.51,,,8734,2.64,,
118.18,202.18,,,11.06,56.03,11.75,57.6,8567,2.56,,,1513,2.5,,,8735,2.64,,
118.2,202.14,,,11.07,56.04,11.76,57.6,8568,2.56,,,1514,2.5,,,8736,2.64,,
118.21,202.12,,,11.08,56.06,11.76,57.61,8569,2.56,,,1515,2.49,,,8737,2.64,,
118.22,202.1,,,11.08,56.07,11.76,57.61,8570,2.56,,,1516,2.48,,,8738,2.64,,
118.23,202.08,,,11.09,56.08,11.76,57.61,8571,2.56,,,1517,2.48,,,8739,2.64,,
118.24,202.06,,,11.09,56.09,11.76,57.61,8572,2.56,,,1518,2.47,,,8740,2.64,,
118.25,202.04,,,11.1,56.11,11.76,57.62,8573,2.56,,,1519,2.47,,,8741,2.64,,
118.26,202.02,,,11.11,56.12,11.77,57.63,8574,2.56,,,1520,2.46,,,8742,2.64,,
118.27,202,,,11.11,56.14,11.77,57.64,8575,2.55,,,1520.5,2.46,,,8743,2.64,,
118.28,201.98,,,11.12,56.15,11.77,57.64,8576,2.55,,,1521,2.46,,,8744,2.64,,
118.29,201.96,,,11.12,56.15,11.77,57.64,8577,2.55,,,1522,2.45,,,8745,2.64,,
118.3,201.94,,,11.13,56.18,11.77,57.64,8578,2.55,,,1523,2.45,,,8746,2.64,,
118.32,201.9,,,11.13,56.19,11.77,57.64,8579,2.55,,,1524,2.44,,,8747,2.63,,
118.34,201.86,,,11.14,56.2,11.78,57.65,8580,2.55,,,1525,2.44,,,8748,2.63,,
118.36,201.82,,,11.15,56.22,11.78,57.65,8581,2.55,,,1526,2.43,,,8749,2.63,,
118.37,201.8,,,11.15,56.22,11.78,57.65,8582,2.55,,,1526.3,2.43,,,8750,2.63,,
118.38,201.78,,,11.15,56.22,11.78,57.66,8583,2.55,,,1527,2.43,,,8751,2.63,,
118.4,201.74,,,11.15,56.23,11.78,57.66,8584,2.55,,,1528,2.42,,,8752,2.63,,
118.42,201.71,,,11.16,56.24,11.78,57.66,8586,2.55,,,1528.2,2.42,,,8753,2.63,,
118.43,201.69,,,11.16,56.24,11.79,57.67,8587,2.55,,,1529,2.42,,,8754,2.63,,
118.44,201.67,,,11.16,56.25,11.79,57.68,8588,2.55,,,1530,2.41,,,8755,2.63,,
118.45,201.65,,,11.16,56.26,11.79,57.68,8589,2.55,,,1531,2.41,,,8756,2.63,,
118.46,201.63,,,11.17,56.26,11.79,57.69,8590,2.54,,,1531.2,2.4,,,8757,2.63,,
118.48,201.59,,,11.17,56.26,11.79,57.69,8591,2.54,,,1531.9,2.4,,,8758,2.63,,
118.49,201.57,,,11.17,56.27,11.8,57.69,8592,2.54,,,1532,2.4,,,8759,2.63,,
118.5,201.55,,,11.18,56.29,11.8,57.7,8593,2.54,,,1533,2.39,,,8760,2.63,,
118.51,201.53,,,11.19,56.3,11.8,57.71,8594,2.54,,,1533.7,2.39,,,8761,2.63,,
118.52,201.51,,,11.19,56.31,11.81,57.72,8595,2.54,,,1534,2.39,,,8762,2.62,,
118.54,201.47,,,11.19,56.31,11.81,57.72,8596,2.54,,,1535,2.38,,,8763,2.62,,
118.55,201.45,,,11.2,56.34,11.81,57.72,8597,2.54,,,1536,2.38,,,8764,2.62,,
118.56,201.43,,,11.21,56.35,11.81,57.73,8598,2.54,,,1536.1,2.38,,,8765,2.62,,
118.57,201.41,,,11.22,56.38,11.81,57.74,8599,2.54,,,1537,2.37,,,8766,2.62,,
118.58,201.39,,,11.22,56.38,11.81,57.74,8600,2.54,,,1538,2.37,,,8767,2.62,,
118.6,201.35,,,11.23,56.4,11.82,57.74,8601,2.54,,,1539,2.36,,,8768,2.62,,
118.61,201.33,,,11.23,56.41,11.82,57.76,8602,2.54,,,1540,2.36,,,8769,2.62,,
118.63,201.29,,,11.23,56.41,11.82,57.76,8604,2.54,,,1541,2.35,,,8770,2.62,,
118.65,201.25,,,11.24,56.42,11.83,57.77,8605,2.53,,,1542,2.35,,,8771,2.62,,
118.66,201.23,,,11.25,56.45,11.83,57.77,8606,2.53,,,1543,2.35,,,8772,2.62,,
118.67,201.21,,,11.26,56.47,11.83,57.78,8607,2.53,,,1544,2.34,,,8773,2.62,,
118.69,201.17,,,11.26,56.47,11.83,57.78,8608,2.53,,,1544.6,2.34,,,8774,2.62,,
118.7,201.15,,,11.26,56.48,11.84,57.78,8609,2.53,,,1545,2.34,,,8775,2.62,,
118.71,201.13,,,11.28,56.51,11.84,57.79,8610,2.53,,,1546,2.33,,,8776,2.62,,
118.72,201.11,,,11.29,56.53,11.84,57.79,8611,2.53,,,1547,2.33,,,8777,2.62,,
118.73,201.09,,,11.29,56.55,11.84,57.8,8612,2.53,,,1548,2.32,,,8778,2.61,,
118.74,201.07,,,11.29,56.55,11.84,57.8,8613,2.53,,,1549,2.32,,,8779,2.61,,
118.75,201.05,,,11.3,56.56,11.84,57.8,8616,2.53,,,1550,2.31,,,8780,2.61,,
118.76,201.03,,,11.3,56.57,11.85,57.82,8617,2.53,,,1551,2.31,,,8781,2.61,,
118.77,201.01,,,11.31,56.59,11.86,57.83,8618,2.53,,,1552,2.3,,,8782,2.61,,
118.78,200.99,,,11.32,56.6,11.86,57.84,8619,2.53,,,1553,2.3,,,8783,2.61,,
118.79,200.97,,,11.32,56.61,11.86,57.84,8620,2.53,,,1554,2.29,,,8784,2.61,,
118.81,200.93,,,11.32,56.62,11.86,57.84,8621,2.52,,,1555,2.29,,,8785,2.61,,
118.82,200.92,,,11.33,56.64,11.86,57.85,8622,2.52,,,1556,2.28,,,8786,2.61,,
118.83,200.9,,,11.34,56.64,11.87,57.85,8623,2.52,,,1557,2.28,,,8787,2.61,,
118.85,200.86,,,11.35,56.67,11.87,57.86,8624,2.52,,,1557.1,2.28,,,8788,2.61,,
118.86,200.84,,,11.35,56.67,11.87,57.87,8625,2.52,,,1558,2.27,,,8789,2.61,,
118.87,200.82,,,11.36,56.7,11.88,57.87,8626,2.52,,,1559,2.27,,,8790,2.61,,
118.88,200.8,,,11.36,56.71,11.88,57.88,8627,2.52,,,1560,2.26,,,8791,2.61,,
118.89,200.78,,,11.37,56.71,11.88,57.88,8628,2.52,,,1560.7,2.26,,,8792,2.61,,
118.9,200.76,,,11.37,56.73,11.88,57.89,8629,2.52,,,1561,2.26,,,8793,2.6,,
118.92,200.72,,,11.38,56.74,11.88,57.89,8630,2.52,,,1562,2.26,,,8794,2.6,,
118.93,200.7,,,11.38,56.75,11.89,57.9,8631,2.52,,,1563,2.25,,,8795,2.6,,
118.94,200.68,,,11.39,56.76,11.89,57.9,8632,2.52,,,1564,2.25,,,8796,2.6,,
118.95,200.66,,,11.39,56.77,11.89,57.91,8634,2.52,,,1565,2.24,,,8797,2.6,,
118.96,200.64,,,11.39,56.78,11.89,57.91,8635,2.52,,,1566,2.24,,,8798,2.6,,
118.97,200.62,,,11.4,56.8,11.89,57.92,8636,2.51,,,1567,2.23,,,8799,2.6,,
118.98,200.6,,,11.42,56.83,11.89,57.92,8637,2.51,,,1567.2,2.23,,,8800,2.6,,
118.99,200.58,,,11.42,56.84,11.89,57.92,8638,2.51,,,1568,2.23,,,8801,2.6,,
119,200.56,,,11.42,56.84,11.9,57.93,8639,2.51,,,1569,2.22,,,8802,2.6,,
119.01,200.54,,,11.43,56.86,11.9,57.94,8640,2.51,,,1569.5,2.22,,,8803,2.6,,
119.02,200.52,,,11.43,56.87,11.9,57.94,8642,2.51,,,1570,2.22,,,8804,2.6,,
119.03,200.5,,,11.44,56.88,11.91,57.95,8643,2.51,,,1571,2.22,,,8805,2.6,,
119.04,200.48,,,11.45,56.9,11.91,57.95,8644,2.51,,,1572,2.21,,,8806,2.6,,
119.06,200.44,,,11.45,56.91,11.91,57.96,8645,2.51,,,1573,2.21,,,8807,2.6,,
119.07,200.42,,,11.46,56.92,11.91,57.96,8646,2.51,,,1573.8,2.2,,,8808,2.6,,
119.08,200.4,,,11.46,56.93,11.92,57.97,8647,2.51,,,1574,2.2,,,8809,2.59,,
119.09,200.39,,,11.47,56.96,11.92,57.97,8649,2.51,,,1575,2.2,,,8810,2.59,,
119.1,200.37,,,11.48,56.97,11.92,57.98,8650,2.51,,,1575.1,2.2,,,8811,2.59,,
119.11,200.35,,,11.48,56.97,11.92,57.98,8651,2.51,,,1576,2.19,,,8812,2.59,,
119.12,200.33,,,11.48,56.98,11.92,57.99,8652,2.5,,,1577,2.19,,,8813,2.59,,
119.13,200.31,,,11.49,57,11.93,57.99,8653,2.5,,,1577.3,2.19,,,8814,2.59,,
119.14,200.29,,,11.49,57.01,11.93,57.99,8654,2.5,,,1578,2.18,,,8815,2.59,,
119.15,200.27,,,11.5,57.02,11.93,58,8655,2.5,,,1579,2.18,,,8816,2.59,,
119.17,200.23,,,11.5,57.03,11.93,58.01,8656,2.5,,,1579.6,2.18,,,8817,2.59,,
119.19,200.19,,,11.51,57.04,11.94,58.02,8657,2.5,,,1579.8,2.18,,,8818,2.59,,
119.2,200.17,,,11.53,57.09,11.94,58.02,8658,2.5,,,1580,2.18,,,8819,2.59,,
119.21,200.15,,,11.55,57.12,11.94,58.03,8659,2.5,,,1581,2.17,,,8820,2.59,,
119.22,200.13,,,11.55,57.13,11.94,58.03,8660,2.5,,,1582,2.17,,,8821,2.59,,
119.23,200.11,,,11.55,57.13,11.95,58.03,8661,2.5,,,1583,2.16,,,8822,2.59,,
119.25,200.07,,,11.55,57.14,11.95,58.04,8662,2.5,,,1583.3,2.16,,,8823,2.59,,
119.26,200.05,,,11.55,57.14,11.95,58.04,8663,2.5,,,1584,2.16,,,8824,2.59,,
119.27,200.03,,,11.57,57.17,11.95,58.05,8665,2.5,,,1585,2.16,,,8825,2.58,,
119.29,199.99,,,11.57,57.18,11.95,58.05,8667,2.5,,,1586,2.15,,,8826,2.58,,
119.3,199.97,,,11.59,57.22,11.95,58.06,8668,2.49,,,1587,2.15,,,8827,2.58,,
119.31,199.96,,,11.59,57.23,11.96,58.06,8669,2.49,,,1588,2.14,,,8828,2.58,,
119.32,199.94,,,11.6,57.24,11.96,58.07,8670,2.49,,,1589,2.14,,,8829,2.58,,
119.33,199.92,,,11.6,57.24,11.96,58.07,8671,2.49,,,1590,2.13,,,8830,2.58,,
119.34,199.9,,,11.61,57.26,11.96,58.07,8672,2.49,,,1591,2.13,,,8831,2.58,,
119.35,199.88,,,11.61,57.26,11.96,58.08,8673,2.49,,,1592,2.13,,,8832,2.58,,
119.36,199.86,,,11.61,57.27,11.96,58.08,8675,2.49,,,1592.4,2.12,,,8833,2.58,,
119.37,199.84,,,11.61,57.28,11.96,58.08,8676,2.49,,,1592.5,2.12,,,8834,2.58,,
119.39,199.8,,,11.62,57.29,11.97,58.09,8677,2.49,,,1593,2.12,,,8835,2.58,,
119.4,199.78,,,11.62,57.3,11.97,58.09,8678,2.49,,,1594,2.12,,,8836,2.58,,
119.42,199.74,,,11.62,57.3,11.98,58.11,8680,2.49,,,1595,2.11,,,8837,2.58,,
119.43,199.72,,,11.62,57.3,11.98,58.11,8681,2.49,,,1596,2.11,,,8838,2.58,,
119.44,199.7,,,11.63,57.3,11.98,58.11,8682,2.49,,,1597,2.11,,,8839,2.58,,
119.46,199.66,,,11.63,57.31,11.98,58.12,8683,2.48,,,1598,2.1,,,8840,2.58,,
119.47,199.64,,,11.63,57.32,11.98,58.12,8685,2.48,,,1599,2.1,,,8841,2.57,,
119.48,199.62,,,11.63,57.32,11.98,58.13,8686,2.48,,,1600,2.09,,,8842,2.57,,
119.49,199.6,,,11.64,57.33,11.99,58.13,8687,2.48,,,1600.1,2.09,,,8843,2.57,,
119.51,199.57,,,11.64,57.34,11.99,58.13,8688,2.48,,,1601,2.09,,,8844,2.57,,
119.53,199.53,,,11.65,57.35,11.99,58.14,8689,2.48,,,1602,2.09,,,8845,2.57,,
119.54,199.51,,,11.65,57.36,11.99,58.14,8690,2.48,,,1603,2.08,,,8846,2.57,,
119.55,199.49,,,11.65,57.36,11.99,58.15,8691,2.48,,,1603.9,2.08,,,8847,2.57,,
119.57,199.45,,,11.65,57.36,12,58.16,8692,2.48,,,1604,2.08,,,8848,2.57,,
119.59,199.41,,,11.65,57.36,12,58.16,8693,2.48,,,1605,2.07,,,8849,2.57,,
119.6,199.39,,,11.65,57.37,12,58.17,8694,2.48,,,1606,2.07,,,8850,2.57,,
119.61,199.37,,,11.66,57.38,12.01,58.17,8695,2.48,,,1607,2.07,,,8851,2.57,,
119.63,199.33,,,11.66,57.39,12.01,58.18,8697,2.48,,,1608,2.06,,,8852,2.57,,
119.64,199.31,,,11.66,57.39,12.01,58.18,8698,2.48,,,1609,2.06,,,8853,2.57,,
119.65,199.29,,,11.66,57.4,12.01,58.19,8699,2.47,,,1609.9,2.06,,,8854,2.57,,
119.66,199.27,,,11.67,57.41,12.01,58.19,8700,2.47,,,1610,2.06,,,8855,2.57,,
119.67,199.25,,,11.67,57.42,12.01,58.19,8702,2.47,,,1611,2.05,,,8856,2.57,,
119.68,199.24,,,11.68,57.42,12.01,58.19,8703,2.47,,,1612,2.05,,,8857,2.56,,
119.69,199.22,,,11.68,57.43,12.02,58.19,8704,2.47,,,1613,2.04,,,8858,2.56,,
119.7,199.2,,,11.69,57.45,12.02,58.2,8705,2.47,,,1614,2.04,,,8859,2.56,,
119.72,199.16,,,11.69,57.46,12.02,58.2,8706,2.47,,,1614.2,2.04,,,8860,2.56,,
119.73,199.14,,,11.7,57.46,12.02,58.2,8707,2.47,,,1615,2.04,,,8861,2.56,,
119.74,199.12,,,11.7,57.47,12.02,58.21,8708,2.47,,,1616,2.03,,,8862,2.56,,
119.76,199.08,,,11.7,57.48,12.02,58.21,8709,2.47,,,1616.7,2.03,,,8863,2.56,,
119.78,199.04,,,11.71,57.49,12.02,58.21,8710,2.47,,,1617,2.03,,,8864,2.56,,
119.79,199.02,,,11.71,57.5,12.03,58.22,8712,2.47,,,1618,2.02,,,8865,2.56,,
119.8,199,,,11.71,57.51,12.03,58.22,8713,2.47,,,1619,2.02,,,8866,2.56,,
119.82,198.96,,,11.71,57.51,12.03,58.23,8714,2.47,,,1620,2.02,,,8867,2.56,,
119.83,198.95,,,11.72,57.52,12.03,58.23,8715,2.46,,,1621,2.01,,,8868,2.56,,
119.84,198.93,,,11.72,57.52,12.03,58.24,8716,2.46,,,1622,2.01,,,8869,2.56,,
119.86,198.89,,,11.72,57.53,12.04,58.24,8717,2.46,,,1622.7,2.01,,,8870,2.56,,
119.87,198.87,,,11.73,57.54,12.04,58.25,8718,2.46,,,1623,2.01,,,8871,2.56,,
119.88,198.85,,,11.73,57.54,12.04,58.25,8719,2.46,,,1624,2,,,8872,2.56,,
119.89,198.83,,,11.73,57.55,12.04,58.26,8720,2.46,,,1625,2,,,8873,2.55,,
119.9,198.81,,,11.74,57.56,12.04,58.26,8721,2.46,,,1625.5,2,,,8874,2.55,,
119.91,198.79,,,11.75,57.58,12.05,58.27,8722,2.46,,,1626,2,,,8875,2.55,,
119.93,198.75,,,11.75,57.59,12.05,58.28,8723,2.46,,,1627,1.99,,,8876,2.55,,
119.95,198.71,,,11.75,57.6,12.05,58.28,8724,2.46,,,1627.6,1.99,,,8877,2.55,,
119.96,198.69,,,11.76,57.61,12.05,58.29,8725,2.46,,,1628,1.99,,,8878,2.55,,
119.97,198.67,,,11.76,57.62,12.06,58.29,8726,2.46,,,1629,1.98,,,8879,2.55,,
119.99,198.64,,,11.76,57.62,12.06,58.29,8727,2.46,,,1630,1.98,,,8880,2.55,,
120,198.62,,,11.77,57.62,12.06,58.3,8728,2.46,,,1630.8,1.98,,,8881,2.55,,
120.01,198.6,,,11.78,57.65,12.06,58.3,8729,2.46,,,1631,1.98,,,8882,2.55,,
120.03,198.56,,,11.78,57.65,12.06,58.31,8730,2.46,,,1632,1.97,,,8883,2.55,,
120.04,198.54,,,11.79,57.67,12.07,58.31,8731,2.46,,,1633,1.97,,,8884,2.55,,
120.06,198.5,,,11.79,57.68,12.07,58.32,8732,2.45,,,1634,1.97,,,8885,2.55,,
120.08,198.46,,,11.79,57.69,12.07,58.33,8733,2.45,,,1635,1.96,,,8886,2.55,,
120.09,198.44,,,11.79,57.69,12.07,58.33,8734,2.45,,,1636,1.96,,,8887,2.55,,
120.11,198.41,,,11.8,57.7,12.08,58.34,8735,2.45,,,1637,1.96,,,8888,2.55,,
120.12,198.39,,,11.81,57.72,12.08,58.34,8736,2.45,,,1638,1.95,,,8889,2.54,,
120.13,198.37,,,11.81,57.72,12.09,58.36,8737,2.45,,,1639,1.95,,,8890,2.54,,
120.15,198.33,,,11.81,57.72,12.09,58.36,8738,2.45,,,1640,1.95,,,8891,2.54,,
120.16,198.31,,,11.81,57.73,12.09,58.37,8739,2.45,,,1641,1.94,,,8892,2.54,,
120.17,198.29,,,11.82,57.74,12.09,58.37,8740,2.45,,,1642,1.94,,,8893,2.54,,
120.19,198.25,,,11.82,57.74,12.1,58.39,8741,2.45,,,1643,1.94,,,8894,2.54,,
120.2,198.23,,,11.82,57.76,12.1,58.39,8742,2.45,,,1644,1.93,,,8895,2.54,,
120.21,198.21,,,11.83,57.77,12.1,58.39,8743,2.45,,,1645,1.93,,,8896,2.54,,
120.23,198.17,,,11.83,57.77,12.11,58.4,8744,2.45,,,1645.6,1.93,,,8897,2.54,,
120.24,198.16,,,11.84,57.79,12.11,58.41,8746,2.45,,,1646,1.93,,,8898,2.54,,
120.25,198.14,,,11.84,57.8,12.11,58.41,8747,2.45,,,1647,1.92,,,8899,2.54,,
120.26,198.12,,,11.84,57.8,12.11,58.42,8748,2.44,,,1648,1.92,,,8900,2.54,,
120.27,198.1,,,11.85,57.81,12.11,58.42,8749,2.44,,,1649,1.92,,,8901,2.54,,
120.28,198.08,,,11.85,57.81,12.12,58.42,8750,2.44,,,1650,1.91,,,8902,2.54,,
120.29,198.06,,,11.85,57.82,12.12,58.43,8751,2.44,,,1650.7,1.91,,,8903,2.54,,
120.3,198.04,,,11.85,57.83,12.12,58.44,8752,2.44,,,1651,1.91,,,8904,2.54,,
120.32,198,,,11.86,57.85,12.13,58.45,8753,2.44,,,1651.7,1.91,,,8905,2.54,,
120.33,197.98,,,11.87,57.85,12.13,58.45,8754,2.44,,,1651.9,1.91,,,8906,2.53,,
120.34,197.96,,,11.87,57.87,12.13,58.45,8755,2.44,,,1652,1.9,,,8907,2.53,,
120.35,197.94,,,11.88,57.89,12.13,58.46,8756,2.44,,,1653,1.9,,,8908,2.53,,
120.36,197.93,,,11.88,57.89,12.13,58.46,8757,2.44,,,1654,1.9,,,8909,2.53,,
120.39,197.87,,,11.88,57.9,12.14,58.47,8758,2.44,,,1655,1.9,,,8910,2.53,,
120.4,197.85,,,11.89,57.91,12.14,58.47,8760,2.44,,,1656,1.89,,,8911,2.53,,
120.41,197.83,,,11.89,57.91,12.14,58.49,8761,2.44,,,1657,1.89,,,8912,2.53,,
120.43,197.79,,,11.89,57.92,12.14,58.49,8762,2.44,,,1658,1.89,,,8913,2.53,,
120.44,197.77,,,11.89,57.92,12.15,58.5,8763,2.44,,,1659,1.88,,,8914,2.53,,
120.45,197.75,,,11.9,57.92,12.15,58.51,8764,2.44,,,1660,1.88,,,8915,2.53,,
120.46,197.73,,,11.9,57.94,12.16,58.53,8765,2.43,,,1660.9,1.88,,,8916,2.53,,
120.47,197.72,,,11.91,57.95,12.16,58.53,8766,2.43,,,1661,1.88,,,8917,2.53,,
120.48,197.7,,,11.91,57.95,12.16,58.53,8767,2.43,,,1661.2,1.87,,,8918,2.53,,
120.49,197.68,,,11.91,57.96,12.16,58.54,8768,2.43,,,1662,1.87,,,8919,2.53,,
120.5,197.66,,,11.91,57.96,12.17,58.54,8769,2.43,,,1663,1.87,,,8920,2.53,,
120.51,197.64,,,11.91,57.96,12.17,58.54,8770,2.43,,,1664,1.87,,,8921,2.53,,
120.52,197.62,,,11.92,57.97,12.17,58.55,8771,2.43,,,1665,1.86,,,8922,2.52,,
120.53,197.6,,,11.92,57.97,12.17,58.55,8772,2.43,,,1665.3,1.86,,,8923,2.52,,
120.54,197.58,,,11.92,57.98,12.17,58.55,8773,2.43,,,1666,1.86,,,8924,2.52,,
120.56,197.54,,,11.92,57.98,12.18,58.56,8774,2.43,,,1667,1.86,,,8925,2.52,,
120.58,197.5,,,11.92,57.98,12.18,58.57,8775,2.43,,,1668,1.85,,,8926,2.52,,
120.6,197.47,,,11.93,58,12.18,58.58,8776,2.43,,,1669,1.85,,,8927,2.52,,
120.61,197.45,,,11.94,58.02,12.19,58.59,8777,2.43,,,1670,1.85,,,8928,2.52,,
120.62,197.43,,,11.94,58.02,12.19,58.59,8778,2.43,,,1671,1.84,,,8929,2.52,,
120.63,197.41,,,11.95,58.04,12.19,58.59,8779,2.43,,,1671.3,1.84,,,8930,2.52,,
120.64,197.39,,,11.95,58.05,12.19,58.6,8780,2.43,,,1671.9,1.84,,,8931,2.52,,
120.65,197.37,,,11.96,58.07,12.19,58.6,8781,2.42,,,1672,1.84,,,8932,2.52,,
120.67,197.33,,,11.98,58.11,12.19,58.6,8782,2.42,,,1672.2,1.84,,,8933,2.52,,
120.69,197.3,,,11.98,58.12,12.2,58.6,8783,2.42,,,1673,1.84,,,8934,2.52,,
120.7,197.28,,,11.99,58.14,12.2,58.61,8785,2.42,,,1674,1.83,,,8935,2.52,,
120.72,197.24,,,11.99,58.15,12.2,58.62,8786,2.42,,,1675,1.83,,,8936,2.52,,
120.74,197.2,,,12.01,58.19,12.2,58.63,8788,2.42,,,1676,1.83,,,8937,2.52,,
120.76,197.16,,,12.03,58.22,12.21,58.63,8789,2.42,,,1677,1.82,,,8938,2.52,,
120.78,197.12,,,12.04,58.25,12.21,58.63,8790,2.42,,,1678,1.82,,,8939,2.51,,
120.8,197.09,,,12.05,58.27,12.21,58.64,8791,2.42,,,1678.7,1.82,,,8940,2.51,,
120.81,197.07,,,12.05,58.27,12.21,58.64,8792,2.42,,,1679,1.82,,,8941,2.51,,
120.82,197.05,,,12.07,58.32,12.21,58.65,8793,2.42,,,1680,1.82,,,8942,2.51,,
120.83,197.03,,,12.07,58.33,12.22,58.65,8794,2.42,,,1681,1.81,,,8943,2.51,,
120.84,197.01,,,12.1,58.39,12.22,58.66,8796,2.42,,,1682,1.81,,,8944,2.51,,
120.85,196.99,,,12.1,58.39,12.22,58.67,8797,2.42,,,1682.4,1.81,,,8945,2.51,,
120.86,196.97,,,12.1,58.4,12.22,58.67,8798,2.41,,,1683,1.81,,,8946,2.51,,
120.87,196.95,,,12.11,58.41,12.22,58.67,8800,2.41,,,1684,1.8,,,8947,2.51,,
120.88,196.93,,,12.12,58.44,12.23,58.68,8801,2.41,,,1685,1.8,,,8948,2.51,,
120.89,196.92,,,12.15,58.5,12.23,58.68,8802,2.41,,,1686,1.8,,,8949,2.51,,
120.9,196.9,,,12.15,58.51,12.23,58.68,8803,2.41,,,1687,1.79,,,8950,2.51,,
120.92,196.86,,,12.16,58.53,12.23,58.68,8804,2.41,,,1688,1.79,,,8951,2.51,,
120.94,196.82,,,12.17,58.54,12.23,58.69,8805,2.41,,,1688.2,1.79,,,8952,2.51,,
120.95,196.8,,,12.17,58.55,12.23,58.7,8806,2.41,,,1688.3,1.79,,,8953,2.51,,
120.96,196.78,,,12.18,58.57,12.24,58.7,8807,2.41,,,1689,1.79,,,8954,2.51,,
120.98,196.74,,,12.19,58.59,12.24,58.71,8808,2.41,,,1690,1.79,,,8955,2.51,,
121,196.71,,,12.2,58.61,12.24,58.72,8809,2.41,,,1691,1.78,,,8956,2.5,,
121.01,196.69,,,12.2,58.61,12.24,58.72,8810,2.41,,,1692,1.78,,,8957,2.5,,
121.03,196.65,,,12.21,58.63,12.25,58.73,8811,2.41,,,1693,1.78,,,8958,2.5,,
121.05,196.61,,,12.22,58.67,12.25,58.73,8812,2.41,,,1694,1.77,,,8959,2.5,,
121.06,196.59,,,12.22,58.67,12.25,58.73,8813,2.41,,,1695,1.77,,,8960,2.5,,
121.07,196.57,,,12.23,58.68,12.25,58.74,8814,2.41,,,1696,1.77,,,8961,2.5,,
121.08,196.56,,,12.23,58.69,12.26,58.74,8815,2.4,,,1696.3,1.77,,,8962,2.5,,
121.09,196.54,,,12.24,58.71,12.26,58.74,8816,2.4,,,1697,1.77,,,8963,2.5,,
121.1,196.52,,,12.25,58.72,12.26,58.75,8817,2.4,,,1698,1.76,,,8964,2.5,,
121.12,196.48,,,12.26,58.75,12.26,58.75,8818,2.4,,,1699,1.76,,,8965,2.5,,
121.13,196.46,,,12.26,58.76,12.26,58.75,8819,2.4,,,1700,1.76,,,8966,2.5,,
121.14,196.44,,,12.27,58.78,12.26,58.76,8820,2.4,,,1701,1.75,,,8967,2.5,,
121.16,196.4,,,12.28,58.79,12.26,58.76,8821,2.4,,,1702,1.75,,,8968,2.5,,
121.18,196.37,,,12.29,58.81,12.27,58.76,8822,2.4,,,1703,1.75,,,8969,2.5,,
121.19,196.35,,,12.29,58.82,12.27,58.77,8823,2.4,,,1704,1.75,,,8970,2.5,,
121.2,196.33,,,12.29,58.83,12.27,58.77,8824,2.4,,,1704.3,1.74,,,8971,2.5,,
121.21,196.31,,,12.29,58.83,12.27,58.78,8825,2.4,,,1705,1.74,,,8972,2.5,,
121.22,196.29,,,12.3,58.84,12.28,58.79,8826,2.4,,,1706,1.74,,,8973,2.49,,
121.25,196.23,,,12.3,58.85,12.28,58.79,8827,2.4,,,1707,1.74,,,8974,2.49,,
121.26,196.22,,,12.32,58.9,12.28,58.79,8828,2.4,,,1708,1.73,,,8975,2.49,,
121.27,196.2,,,12.33,58.91,12.28,58.79,8829,2.4,,,1709,1.73,,,8976,2.49,,
121.28,196.18,,,12.35,58.96,12.28,58.8,8830,2.4,,,1709.8,1.73,,,8977,2.49,,
121.29,196.16,,,12.35,58.96,12.28,58.8,8831,2.4,,,1710,1.73,,,8978,2.49,,
121.3,196.14,,,12.36,58.98,12.28,58.8,8832,2.39,,,1710.1,1.73,,,8979,2.49,,
121.31,196.12,,,12.38,59.02,12.28,58.8,8833,2.39,,,1711,1.73,,,8980,2.49,,
121.32,196.1,,,12.39,59.04,12.28,58.81,8834,2.39,,,1712,1.72,,,8981,2.49,,
121.34,196.06,,,12.4,59.08,12.29,58.81,8835,2.39,,,1713,1.72,,,8982,2.49,,
121.35,196.05,,,12.41,59.09,12.3,58.84,8836,2.39,,,1714,1.72,,,8983,2.49,,
121.36,196.03,,,12.42,59.11,12.3,58.84,8837,2.39,,,1714.2,1.72,,,8984,2.49,,
121.38,195.99,,,12.43,59.14,12.3,58.85,8838,2.39,,,1714.9,1.71,,,8985,2.49,,
121.39,195.97,,,12.43,59.15,12.3,58.86,8839,2.39,,,1715,1.71,,,8986,2.49,,
121.4,195.95,,,12.45,59.19,12.31,58.86,8840,2.39,,,1716,1.71,,,8987,2.49,,
121.42,195.91,,,12.46,59.2,12.31,58.86,8841,2.39,,,1717,1.71,,,8988,2.49,,
121.43,195.9,,,12.48,59.26,12.31,58.87,8842,2.39,,,1718,1.71,,,8989,2.49,,
121.45,195.86,,,12.5,59.29,12.31,58.87,8843,2.39,,,1719,1.7,,,8990,2.48,,
121.47,195.82,,,12.5,59.3,12.31,58.87,8844,2.39,,,1720,1.7,,,8991,2.48,,
121.49,195.78,,,12.5,59.3,12.31,58.88,8845,2.39,,,1721,1.7,,,8992,2.48,,
121.5,195.76,,,12.51,59.33,12.32,58.88,8846,2.39,,,1721.5,1.7,,,8993,2.48,,
121.51,195.75,,,12.54,59.4,12.32,58.89,8847,2.39,,,1722,1.7,,,8994,2.48,,
121.52,195.73,,,12.55,59.41,12.32,58.89,8848,2.39,,,1723,1.69,,,8995,2.48,,
121.54,195.69,,,12.56,59.44,12.32,58.9,8849,2.38,,,1724,1.69,,,8996,2.48,,
121.56,195.65,,,12.56,59.45,12.32,58.9,8850,2.38,,,1725,1.69,,,8997,2.48,,
121.58,195.61,,,12.58,59.49,12.33,58.9,8851,2.38,,,1726,1.68,,,8998,2.48,,
121.59,195.59,,,12.58,59.49,12.33,58.92,8852,2.38,,,1727,1.68,,,8999,2.48,,
121.6,195.58,,,12.59,59.5,12.34,58.92,8853,2.38,,,1728,1.68,,,9000,2.48,,
121.61,195.56,,,12.61,59.56,12.34,58.94,8854,2.38,,,1728.6,1.68,,,9001,2.48,,
121.63,195.52,,,12.62,59.57,12.34,58.95,8855,2.38,,,1728.8,1.68,,,9002,2.48,,
121.64,195.5,,,12.62,59.57,12.35,58.95,8856,2.38,,,1729,1.68,,,9003,2.48,,
121.65,195.48,,,12.62,59.58,12.35,58.95,8857,2.38,,,1730,1.67,,,9004,2.48,,
121.66,195.46,,,12.63,59.6,12.35,58.96,8858,2.38,,,1731,1.67,,,9005,2.48,,
121.68,195.43,,,12.65,59.64,12.35,58.96,8859,2.38,,,1732,1.67,,,9006,2.48,,
121.7,195.39,,,12.65,59.65,12.36,58.97,8860,2.38,,,1733,1.67,,,9007,2.47,,
121.72,195.35,,,12.67,59.69,12.36,58.97,8861,2.38,,,1733.6,1.66,,,9008,2.47,,
121.73,195.33,,,12.68,59.71,12.36,58.98,8862,2.38,,,1734,1.66,,,9009,2.47,,
121.74,195.31,,,12.68,59.71,12.37,59,8863,2.38,,,1735,1.66,,,9010,2.47,,
121.76,195.28,,,12.68,59.72,12.37,59.01,8864,2.38,,,1736,1.66,,,9011,2.47,,
121.77,195.26,,,12.69,59.74,12.37,59.01,8865,2.38,,,1737,1.66,,,9012,2.47,,
121.78,195.24,,,12.71,59.78,12.38,59.02,8866,2.38,,,1738,1.65,,,9013,2.47,,
121.79,195.22,,,12.72,59.8,12.38,59.02,8867,2.37,,,1739,1.65,,,9014,2.47,,
121.81,195.18,,,12.73,59.83,12.38,59.03,8868,2.37,,,1740,1.65,,,9015,2.47,,
121.83,195.15,,,12.73,59.83,12.38,59.03,8869,2.37,,,1740.7,1.65,,,9016,2.47,,
121.84,195.13,,,12.74,59.85,12.38,59.04,8870,2.37,,,1741,1.65,,,9017,2.47,,
121.85,195.11,,,12.76,59.89,12.39,59.04,8871,2.37,,,1742,1.64,,,9018,2.47,,
121.88,195.05,,,12.76,59.9,12.39,59.05,8872,2.37,,,1743,1.64,,,9019,2.47,,
121.89,195.03,,,12.77,59.91,12.4,59.07,8873,2.37,,,1744,1.64,,,9020,2.47,,
121.9,195.02,,,12.77,59.92,12.4,59.08,8874,2.37,,,1745,1.64,,,9021,2.47,,
121.91,195,,,12.78,59.95,12.4,59.08,8875,2.37,,,1745.4,1.63,,,9022,2.47,,
121.92,194.98,,,12.79,59.97,12.41,59.1,8876,2.37,,,1746,1.63,,,9023,2.47,,
121.94,194.94,,,12.8,59.99,12.42,59.11,8877,2.37,,,1747,1.63,,,9024,2.46,,
121.96,194.9,,,12.81,60,12.42,59.12,8878,2.37,,,1748,1.63,,,9025,2.46,,
121.97,194.88,,,12.82,60.03,12.42,59.12,8879,2.37,,,1749,1.63,,,9026,2.46,,
121.98,194.87,,,12.84,60.07,12.42,59.13,8880,2.37,,,1750,1.62,,,9027,2.46,,
121.99,194.85,,,12.84,60.08,12.43,59.13,8881,2.37,,,1750.7,1.62,,,9028,2.46,,
122.01,194.81,,,12.85,60.09,12.44,59.16,8882,2.37,,,1751,1.62,,,9029,2.46,,
122.02,194.79,,,12.85,60.1,12.44,59.16,8883,2.37,,,1752,1.62,,,9030,2.46,,
122.03,194.77,,,12.86,60.13,12.44,59.17,8884,2.36,,,1753,1.62,,,9031,2.46,,
122.04,194.75,,,12.87,60.15,12.44,59.17,8885,2.36,,,1753.7,1.61,,,9032,2.46,,
122.05,194.74,,,12.88,60.17,12.45,59.18,8886,2.36,,,1754,1.61,,,9033,2.46,,
122.06,194.72,,,12.88,60.17,12.46,59.2,8887,2.36,,,1755,1.61,,,9034,2.46,,
122.08,194.68,,,12.89,60.2,12.46,59.2,8888,2.36,,,1756,1.61,,,9035,2.46,,
122.1,194.64,,,12.9,60.21,12.46,59.2,8889,2.36,,,1757,1.61,,,9036,2.46,,
122.12,194.61,,,12.9,60.22,12.46,59.21,8890,2.36,,,1758,1.6,,,9037,2.46,,
122.13,194.59,,,12.91,60.24,12.46,59.21,8891,2.36,,,1758.8,1.6,,,9038,2.46,,
122.14,194.57,,,12.92,60.27,12.46,59.22,8892,2.36,,,1759,1.6,,,9039,2.46,,
122.15,194.55,,,12.93,60.27,12.46,59.22,8893,2.36,,,1759.6,1.6,,,9040,2.46,,
122.17,194.51,,,12.93,60.28,12.47,59.23,8894,2.36,,,1760,1.6,,,9041,2.46,,
122.19,194.48,,,12.94,60.31,12.48,59.26,8895,2.36,,,1761,1.6,,,9042,2.45,,
122.2,194.46,,,12.94,60.32,12.48,59.27,8896,2.36,,,1762,1.59,,,9043,2.45,,
122.22,194.42,,,12.95,60.33,12.49,59.27,8897,2.36,,,1763,1.59,,,9044,2.45,,
122.24,194.38,,,12.96,60.34,12.49,59.28,8898,2.36,,,1764,1.59,,,9046,2.45,,
122.26,194.35,,,12.96,60.35,12.49,59.29,8900,2.36,,,1765,1.59,,,9047,2.45,,
122.27,194.33,,,12.96,60.36,12.5,59.29,8901,2.36,,,1766,1.58,,,9048,2.45,,
122.28,194.31,,,12.99,60.42,12.5,59.3,8902,2.35,,,1767,1.58,,,9049,2.45,,
122.31,194.25,,,12.99,60.42,12.5,59.3,8903,2.35,,,1768,1.58,,,9050,2.45,,
122.33,194.22,,,12.99,60.43,12.5,59.31,8904,2.35,,,1769,1.58,,,9051,2.45,,
122.34,194.2,,,13,60.45,12.51,59.31,8905,2.35,,,1769.9,1.58,,,9052,2.45,,
122.35,194.18,,,13.01,60.46,12.51,59.33,8906,2.35,,,1770,1.57,,,9053,2.45,,
122.36,194.16,,,13.01,60.48,12.52,59.34,8907,2.35,,,1770.6,1.57,,,9054,2.45,,
122.38,194.12,,,13.02,60.5,12.52,59.34,8908,2.35,,,1771,1.57,,,9055,2.45,,
122.4,194.09,,,13.04,60.53,12.52,59.35,8909,2.35,,,1772,1.57,,,9056,2.45,,
122.41,194.07,,,13.04,60.55,12.53,59.36,8910,2.35,,,1773,1.57,,,9057,2.45,,
122.42,194.05,,,13.05,60.56,12.53,59.36,8911,2.35,,,1774,1.57,,,9058,2.45,,
122.45,193.99,,,13.05,60.57,12.53,59.37,8912,2.35,,,1775,1.56,,,9059,2.45,,
122.47,193.96,,,13.07,60.6,12.53,59.38,8913,2.35,,,1776,1.56,,,9060,2.44,,
122.48,193.94,,,13.07,60.61,12.54,59.38,8914,2.35,,,1777,1.56,,,9061,2.44,,
122.49,193.92,,,13.08,60.62,12.54,59.38,8915,2.35,,,1778,1.56,,,9062,2.44,,
122.5,193.9,,,13.08,60.63,12.54,59.4,8916,2.35,,,1779,1.55,,,9063,2.44,,
122.51,193.88,,,13.08,60.64,12.55,59.42,8917,2.35,,,1780,1.55,,,9064,2.44,,
122.53,193.85,,,13.11,60.69,12.56,59.44,8918,2.35,,,1780.5,1.55,,,9065,2.44,,
122.54,193.83,,,13.11,60.69,12.56,59.44,8919,2.35,,,1781,1.55,,,9066,2.44,,
122.55,193.81,,,13.13,60.73,12.56,59.45,8920,2.34,,,1782,1.55,,,9067,2.44,,
122.56,193.79,,,13.13,60.75,12.57,59.45,8921,2.34,,,1783,1.54,,,9068,2.44,,
122.58,193.75,,,13.13,60.75,12.57,59.46,8922,2.34,,,1784,1.54,,,9069,2.44,,
122.59,193.74,,,13.14,60.77,12.57,59.46,8923,2.34,,,1785,1.54,,,9070,2.44,,
122.6,193.72,,,13.15,60.78,12.57,59.46,8924,2.34,,,1785.6,1.54,,,9071,2.44,,
122.61,193.7,,,13.15,60.79,12.58,59.48,8926,2.34,,,1786,1.54,,,9072,2.44,,
122.62,193.68,,,13.16,60.81,12.58,59.49,8927,2.34,,,1787,1.54,,,9073,2.44,,
122.63,193.66,,,13.17,60.82,12.58,59.49,8928,2.34,,,1788,1.53,,,9074,2.44,,
122.65,193.63,,,13.18,60.85,12.58,59.49,8929,2.34,,,1789,1.53,,,9075,2.44,,
122.66,193.61,,,13.18,60.86,12.59,59.5,8931,2.34,,,1790,1.53,,,9076,2.44,,
122.67,193.59,,,13.19,60.87,12.59,59.51,8932,2.34,,,1791,1.53,,,9077,2.44,,
122.68,193.57,,,13.2,60.89,12.6,59.52,8933,2.34,,,1792,1.52,,,9078,2.43,,
122.69,193.55,,,13.2,60.9,12.6,59.53,8934,2.34,,,1793,1.52,,,9079,2.43,,
122.7,193.53,,,13.22,60.94,12.61,59.54,8935,2.34,,,1794,1.52,,,9080,2.43,,
122.72,193.5,,,13.22,60.95,12.61,59.55,8936,2.34,,,1795,1.52,,,9081,2.43,,
122.74,193.46,,,13.22,60.96,12.61,59.55,8937,2.34,,,1796,1.52,,,9082,2.43,,
122.75,193.44,,,13.23,60.97,12.61,59.56,8938,2.33,,,1797,1.51,,,9083,2.43,,
122.77,193.41,,,13.24,61,12.61,59.56,8939,2.33,,,1798,1.51,,,9084,2.43,,
122.78,193.39,,,13.25,61.01,12.62,59.56,8940,2.33,,,1798.9,1.51,,,9085,2.43,,
122.79,193.37,,,13.26,61.03,12.62,59.57,8941,2.33,,,1799,1.51,,,9086,2.43,,
122.8,193.35,,,13.28,61.08,12.62,59.58,8943,2.33,,,1800,1.51,,,9087,2.43,,
122.82,193.31,,,13.28,61.08,12.62,59.58,8944,2.33,,,1801,1.51,,,9088,2.43,,
122.84,193.28,,,13.29,61.1,12.63,59.59,8946,2.33,,,1802,1.5,,,9089,2.43,,
122.86,193.24,,,13.3,61.13,12.63,59.6,8947,2.33,,,1803,1.5,,,9090,2.43,,
122.87,193.22,,,13.3,61.14,12.63,59.6,8948,2.33,,,1804,1.5,,,9091,2.43,,
122.88,193.2,,,13.31,61.16,12.63,59.61,8949,2.33,,,1805,1.5,,,9092,2.43,,
122.91,193.15,,,13.32,61.18,12.64,59.61,8951,2.33,,,1806,1.49,,,9093,2.43,,
122.92,193.13,,,13.33,61.2,12.64,59.62,8952,2.33,,,1807,1.49,,,9094,2.43,,
122.93,193.11,,,13.34,61.21,12.65,59.64,8953,2.33,,,1808,1.49,,,9095,2.43,,
122.94,193.09,,,13.34,61.23,12.65,59.64,8954,2.33,,,1810,1.49,,,9096,2.42,,
122.95,193.08,,,13.34,61.23,12.65,59.65,8955,2.33,,,1811,1.48,,,9097,2.42,,
122.97,193.04,,,13.35,61.24,12.65,59.65,8956,2.32,,,1812,1.48,,,9098,2.42,,
122.98,193.02,,,13.38,61.31,12.66,59.66,8957,2.32,,,1813,1.48,,,9099,2.42,,
122.99,193,,,13.38,61.31,12.67,59.68,8958,2.32,,,1814,1.48,,,9100,2.42,,
123,192.98,,,13.38,61.32,12.67,59.7,8959,2.32,,,1815,1.48,,,9101,2.42,,
123.02,192.95,,,13.39,61.34,12.68,59.71,8960,2.32,,,1816,1.47,,,9102,2.42,,
123.03,192.93,,,13.39,61.34,12.68,59.72,8961,2.32,,,1817,1.47,,,9103,2.42,,
123.04,192.91,,,13.4,61.36,12.68,59.72,8963,2.32,,,1818,1.47,,,9104,2.42,,
123.05,192.89,,,13.4,61.37,12.69,59.72,8964,2.32,,,1819,1.47,,,9105,2.42,,
123.06,192.87,,,13.41,61.39,12.69,59.74,8965,2.32,,,1820,1.47,,,9106,2.42,,
123.07,192.86,,,13.43,61.42,12.69,59.74,8966,2.32,,,1822,1.46,,,9107,2.42,,
123.1,192.8,,,13.44,61.44,12.7,59.75,8967,2.32,,,1823,1.46,,,9108,2.42,,
123.11,192.78,,,13.44,61.45,12.7,59.76,8969,2.32,,,1824,1.46,,,9109,2.42,,
123.12,192.76,,,13.44,61.46,12.71,59.79,8970,2.32,,,1825,1.45,,,9110,2.42,,
123.13,192.75,,,13.45,61.47,12.72,59.79,8972,2.32,,,1826,1.45,,,9111,2.42,,
123.14,192.73,,,13.45,61.47,12.72,59.8,8973,2.32,,,1827,1.45,,,9112,2.42,,
123.17,192.67,,,13.45,61.47,12.72,59.8,8974,2.31,,,1828,1.45,,,9113,2.42,,
123.19,192.64,,,13.45,61.48,12.72,59.8,8976,2.31,,,1829,1.45,,,9114,2.41,,
123.2,192.62,,,13.45,61.48,12.72,59.81,8977,2.31,,,1830,1.44,,,9115,2.41,,
123.21,192.6,,,13.46,61.48,12.72,59.81,8978,2.31,,,1831,1.44,,,9116,2.41,,
123.23,192.56,,,13.47,61.51,12.72,59.81,8979,2.31,,,1832,1.44,,,9117,2.41,,
123.24,192.55,,,13.49,61.57,12.73,59.84,8980,2.31,,,1833,1.44,,,9118,2.41,,
123.25,192.53,,,13.5,61.59,12.74,59.84,8982,2.31,,,1834,1.44,,,9119,2.41,,
123.26,192.51,,,13.5,61.59,12.74,59.85,8983,2.31,,,1836,1.43,,,9120,2.41,,
123.28,192.47,,,13.51,61.6,12.75,59.88,8985,2.31,,,1837,1.43,,,9121,2.41,,
123.29,192.45,,,13.51,61.61,12.76,59.88,8986,2.31,,,1838,1.43,,,9122,2.41,,
123.3,192.44,,,13.52,61.62,12.76,59.89,8987,2.31,,,1839,1.43,,,9123,2.41,,
123.31,192.42,,,13.53,61.66,12.76,59.89,8988,2.31,,,1840,1.43,,,9124,2.41,,
123.33,192.38,,,13.56,61.72,12.76,59.9,8989,2.31,,,1841,1.42,,,9125,2.41,,
123.34,192.36,,,13.56,61.73,12.77,59.91,8990,2.31,,,1842,1.42,,,9126,2.41,,
123.35,192.35,,,13.56,61.73,12.77,59.92,8991,2.31,,,1843,1.42,,,9127,2.41,,
123.38,192.29,,,13.57,61.75,12.78,59.93,8992,2.31,,,1844,1.42,,,9128,2.41,,
123.4,192.25,,,13.57,61.75,12.78,59.93,8993,2.3,,,1845,1.42,,,9129,2.41,,
123.42,192.22,,,13.59,61.8,12.78,59.93,8995,2.3,,,1846,1.41,,,9130,2.41,,
123.45,192.16,,,13.6,61.82,12.78,59.95,8996,2.3,,,1847,1.41,,,9131,2.41,,
123.46,192.15,,,13.61,61.84,12.79,59.95,8997,2.3,,,1848,1.41,,,9132,2.4,,
123.47,192.13,,,13.61,61.85,12.79,59.97,8998,2.3,,,1849,1.41,,,9133,2.4,,
123.48,192.11,,,13.61,61.85,12.79,59.97,8999,2.3,,,1850,1.41,,,9134,2.4,,
123.49,192.09,,,13.62,61.85,12.79,59.98,9000,2.3,,,1851,1.4,,,9135,2.4,,
123.5,192.07,,,13.62,61.86,12.8,59.98,9002,2.3,,,1852,1.4,,,9136,2.4,,
123.52,192.04,,,13.62,61.87,12.8,59.98,9003,2.3,,,1853,1.4,,,9138,2.4,,
123.53,192.02,,,13.63,61.89,12.8,59.99,9004,2.3,,,1854,1.4,,,9139,2.4,,
123.54,192,,,13.64,61.9,12.81,60,9005,2.3,,,1855,1.4,,,9140,2.4,,
123.55,191.98,,,13.64,61.92,12.81,60.01,9007,2.3,,,1856,1.39,,,9141,2.4,,
123.57,191.95,,,13.65,61.93,12.81,60.02,9008,2.3,,,1857,1.39,,,9142,2.4,,
123.58,191.93,,,13.65,61.94,12.82,60.03,9009,2.3,,,1858,1.39,,,9143,2.4,,
123.59,191.91,,,13.66,61.95,12.82,60.04,9010,2.3,,,1860,1.39,,,9144,2.4,,
123.6,191.89,,,13.66,61.96,12.84,60.08,9011,2.29,,,1861,1.39,,,9145,2.4,,
123.61,191.87,,,13.67,61.97,12.84,60.08,9012,2.29,,,1862,1.38,,,9146,2.4,,
123.62,191.86,,,13.68,61.99,12.84,60.08,9013,2.29,,,1863,1.38,,,9147,2.4,,
123.64,191.82,,,13.68,61.99,12.85,60.09,9014,2.29,,,1864,1.38,,,9148,2.4,,
123.65,191.8,,,13.68,62,12.85,60.1,9015,2.29,,,1865,1.38,,,9149,2.4,,
123.66,191.78,,,13.69,62.02,12.85,60.1,9018,2.29,,,1866,1.38,,,9150,2.39,,
123.67,191.76,,,13.69,62.02,12.85,60.11,9019,2.29,,,1867,1.37,,,9151,2.39,,
123.68,191.75,,,13.69,62.02,12.86,60.11,9020,2.29,,,1868,1.37,,,9152,2.39,,
123.69,191.73,,,13.7,62.04,12.86,60.12,9021,2.29,,,1870,1.37,,,9153,2.39,,
123.7,191.71,,,13.7,62.04,12.87,60.15,9023,2.29,,,1871,1.37,,,9154,2.39,,
123.71,191.69,,,13.7,62.05,12.88,60.16,9024,2.29,,,1872,1.37,,,9155,2.39,,
123.72,191.67,,,13.71,62.07,12.88,60.16,9026,2.29,,,1873,1.36,,,9156,2.39,,
123.73,191.66,,,13.72,62.09,12.88,60.16,9027,2.29,,,1874,1.36,,,9157,2.39,,
123.75,191.62,,,13.72,62.09,12.88,60.16,9028,2.29,,,1875,1.36,,,9158,2.39,,
123.76,191.6,,,13.72,62.1,12.9,60.21,9029,2.29,,,1876,1.36,,,9159,2.39,,
123.77,191.58,,,13.73,62.1,12.9,60.21,9030,2.28,,,1877,1.36,,,9160,2.39,,
123.78,191.57,,,13.74,62.14,12.9,60.21,9031,2.28,,,1878,1.35,,,9161,2.39,,
123.79,191.55,,,13.74,62.15,12.9,60.22,9032,2.28,,,1879,1.35,,,9162,2.39,,
123.8,191.53,,,13.75,62.15,12.9,60.22,9034,2.28,,,1880,1.35,,,9163,2.39,,
123.82,191.49,,,13.77,62.21,12.9,60.22,9035,2.28,,,1881,1.35,,,9164,2.39,,
123.83,191.48,,,13.78,62.22,12.9,60.23,9036,2.28,,,1882,1.35,,,9165,2.39,,
123.85,191.44,,,13.78,62.22,12.91,60.25,9037,2.28,,,1883,1.35,,,9166,2.39,,
123.87,191.4,,,13.78,62.22,12.91,60.25,9038,2.28,,,1884,1.34,,,9167,2.39,,
123.89,191.37,,,13.8,62.27,12.92,60.25,9039,2.28,,,1885,1.34,,,9168,2.39,,
123.9,191.35,,,13.81,62.3,12.92,60.26,9040,2.28,,,1886,1.34,,,9169,2.38,,
123.91,191.33,,,13.81,62.3,12.92,60.27,9041,2.28,,,1887,1.34,,,9170,2.38,,
123.92,191.31,,,13.82,62.32,12.93,60.27,9042,2.28,,,1888,1.34,,,9171,2.38,,
123.94,191.28,,,13.83,62.34,12.94,60.3,9045,2.28,,,1889,1.34,,,9172,2.38,,
123.95,191.26,,,13.84,62.35,12.94,60.31,9047,2.28,,,1890,1.33,,,9173,2.38,,
123.97,191.22,,,13.84,62.36,12.94,60.31,9048,2.28,,,1891,1.33,,,9174,2.38,,
123.99,191.19,,,13.84,62.37,12.95,60.32,9049,2.27,,,1892,1.33,,,9175,2.38,,
124,191.17,,,13.84,62.37,12.95,60.32,9050,2.27,,,1893,1.33,,,9176,2.38,,
124.01,191.15,,,13.85,62.39,12.95,60.33,9051,2.27,,,1895,1.32,,,9177,2.38,,
124.02,191.13,,,13.85,62.4,12.95,60.34,9052,2.27,,,1897,1.32,,,9178,2.38,,
124.03,191.12,,,13.86,62.4,12.96,60.35,9053,2.27,,,1898,1.32,,,9179,2.38,,
124.04,191.1,,,13.86,62.41,12.96,60.35,9055,2.27,,,1900,1.32,,,9180,2.38,,
124.07,191.04,,,13.86,62.41,12.97,60.38,9056,2.27,,,1901,1.31,,,9181,2.38,,
124.08,191.03,,,13.86,62.41,12.98,60.39,9057,2.27,,,1902,1.31,,,9182,2.38,,
124.09,191.01,,,13.87,62.43,12.98,60.4,9058,2.27,,,1903,1.31,,,9183,2.38,,
124.11,190.97,,,13.87,62.44,12.98,60.41,9061,2.27,,,1904,1.31,,,9184,2.38,,
124.13,190.94,,,13.88,62.46,12.99,60.41,9062,2.27,,,1905,1.31,,,9185,2.38,,
124.14,190.92,,,13.88,62.46,12.99,60.42,9063,2.27,,,1907,1.3,,,9186,2.38,,
124.16,190.88,,,13.88,62.47,12.99,60.43,9064,2.27,,,1908,1.3,,,9187,2.38,,
124.17,190.86,,,13.89,62.49,12.99,60.43,9065,2.27,,,1909,1.3,,,9188,2.37,,
124.19,190.83,,,13.91,62.53,13,60.45,9067,2.27,,,1911,1.3,,,9189,2.37,,
124.2,190.81,,,13.92,62.55,13.01,60.46,9068,2.26,,,1912,1.3,,,9190,2.37,,
124.21,190.79,,,13.93,62.57,13.01,60.47,9070,2.26,,,1913,1.29,,,9191,2.37,,
124.22,190.77,,,13.94,62.59,13.02,60.48,9072,2.26,,,1914,1.29,,,9192,2.37,,
124.24,190.74,,,13.95,62.61,13.02,60.49,9073,2.26,,,1915,1.29,,,9193,2.37,,
124.25,190.72,,,13.96,62.64,13.02,60.49,9075,2.26,,,1916,1.29,,,9194,2.37,,
124.26,190.7,,,13.96,62.64,13.03,60.51,9076,2.26,,,1917,1.29,,,9195,2.37,,
124.27,190.68,,,13.96,62.65,13.03,60.51,9077,2.26,,,1918,1.29,,,9196,2.37,,
124.28,190.67,,,13.97,62.67,13.03,60.51,9078,2.26,,,1919,1.29,,,9197,2.37,,
124.29,190.65,,,13.98,62.69,13.03,60.52,9079,2.26,,,1920,1.28,,,9198,2.37,,
124.31,190.61,,,13.99,62.71,13.04,60.53,9080,2.26,,,1921,1.28,,,9199,2.37,,
124.32,190.6,,,14.01,62.75,13.04,60.53,9081,2.26,,,1923,1.28,,,9200,2.37,,
124.33,190.58,,,14.01,62.76,13.04,60.54,9083,2.26,,,1924,1.28,,,9201,2.37,,
124.34,190.56,,,14.02,62.77,13.05,60.56,9084,2.26,,,1925,1.28,,,9202,2.37,,
124.35,190.54,,,14.02,62.78,13.05,60.56,9085,2.26,,,1926,1.27,,,9203,2.37,,
124.36,190.52,,,14.02,62.78,13.05,60.57,9087,2.25,,,1927,1.27,,,9204,2.37,,
124.38,190.49,,,14.03,62.8,13.06,60.57,9088,2.25,,,1928,1.27,,,9205,2.37,,
124.4,190.45,,,14.03,62.81,13.06,60.59,9089,2.25,,,1929,1.27,,,9206,2.37,,
124.41,190.43,,,14.04,62.81,13.07,60.6,9090,2.25,,,1930,1.27,,,9207,2.36,,
124.43,190.4,,,14.04,62.82,13.07,60.61,9091,2.25,,,1931,1.27,,,9208,2.36,,
124.45,190.36,,,14.05,62.84,13.08,60.62,9093,2.25,,,1932,1.26,,,9209,2.36,,
124.47,190.33,,,14.05,62.84,13.08,60.62,9094,2.25,,,1933,1.26,,,9210,2.36,,
124.48,190.31,,,14.05,62.86,13.08,60.63,9095,2.25,,,1934,1.26,,,9211,2.36,,
124.49,190.29,,,14.06,62.86,13.09,60.64,9096,2.25,,,1935,1.26,,,9212,2.36,,
124.5,190.27,,,14.06,62.87,13.09,60.64,9097,2.25,,,1936,1.26,,,9213,2.36,,
124.53,190.22,,,14.07,62.89,13.1,60.66,9098,2.25,,,1937,1.26,,,9214,2.36,,
124.55,190.18,,,14.07,62.89,13.1,60.67,9099,2.25,,,1938,1.26,,,9215,2.36,,
124.58,190.13,,,14.07,62.9,13.1,60.67,9101,2.25,,,1940,1.25,,,9216,2.36,,
124.59,190.11,,,14.08,62.91,13.11,60.69,9102,2.25,,,1941,1.25,,,9217,2.36,,
124.6,190.1,,,14.08,62.91,13.12,60.71,9104,2.25,,,1942,1.25,,,9218,2.36,,
124.61,190.08,,,14.08,62.92,13.12,60.71,9105,2.25,,,1943,1.25,,,9219,2.36,,
124.62,190.06,,,14.09,62.93,13.12,60.71,9106,2.25,,,1944,1.25,,,9220,2.36,,
124.65,190.01,,,14.1,62.95,13.12,60.72,9107,2.24,,,1946,1.24,,,9221,2.36,,
124.67,189.97,,,14.1,62.95,13.12,60.72,9108,2.24,,,1947,1.24,,,9222,2.36,,
124.69,189.94,,,14.1,62.96,13.13,60.73,9109,2.24,,,1949,1.24,,,9223,2.36,,
124.7,189.92,,,14.1,62.97,13.13,60.74,9110,2.24,,,1950,1.24,,,9224,2.36,,
124.71,189.9,,,14.11,62.99,13.14,60.75,9112,2.24,,,1951,1.24,,,9225,2.36,,
124.72,189.88,,,14.12,63,13.14,60.76,9115,2.24,,,1952,1.23,,,9226,2.35,,
124.73,189.86,,,14.14,63.05,13.15,60.78,9117,2.24,,,1953,1.23,,,9227,2.35,,
124.74,189.85,,,14.14,63.05,13.15,60.78,9118,2.24,,,1954,1.23,,,9228,2.35,,
124.75,189.83,,,14.17,63.12,13.15,60.78,9119,2.24,,,1956,1.23,,,9229,2.35,,
124.76,189.81,,,14.17,63.12,13.15,60.79,9122,2.24,,,1957,1.23,,,9230,2.35,,
124.77,189.79,,,14.18,63.14,13.15,60.8,9123,2.24,,,1958,1.23,,,9231,2.35,,
124.78,189.78,,,14.2,63.18,13.15,60.8,9124,2.24,,,1959,1.22,,,9232,2.35,,
124.8,189.74,,,14.2,63.2,13.16,60.8,9125,2.24,,,1961,1.22,,,9233,2.35,,
124.81,189.72,,,14.21,63.21,13.16,60.8,9128,2.23,,,1962,1.22,,,9234,2.35,,
124.82,189.7,,,14.21,63.22,13.17,60.83,9129,2.23,,,1963,1.22,,,9235,2.35,,
124.84,189.67,,,14.22,63.23,13.17,60.83,9130,2.23,,,1964,1.22,,,9236,2.35,,
124.85,189.65,,,14.22,63.24,13.17,60.83,9131,2.23,,,1965,1.21,,,9237,2.35,,
124.87,189.62,,,14.23,63.25,13.17,60.84,9132,2.23,,,1966,1.21,,,9238,2.35,,
124.89,189.58,,,14.23,63.26,13.18,60.85,9133,2.23,,,1967,1.21,,,9239,2.35,,
124.92,189.53,,,14.24,63.28,13.18,60.86,9134,2.23,,,1968,1.21,,,9240,2.35,,
124.93,189.51,,,14.25,63.3,13.18,60.86,9135,2.23,,,1969,1.21,,,9241,2.35,,
124.94,189.49,,,14.25,63.3,13.18,60.86,9137,2.23,,,1971,1.21,,,9242,2.35,,
124.95,189.47,,,14.25,63.31,13.19,60.87,9140,2.23,,,1972,1.2,,,9243,2.35,,
124.97,189.44,,,14.26,63.32,13.19,60.88,9142,2.23,,,1974,1.2,,,9244,2.35,,
124.98,189.42,,,14.26,63.32,13.19,60.88,9143,2.23,,,1975,1.2,,,9245,2.34,,
124.99,189.4,,,14.26,63.34,13.19,60.88,9144,2.23,,,1976,1.2,,,9246,2.34,,
125.01,189.37,,,14.27,63.35,13.2,60.89,9145,2.23,,,1978,1.2,,,9247,2.34,,
125.02,189.35,,,14.27,63.36,13.21,60.91,9147,2.22,,,1979,1.19,,,9248,2.34,,
125.03,189.33,,,14.28,63.36,13.21,60.92,9148,2.22,,,1980,1.19,,,9249,2.34,,
125.04,189.32,,,14.28,63.37,13.21,60.92,9149,2.22,,,1981,1.19,,,9250,2.34,,
125.07,189.26,,,14.28,63.37,13.21,60.93,9150,2.22,,,1982,1.19,,,9251,2.34,,
125.08,189.24,,,14.28,63.38,13.21,60.94,9151,2.22,,,1983,1.19,,,9252,2.34,,
125.09,189.23,,,14.28,63.38,13.22,60.94,9152,2.22,,,1984,1.19,,,9253,2.34,,
125.11,189.19,,,14.29,63.38,13.22,60.95,9153,2.22,,,1985,1.19,,,9254,2.34,,
125.12,189.17,,,14.29,63.4,13.22,60.96,9154,2.22,,,1986,1.19,,,9255,2.34,,
125.13,189.16,,,14.29,63.41,13.23,60.96,9155,2.22,,,1987,1.18,,,9256,2.34,,
125.14,189.14,,,14.3,63.42,13.23,60.98,9156,2.22,,,1988,1.18,,,9257,2.34,,
125.16,189.1,,,14.31,63.45,13.24,60.98,9157,2.22,,,1989,1.18,,,9258,2.34,,
125.17,189.09,,,14.32,63.46,13.24,60.99,9158,2.22,,,1990,1.18,,,9259,2.34,,
125.19,189.05,,,14.32,63.46,13.24,60.99,9159,2.22,,,1992,1.18,,,9260,2.34,,
125.22,189,,,14.32,63.47,13.24,61,9160,2.22,,,1993,1.18,,,9261,2.34,,
125.23,188.98,,,14.34,63.51,13.24,61,9161,2.22,,,1994,1.17,,,9262,2.34,,
125.24,188.96,,,14.34,63.51,13.25,61.01,9163,2.22,,,1995,1.17,,,9263,2.34,,
125.27,188.91,,,14.34,63.52,13.25,61.01,9164,2.22,,,1996,1.17,,,9264,2.33,,
125.29,188.87,,,14.35,63.53,13.26,61.03,9166,2.21,,,1997,1.17,,,9265,2.33,,
125.3,188.86,,,14.35,63.54,13.26,61.04,9167,2.21,,,1998,1.17,,,9266,2.33,,
125.31,188.84,,,14.37,63.57,13.26,61.04,9168,2.21,,,1999,1.17,,,9267,2.33,,
125.32,188.82,,,14.38,63.59,13.27,61.05,9169,2.21,,,2000,1.17,,,9268,2.33,,
125.33,188.8,,,14.38,63.61,13.27,61.07,9170,2.21,,,2001,1.16,,,9269,2.33,,
125.34,188.79,,,14.38,63.61,13.28,61.08,9171,2.21,,,2002,1.16,,,9270,2.33,,
125.35,188.77,,,14.39,63.64,13.28,61.09,9172,2.21,,,2003,1.16,,,9271,2.33,,
125.37,188.73,,,14.4,63.64,13.29,61.1,9173,2.21,,,2004,1.16,,,9272,2.33,,
125.39,188.7,,,14.41,63.67,13.29,61.11,9174,2.21,,,2005,1.16,,,9273,2.33,,
125.4,188.68,,,14.41,63.67,13.29,61.11,9175,2.21,,,2006,1.16,,,9274,2.33,,
125.42,188.65,,,14.42,63.7,13.3,61.13,9176,2.21,,,2007,1.16,,,9275,2.33,,
125.44,188.61,,,14.42,63.7,13.3,61.14,9177,2.21,,,2008,1.16,,,9276,2.33,,
125.45,188.59,,,14.42,63.7,13.31,61.14,9178,2.21,,,2010,1.15,,,9277,2.33,,
125.46,188.58,,,14.43,63.71,13.31,61.15,9181,2.21,,,2011,1.15,,,9278,2.33,,
125.47,188.56,,,14.43,63.73,13.31,61.15,9182,2.21,,,2012,1.15,,,9279,2.33,,
125.48,188.54,,,14.44,63.73,13.31,61.16,9183,2.21,,,2013,1.15,,,9280,2.33,,
125.49,188.52,,,14.44,63.74,13.32,61.17,9185,2.21,,,2014,1.15,,,9281,2.33,,
125.51,188.49,,,14.45,63.75,13.32,61.18,9187,2.2,,,2016,1.14,,,9282,2.33,,
125.52,188.47,,,14.45,63.77,13.32,61.18,9188,2.2,,,2017,1.14,,,9283,2.33,,
125.53,188.45,,,14.46,63.78,13.33,61.21,9189,2.2,,,2018,1.14,,,9284,2.32,,
125.54,188.43,,,14.46,63.79,13.34,61.21,9190,2.2,,,2019,1.14,,,9285,2.32,,
125.55,188.42,,,14.46,63.8,13.35,61.23,9191,2.2,,,2020,1.14,,,9286,2.32,,
125.56,188.4,,,14.47,63.81,13.35,61.23,9192,2.2,,,2022,1.14,,,9287,2.32,,
125.59,188.35,,,14.47,63.82,13.35,61.24,9193,2.2,,,2023,1.14,,,9288,2.32,,
125.6,188.33,,,14.48,63.83,13.36,61.26,9195,2.2,,,2024,1.13,,,9289,2.32,,
125.62,188.29,,,14.48,63.84,13.36,61.28,9196,2.2,,,2025,1.13,,,9290,2.32,,
125.63,188.28,,,14.48,63.84,13.37,61.28,9197,2.2,,,2026,1.13,,,9291,2.32,,
125.64,188.26,,,14.49,63.85,13.37,61.28,9198,2.2,,,2027,1.13,,,9292,2.32,,
125.65,188.24,,,14.49,63.86,13.37,61.29,9200,2.2,,,2028,1.13,,,9293,2.32,,
125.66,188.22,,,14.49,63.86,13.37,61.29,9204,2.2,,,2029,1.13,,,9294,2.32,,
125.67,188.21,,,14.49,63.87,13.37,61.29,9205,2.2,,,2030,1.13,,,9295,2.32,,
125.69,188.17,,,14.5,63.87,13.37,61.3,9206,2.2,,,2032,1.12,,,9296,2.32,,
125.71,188.14,,,14.5,63.88,13.38,61.32,9207,2.19,,,2033,1.12,,,9297,2.32,,
125.72,188.12,,,14.5,63.88,13.38,61.32,9209,2.19,,,2034,1.12,,,9298,2.32,,
125.73,188.1,,,14.5,63.88,13.38,61.32,9210,2.19,,,2036,1.12,,,9299,2.32,,
125.74,188.08,,,14.5,63.88,13.39,61.33,9212,2.19,,,2037,1.12,,,9300,2.32,,
125.75,188.07,,,14.51,63.89,13.4,61.36,9213,2.19,,,2038,1.12,,,9301,2.32,,
125.77,188.03,,,14.51,63.89,13.4,61.37,9214,2.19,,,2039,1.12,,,9302,2.32,,
125.79,188,,,14.51,63.9,13.41,61.39,9215,2.19,,,2040,1.11,,,9303,2.32,,
125.81,187.96,,,14.51,63.9,13.41,61.39,9216,2.19,,,2041,1.11,,,9304,2.31,,
125.82,187.95,,,14.51,63.91,13.42,61.41,9217,2.19,,,2042,1.11,,,9305,2.31,,
125.84,187.91,,,14.52,63.91,13.42,61.41,9219,2.19,,,2044,1.11,,,9306,2.31,,
125.86,187.88,,,14.52,63.92,13.43,61.43,9220,2.19,,,2045,1.11,,,9307,2.31,,
125.87,187.86,,,14.52,63.92,13.43,61.43,9221,2.19,,,2046,1.11,,,9308,2.31,,
125.88,187.84,,,14.52,63.93,13.43,61.43,9223,2.19,,,2048,1.1,,,9309,2.31,,
125.89,187.82,,,14.52,63.93,13.44,61.44,9224,2.19,,,2049,1.1,,,9310,2.31,,
125.91,187.79,,,14.53,63.94,13.44,61.44,9226,2.19,,,2052,1.1,,,9311,2.31,,
125.92,187.77,,,14.53,63.95,13.44,61.45,9227,2.18,,,2053,1.1,,,9312,2.31,,
125.94,187.74,,,14.54,63.96,13.45,61.46,9228,2.18,,,2054,1.1,,,9313,2.31,,
125.95,187.72,,,14.54,63.96,13.45,61.48,9229,2.18,,,2055,1.1,,,9314,2.31,,
125.97,187.68,,,14.54,63.97,13.46,61.49,9232,2.18,,,2057,1.09,,,9315,2.31,,
125.98,187.67,,,14.55,63.99,13.46,61.49,9234,2.18,,,2058,1.09,,,9316,2.31,,
126,187.63,,,14.55,63.99,13.46,61.5,9235,2.18,,,2060,1.09,,,9317,2.31,,
126.01,187.61,,,14.55,64,13.46,61.5,9236,2.18,,,2062,1.09,,,9318,2.31,,
126.02,187.6,,,14.56,64.02,13.46,61.5,9237,2.18,,,2063,1.09,,,9319,2.31,,
126.03,187.58,,,14.57,64.03,13.46,61.5,9238,2.18,,,2064,1.09,,,9320,2.31,,
126.04,187.56,,,14.57,64.04,13.47,61.52,9239,2.18,,,2066,1.08,,,9321,2.31,,
126.05,187.54,,,14.57,64.04,13.47,61.52,9240,2.18,,,2068,1.08,,,9322,2.31,,
126.07,187.51,,,14.58,64.06,13.47,61.53,9243,2.18,,,2069,1.08,,,9323,2.31,,
126.1,187.46,,,14.58,64.07,13.48,61.53,9244,2.18,,,2071,1.08,,,9324,2.3,,
126.11,187.44,,,14.59,64.07,13.48,61.54,9245,2.18,,,2072,1.08,,,9325,2.3,,
126.12,187.42,,,14.59,64.08,13.48,61.55,9248,2.17,,,2074,1.07,,,9326,2.3,,
126.15,187.37,,,14.59,64.09,13.49,61.56,9249,2.17,,,2075,1.07,,,9327,2.3,,
126.17,187.34,,,14.6,64.1,13.49,61.57,9250,2.17,,,2077,1.07,,,9328,2.3,,
126.19,187.3,,,14.6,64.12,13.5,61.58,9251,2.17,,,2078,1.07,,,9329,2.3,,
126.2,187.28,,,14.61,64.12,13.5,61.58,9252,2.17,,,2080,1.07,,,9330,2.3,,
126.22,187.25,,,14.61,64.13,13.5,61.59,9253,2.17,,,2081,1.07,,,9331,2.3,,
126.24,187.22,,,14.62,64.15,13.5,61.59,9258,2.17,,,2082,1.06,,,9332,2.3,,
126.25,187.2,,,14.63,64.16,13.5,61.6,9259,2.17,,,2084,1.06,,,9333,2.3,,
126.27,187.16,,,14.63,64.17,13.51,61.6,9260,2.17,,,2086,1.06,,,9334,2.3,,
126.28,187.15,,,14.63,64.17,13.51,61.61,9261,2.17,,,2088,1.06,,,9335,2.3,,
126.29,187.13,,,14.63,64.18,13.52,61.62,9263,2.17,,,2090,1.06,,,9336,2.3,,
126.31,187.09,,,14.64,64.19,13.52,61.62,9264,2.17,,,2091,1.05,,,9337,2.3,,
126.32,187.08,,,14.64,64.2,13.52,61.64,9265,2.17,,,2093,1.05,,,9338,2.3,,
126.33,187.06,,,14.64,64.21,13.53,61.65,9267,2.17,,,2095,1.05,,,9339,2.3,,
126.35,187.02,,,14.64,64.21,13.53,61.65,9270,2.16,,,2096,1.05,,,9340,2.3,,
126.38,186.97,,,14.65,64.21,13.53,61.66,9271,2.16,,,2097,1.05,,,9341,2.3,,
126.39,186.96,,,14.65,64.22,13.54,61.69,9272,2.16,,,2098,1.05,,,9342,2.3,,
126.41,186.92,,,14.65,64.22,13.55,61.69,9273,2.16,,,2099,1.05,,,9343,2.3,,
126.43,186.89,,,14.65,64.23,13.55,61.69,9275,2.16,,,2101,1.04,,,9344,2.29,,
126.44,186.87,,,14.66,64.25,13.55,61.7,9278,2.16,,,2102,1.04,,,9345,2.29,,
126.45,186.85,,,14.66,64.26,13.55,61.7,9279,2.16,,,2104,1.04,,,9346,2.29,,
126.46,186.83,,,14.67,64.26,13.55,61.71,9280,2.16,,,2105,1.04,,,9347,2.29,,
126.48,186.8,,,14.67,64.27,13.55,61.71,9282,2.16,,,2106,1.04,,,9348,2.29,,
126.49,186.78,,,14.67,64.27,13.55,61.71,9284,2.16,,,2108,1.04,,,9349,2.29,,
126.51,186.75,,,14.68,64.28,13.56,61.73,9285,2.16,,,2110,1.03,,,9350,2.29,,
126.53,186.71,,,14.68,64.29,13.56,61.73,9286,2.16,,,2112,1.03,,,9351,2.29,,
126.54,186.7,,,14.68,64.29,13.56,61.74,9290,2.15,,,2113,1.03,,,9352,2.29,,
126.56,186.66,,,14.68,64.3,13.57,61.74,9291,2.15,,,2115,1.03,,,9353,2.29,,
126.58,186.63,,,14.69,64.3,13.57,61.75,9292,2.15,,,2117,1.03,,,9354,2.29,,
126.59,186.61,,,14.69,64.31,13.57,61.75,9293,2.15,,,2118,1.03,,,9355,2.29,,
126.6,186.59,,,14.69,64.31,13.57,61.76,9295,2.15,,,2121,1.02,,,9356,2.29,,
126.61,186.58,,,14.69,64.32,13.58,61.76,9297,2.15,,,2122,1.02,,,9357,2.29,,
126.62,186.56,,,14.7,64.32,13.58,61.77,9298,2.15,,,2125,1.02,,,9359,2.29,,
126.64,186.52,,,14.7,64.33,13.58,61.77,9300,2.15,,,2126,1.02,,,9360,2.29,,
126.66,186.49,,,14.71,64.35,13.58,61.77,9301,2.15,,,2128,1.02,,,9361,2.29,,
126.67,186.47,,,14.71,64.37,13.58,61.78,9305,2.15,,,2130,1.01,,,9362,2.29,,
126.68,186.46,,,14.72,64.37,13.59,61.78,9306,2.15,,,2131,1.01,,,9363,2.29,,
126.69,186.44,,,14.72,64.38,13.59,61.79,9307,2.15,,,2133,1.01,,,9364,2.28,,
126.7,186.42,,,14.72,64.38,13.59,61.79,9308,2.15,,,2135,1.01,,,9365,2.28,,
126.72,186.39,,,14.73,64.4,13.59,61.79,9309,2.15,,,2136,1.01,,,9366,2.28,,
126.73,186.37,,,14.73,64.41,13.6,61.81,9310,2.15,,,2137,1.01,,,9367,2.28,,
126.74,186.35,,,14.73,64.42,13.61,61.83,9312,2.14,,,2138,1,,,9368,2.28,,
126.75,186.34,,,14.74,64.42,13.61,61.83,9313,2.14,,,2139,1,,,9369,2.28,,
126.76,186.32,,,14.74,64.42,13.61,61.84,9315,2.14,,,2141,1,,,9370,2.28,,
126.77,186.3,,,14.74,64.43,13.61,61.84,9316,2.14,,,2143,1,,,9371,2.28,,
126.79,186.27,,,14.75,64.44,13.62,61.86,9317,2.14,,,2145,1,,,9372,2.28,,
126.8,186.25,,,14.75,64.44,13.62,61.86,9318,2.14,,,2147,1,,,9373,2.28,,
126.81,186.23,,,14.75,64.46,13.63,61.88,9319,2.14,,,2148,0.99,,,9374,2.28,,
126.82,186.21,,,14.76,64.46,13.63,61.89,9322,2.14,,,2149,0.99,,,9375,2.28,,
126.83,186.2,,,14.76,64.47,13.63,61.89,9323,2.14,,,2151,0.99,,,9376,2.28,,
126.84,186.18,,,14.77,64.49,13.63,61.89,9326,2.14,,,2153,0.99,,,9377,2.28,,
126.85,186.16,,,14.77,64.5,13.64,61.9,9330,2.14,,,2154,0.99,,,9378,2.28,,
126.86,186.15,,,14.78,64.51,13.64,61.91,9331,2.14,,,2155,0.99,,,9379,2.28,,
126.87,186.13,,,14.78,64.52,13.65,61.93,9333,2.13,,,2156,0.99,,,9380,2.28,,
126.88,186.11,,,14.79,64.54,13.66,61.96,9334,2.13,,,2158,0.99,,,9381,2.28,,
126.89,186.09,,,14.79,64.54,13.66,61.96,9335,2.13,,,2159,0.98,,,9382,2.28,,
126.9,186.08,,,14.79,64.54,13.67,61.97,9337,2.13,,,2160,0.98,,,9383,2.28,,
126.92,186.04,,,14.79,64.55,13.67,61.98,9340,2.13,,,2162,0.98,,,9384,2.28,,
126.94,186.01,,,14.8,64.57,13.68,61.99,9343,2.13,,,2163,0.98,,,9385,2.27,,
126.95,185.99,,,14.8,64.57,13.69,62.01,9344,2.13,,,2165,0.98,,,9386,2.27,,
126.97,185.96,,,14.8,64.58,13.69,62.02,9346,2.13,,,2167,0.98,,,9387,2.27,,
126.98,185.94,,,14.81,64.6,13.69,62.02,9347,2.13,,,2169,0.97,,,9388,2.27,,
127,185.91,,,14.81,64.6,13.7,62.03,9348,2.13,,,2170,0.97,,,9389,2.27,,
127.03,185.86,,,14.82,64.61,13.71,62.07,9349,2.13,,,2173,0.97,,,9390,2.27,,
127.05,185.82,,,14.82,64.62,13.71,62.08,9350,2.13,,,2175,0.97,,,9391,2.27,,
127.06,185.8,,,14.83,64.64,13.72,62.1,9352,2.13,,,2176,0.97,,,9392,2.27,,
127.08,185.77,,,14.83,64.64,13.73,62.12,9353,2.13,,,2178,0.97,,,9393,2.27,,
127.09,185.75,,,14.84,64.65,13.73,62.12,9355,2.12,,,2181,0.96,,,9394,2.27,,
127.11,185.72,,,14.85,64.67,13.75,62.17,9357,2.12,,,2182,0.96,,,9395,2.27,,
127.12,185.7,,,14.85,64.68,13.76,62.18,9358,2.12,,,2184,0.96,,,9396,2.27,,
127.13,185.68,,,14.85,64.68,13.77,62.2,9359,2.12,,,2185,0.96,,,9397,2.27,,
127.16,185.63,,,14.86,64.69,13.77,62.21,9360,2.12,,,2186,0.96,,,9398,2.27,,
127.17,185.62,,,14.86,64.7,13.78,62.23,9362,2.12,,,2187,0.96,,,9399,2.27,,
127.19,185.58,,,14.87,64.71,13.78,62.23,9363,2.12,,,2189,0.96,,,9400,2.27,,
127.22,185.53,,,14.87,64.72,13.78,62.24,9365,2.12,,,2190,0.95,,,9401,2.27,,
127.24,185.5,,,14.87,64.73,13.8,62.27,9366,2.12,,,2191,0.95,,,9402,2.27,,
127.25,185.48,,,14.88,64.74,13.81,62.3,9368,2.12,,,2193,0.95,,,9403,2.27,,
127.26,185.46,,,14.88,64.75,13.81,62.3,9369,2.12,,,2195,0.95,,,9404,2.27,,
127.27,185.45,,,14.88,64.75,13.82,62.32,9370,2.12,,,2196,0.95,,,9405,2.26,,
127.29,185.41,,,14.88,64.76,13.82,62.33,9371,2.12,,,2197,0.95,,,9406,2.26,,
127.32,185.36,,,14.89,64.77,13.83,62.34,9372,2.12,,,2198,0.95,,,9407,2.26,,
127.33,185.34,,,14.89,64.78,13.83,62.34,9374,2.12,,,2199,0.95,,,9408,2.26,,
127.34,185.33,,,14.9,64.79,13.83,62.35,9375,2.12,,,2201,0.94,,,9409,2.26,,
127.35,185.31,,,14.9,64.79,13.83,62.35,9376,2.12,,,2203,0.94,,,9410,2.26,,
127.37,185.28,,,14.91,64.81,13.84,62.36,9377,2.11,,,2204,0.94,,,9411,2.26,,
127.4,185.22,,,14.91,64.82,13.84,62.37,9379,2.11,,,2205,0.94,,,9412,2.26,,
127.42,185.19,,,14.91,64.82,13.85,62.38,9380,2.11,,,2207,0.94,,,9413,2.26,,
127.43,185.17,,,14.91,64.82,13.85,62.39,9382,2.11,,,2208,0.94,,,9414,2.26,,
127.44,185.16,,,14.91,64.83,13.85,62.4,9383,2.11,,,2209,0.94,,,9415,2.26,,
127.45,185.14,,,14.92,64.84,13.85,62.4,9384,2.11,,,2211,0.94,,,9416,2.26,,
127.46,185.12,,,14.93,64.86,13.86,62.4,9385,2.11,,,2212,0.93,,,9417,2.26,,
127.47,185.11,,,14.93,64.86,13.86,62.41,9387,2.11,,,2213,0.93,,,9418,2.26,,
127.48,185.09,,,14.93,64.87,13.86,62.42,9390,2.11,,,2214,0.93,,,9419,2.26,,
127.49,185.07,,,14.93,64.87,13.87,62.43,9392,2.11,,,2215,0.93,,,9420,2.26,,
127.5,185.05,,,14.94,64.88,13.87,62.43,9393,2.11,,,2216,0.93,,,9421,2.26,,
127.51,185.04,,,14.94,64.9,13.87,62.43,9394,2.11,,,2217,0.93,,,9422,2.26,,
127.53,185,,,14.95,64.9,13.87,62.43,9395,2.11,,,2218,0.93,,,9423,2.26,,
127.56,184.95,,,14.95,64.91,13.87,62.44,9396,2.11,,,2219,0.93,,,9424,2.26,,
127.57,184.94,,,14.95,64.92,13.87,62.44,9397,2.11,,,2220,0.93,,,9425,2.26,,
127.58,184.92,,,14.96,64.93,13.88,62.45,9399,2.1,,,2222,0.93,,,9426,2.25,,
127.59,184.9,,,14.97,64.95,13.9,62.5,9401,2.1,,,2223,0.93,,,9427,2.25,,
127.61,184.87,,,14.97,64.95,13.91,62.52,9404,2.1,,,2225,0.92,,,9428,2.25,,
127.62,184.85,,,14.97,64.96,13.91,62.53,9406,2.1,,,2226,0.92,,,9429,2.25,,
127.63,184.83,,,14.98,64.98,13.93,62.57,9407,2.1,,,2227,0.92,,,9430,2.25,,
127.64,184.82,,,14.99,65,13.94,62.59,9409,2.1,,,2229,0.92,,,9431,2.25,,
127.67,184.77,,,14.99,65.01,13.94,62.6,9411,2.1,,,2230,0.92,,,9432,2.25,,
127.69,184.73,,,15,65.03,13.94,62.6,9412,2.1,,,2231,0.92,,,9433,2.25,,
127.72,184.68,,,15.01,65.04,13.95,62.62,9413,2.1,,,2233,0.92,,,9434,2.25,,
127.73,184.66,,,15.01,65.05,13.96,62.63,9415,2.1,,,2235,0.91,,,9435,2.25,,
127.75,184.63,,,15.02,65.06,13.96,62.63,9416,2.1,,,2236,0.91,,,9436,2.25,,
127.77,184.6,,,15.02,65.07,13.98,62.69,9417,2.1,,,2237,0.91,,,9437,2.25,,
127.8,184.55,,,15.02,65.07,13.99,62.7,9420,2.1,,,2238,0.91,,,9438,2.25,,
127.82,184.51,,,15.02,65.07,13.99,62.7,9421,2.1,,,2239,0.91,,,9439,2.25,,
127.83,184.5,,,15.02,65.08,13.99,62.71,9422,2.09,,,2242,0.91,,,9440,2.25,,
127.84,184.48,,,15.02,65.08,13.99,62.72,9426,2.09,,,2243,0.91,,,9441,2.25,,
127.85,184.46,,,15.03,65.08,13.99,62.72,9427,2.09,,,2244,0.91,,,9442,2.25,,
127.87,184.43,,,15.03,65.09,14,62.73,9428,2.09,,,2245,0.91,,,9443,2.25,,
127.88,184.41,,,15.03,65.1,14.01,62.76,9430,2.09,,,2246,0.91,,,9444,2.25,,
127.89,184.39,,,15.03,65.1,14.01,62.76,9431,2.09,,,2247,0.9,,,9445,2.25,,
127.91,184.36,,,15.04,65.11,14.02,62.77,9433,2.09,,,2249,0.9,,,9446,2.25,,
127.92,184.34,,,15.04,65.12,14.02,62.79,9435,2.09,,,2251,0.9,,,9447,2.24,,
127.93,184.33,,,15.04,65.13,14.03,62.79,9436,2.09,,,2254,0.9,,,9448,2.24,,
127.94,184.31,,,15.05,65.13,14.03,62.81,9437,2.09,,,2255,0.9,,,9449,2.24,,
127.95,184.29,,,15.05,65.13,14.04,62.81,9438,2.09,,,2256,0.9,,,9450,2.24,,
127.96,184.28,,,15.05,65.14,14.04,62.82,9439,2.09,,,2257,0.9,,,9451,2.24,,
127.98,184.24,,,15.05,65.14,14.04,62.83,9442,2.09,,,2260,0.89,,,9452,2.24,,
127.99,184.23,,,15.05,65.15,14.04,62.83,9445,2.08,,,2262,0.89,,,9453,2.24,,
128.01,184.19,,,15.06,65.16,14.04,62.83,9446,2.08,,,2263,0.89,,,9454,2.24,,
128.02,184.18,,,15.06,65.16,14.05,62.84,9447,2.08,,,2264,0.89,,,9455,2.24,,
128.04,184.14,,,15.06,65.17,14.05,62.85,9449,2.08,,,2266,0.89,,,9456,2.24,,
128.05,184.13,,,15.07,65.18,14.06,62.87,9450,2.08,,,2268,0.89,,,9457,2.24,,
128.07,184.09,,,15.07,65.19,14.06,62.87,9451,2.08,,,2270,0.89,,,9458,2.24,,
128.09,184.06,,,15.07,65.19,14.06,62.88,9452,2.08,,,2273,0.88,,,9459,2.24,,
128.1,184.04,,,15.07,65.19,14.07,62.89,9455,2.08,,,2274,0.88,,,9460,2.24,,
128.12,184.01,,,15.08,65.21,14.07,62.89,9457,2.08,,,2275,0.88,,,9461,2.24,,
128.15,183.96,,,15.08,65.21,14.07,62.9,9458,2.08,,,2277,0.88,,,9462,2.24,,
128.16,183.94,,,15.09,65.22,14.09,62.93,9459,2.08,,,2279,0.88,,,9463,2.24,,
128.17,183.92,,,15.09,65.23,14.09,62.94,9460,2.08,,,2281,0.88,,,9464,2.24,,
128.18,183.91,,,15.09,65.23,14.09,62.95,9461,2.08,,,2283,0.88,,,9465,2.24,,
128.2,183.87,,,15.09,65.23,14.1,62.96,9463,2.08,,,2284,0.88,,,9466,2.24,,
128.21,183.86,,,15.09,65.24,14.1,62.96,9465,2.08,,,2285,0.87,,,9467,2.24,,
128.23,183.82,,,15.09,65.24,14.1,62.96,9467,2.07,,,2286,0.87,,,9468,2.23,,
128.25,183.79,,,15.1,65.25,14.11,62.99,9468,2.07,,,2287,0.87,,,9469,2.23,,
128.26,183.77,,,15.1,65.25,14.12,63,9469,2.07,,,2289,0.87,,,9470,2.23,,
128.29,183.72,,,15.1,65.26,14.13,63.04,9471,2.07,,,2290,0.87,,,9471,2.23,,
128.32,183.67,,,15.1,65.26,14.14,63.05,9473,2.07,,,2292,0.87,,,9472,2.23,,
128.33,183.66,,,15.11,65.27,14.15,63.07,9474,2.07,,,2293,0.87,,,9473,2.23,,
128.34,183.64,,,15.11,65.28,14.15,63.08,9475,2.07,,,2295,0.87,,,9474,2.23,,
128.35,183.62,,,15.11,65.28,14.15,63.08,9476,2.07,,,2296,0.87,,,9475,2.23,,
128.37,183.59,,,15.12,65.29,14.16,63.09,9477,2.07,,,2299,0.86,,,9476,2.23,,
128.38,183.57,,,15.12,65.29,14.17,63.11,9478,2.07,,,2301,0.86,,,9477,2.23,,
128.39,183.56,,,15.12,65.3,14.17,63.12,9480,2.07,,,2303,0.86,,,9478,2.23,,
128.4,183.54,,,15.12,65.3,14.17,63.13,9481,2.07,,,2305,0.86,,,9479,2.23,,
128.41,183.52,,,15.12,65.3,14.17,63.13,9484,2.07,,,2307,0.86,,,9480,2.23,,
128.42,183.5,,,15.12,65.3,14.18,63.13,9485,2.07,,,2308,0.86,,,9481,2.23,,
128.43,183.49,,,15.12,65.3,14.18,63.14,9486,2.07,,,2310,0.86,,,9482,2.23,,
128.45,183.45,,,15.13,65.31,14.18,63.14,9487,2.07,,,2311,0.85,,,9483,2.23,,
128.48,183.4,,,15.13,65.31,14.18,63.15,9490,2.06,,,2314,0.85,,,9484,2.23,,
128.51,183.35,,,15.13,65.32,14.18,63.15,9491,2.06,,,2316,0.85,,,9486,2.23,,
128.52,183.34,,,15.13,65.32,14.18,63.15,9492,2.06,,,2318,0.85,,,9487,2.23,,
128.53,183.32,,,15.13,65.32,14.19,63.16,9493,2.06,,,2319,0.85,,,9488,2.23,,
128.55,183.29,,,15.13,65.33,14.19,63.16,9495,2.06,,,2321,0.85,,,9489,2.23,,
128.56,183.27,,,15.14,65.34,14.19,63.17,9496,2.06,,,2322,0.85,,,9490,2.22,,
128.58,183.24,,,15.14,65.34,14.19,63.17,9497,2.06,,,2323,0.85,,,9492,2.22,,
128.59,183.22,,,15.14,65.34,14.19,63.17,9498,2.06,,,2325,0.84,,,9493,2.22,,
128.6,183.2,,,15.14,65.35,14.2,63.18,9500,2.06,,,2326,0.84,,,9494,2.22,,
128.62,183.17,,,15.14,65.35,14.2,63.18,9501,2.06,,,2327,0.84,,,9496,2.22,,
128.63,183.15,,,15.14,65.35,14.2,63.2,9502,2.06,,,2330,0.84,,,9497,2.22,,
128.64,183.14,,,15.14,65.36,14.21,63.21,9503,2.06,,,2331,0.84,,,9498,2.22,,
128.67,183.09,,,15.15,65.36,14.22,63.23,9505,2.06,,,2332,0.84,,,9499,2.22,,
128.69,183.05,,,15.15,65.36,14.23,63.25,9506,2.06,,,2334,0.84,,,9500,2.22,,
128.7,183.04,,,15.15,65.36,14.23,63.25,9508,2.06,,,2335,0.84,,,9501,2.22,,
128.71,183.02,,,15.15,65.37,14.23,63.27,9509,2.06,,,2336,0.84,,,9502,2.22,,
128.73,182.99,,,15.15,65.37,14.24,63.27,9510,2.06,,,2339,0.83,,,9503,2.22,,
128.76,182.94,,,15.15,65.37,14.24,63.28,9514,2.05,,,2341,0.83,,,9504,2.22,,
128.77,182.92,,,15.15,65.38,14.25,63.31,9515,2.05,,,2342,0.83,,,9505,2.22,,
128.78,182.9,,,15.15,65.38,14.26,63.33,9516,2.05,,,2343,0.83,,,9506,2.22,,
128.79,182.89,,,15.16,65.38,14.26,63.34,9517,2.05,,,2346,0.83,,,9507,2.22,,
128.8,182.87,,,15.16,65.39,14.27,63.35,9518,2.05,,,2347,0.83,,,9508,2.22,,
128.81,182.85,,,15.16,65.39,14.27,63.36,9519,2.05,,,2348,0.83,,,9509,2.22,,
128.84,182.81,,,15.16,65.39,14.28,63.36,9520,2.05,,,2350,0.83,,,9510,2.22,,
128.85,182.79,,,15.16,65.4,14.28,63.37,9521,2.05,,,2351,0.83,,,9511,2.22,,
128.86,182.77,,,15.17,65.41,14.28,63.38,9523,2.05,,,2352,0.82,,,9512,2.21,,
128.87,182.76,,,15.17,65.41,14.3,63.41,9524,2.05,,,2353,0.82,,,9513,2.21,,
128.89,182.72,,,15.17,65.41,14.31,63.43,9525,2.05,,,2354,0.82,,,9514,2.21,,
128.92,182.67,,,15.17,65.42,14.31,63.44,9526,2.05,,,2355,0.82,,,9515,2.21,,
128.95,182.62,,,15.17,65.42,14.31,63.44,9527,2.05,,,2358,0.82,,,9516,2.21,,
128.96,182.61,,,15.18,65.43,14.31,63.44,9528,2.05,,,2359,0.82,,,9517,2.21,,
128.97,182.59,,,15.18,65.43,14.31,63.45,9529,2.05,,,2360,0.82,,,9518,2.21,,
128.99,182.56,,,15.18,65.43,14.31,63.45,9532,2.05,,,2361,0.82,,,9519,2.21,,
129,182.54,,,15.18,65.44,14.32,63.46,9533,2.05,,,2362,0.82,,,9520,2.21,,
129.01,182.52,,,15.18,65.44,14.32,63.46,9534,2.05,,,2364,0.82,,,9521,2.21,,
129.02,182.51,,,15.18,65.44,14.32,63.47,9537,2.04,,,2365,0.82,,,9522,2.21,,
129.03,182.49,,,15.18,65.44,14.32,63.48,9538,2.04,,,2368,0.81,,,9523,2.21,,
129.06,182.44,,,15.18,65.44,14.33,63.49,9539,2.04,,,2370,0.81,,,9524,2.21,,
129.07,182.42,,,15.19,65.45,14.33,63.49,9540,2.04,,,2372,0.81,,,9525,2.21,,
129.09,182.39,,,15.19,65.45,14.33,63.5,9544,2.04,,,2373,0.81,,,9526,2.21,,
129.1,182.37,,,15.19,65.46,14.34,63.5,9546,2.04,,,2376,0.81,,,9527,2.21,,
129.12,182.34,,,15.19,65.47,14.34,63.51,9547,2.04,,,2377,0.81,,,9528,2.21,,
129.15,182.29,,,15.2,65.47,14.34,63.51,9549,2.04,,,2378,0.81,,,9529,2.21,,
129.16,182.28,,,15.2,65.47,14.34,63.52,9550,2.04,,,2380,0.81,,,9530,2.21,,
129.17,182.26,,,15.2,65.48,14.35,63.53,9551,2.04,,,2381,0.81,,,9531,2.21,,
129.18,182.24,,,15.2,65.48,14.35,63.54,9552,2.04,,,2384,0.8,,,9532,2.21,,
129.2,182.21,,,15.2,65.49,14.35,63.54,9555,2.04,,,2385,0.8,,,9533,2.2,,
129.21,182.19,,,15.2,65.49,14.37,63.57,9556,2.04,,,2387,0.8,,,9534,2.2,,
129.22,182.18,,,15.2,65.49,14.37,63.57,9558,2.04,,,2388,0.8,,,9535,2.2,,
129.23,182.16,,,15.2,65.49,14.37,63.58,9559,2.04,,,2390,0.8,,,9536,2.2,,
129.26,182.11,,,15.21,65.5,14.39,63.62,9561,2.03,,,2391,0.8,,,9537,2.2,,
129.28,182.08,,,15.21,65.5,14.39,63.63,9562,2.03,,,2393,0.8,,,9538,2.2,,
129.29,182.06,,,15.21,65.5,14.4,63.65,9563,2.03,,,2395,0.8,,,9539,2.2,,
129.3,182.04,,,15.21,65.5,14.4,63.65,9564,2.03,,,2397,0.79,,,9540,2.2,,
129.32,182.01,,,15.21,65.51,14.4,63.66,9566,2.03,,,2398,0.79,,,9541,2.2,,
129.34,181.98,,,15.21,65.51,14.41,63.67,9567,2.03,,,2399,0.79,,,9542,2.2,,
129.35,181.96,,,15.21,65.51,14.41,63.67,9568,2.03,,,2402,0.79,,,9543,2.2,,
129.36,181.95,,,15.21,65.52,14.41,63.68,9570,2.03,,,2404,0.79,,,9544,2.2,,
129.37,181.93,,,15.22,65.52,14.43,63.71,9572,2.03,,,2406,0.79,,,9545,2.2,,
129.38,181.91,,,15.22,65.53,14.43,63.72,9574,2.03,,,2407,0.79,,,9546,2.2,,
129.4,181.88,,,15.22,65.53,14.45,63.75,9575,2.03,,,2410,0.79,,,9547,2.2,,
129.42,181.85,,,15.22,65.54,14.45,63.76,9577,2.03,,,2412,0.79,,,9548,2.2,,
129.43,181.83,,,15.22,65.54,14.45,63.76,9579,2.03,,,2413,0.78,,,9549,2.2,,
129.45,181.8,,,15.23,65.55,14.45,63.76,9580,2.03,,,2414,0.78,,,9550,2.2,,
129.46,181.78,,,15.23,65.55,14.45,63.77,9581,2.03,,,2416,0.78,,,9551,2.2,,
129.47,181.76,,,15.23,65.55,14.46,63.78,9582,2.03,,,2418,0.78,,,9552,2.2,,
129.48,181.75,,,15.23,65.55,14.47,63.8,9583,2.03,,,2422,0.78,,,9553,2.2,,
129.49,181.73,,,15.23,65.55,14.47,63.82,9584,2.03,,,2425,0.78,,,9554,2.2,,
129.5,181.72,,,15.23,65.56,14.48,63.82,9585,2.02,,,2426,0.78,,,9555,2.19,,
129.51,181.7,,,15.24,65.57,14.48,63.83,9586,2.02,,,2427,0.78,,,9556,2.19,,
129.54,181.65,,,15.24,65.57,14.48,63.84,9587,2.02,,,2430,0.77,,,9557,2.19,,
129.56,181.62,,,15.24,65.57,14.48,63.84,9588,2.02,,,2431,0.77,,,9558,2.19,,
129.57,181.6,,,15.24,65.58,14.49,63.85,9589,2.02,,,2433,0.77,,,9559,2.19,,
129.58,181.58,,,15.24,65.58,14.49,63.85,9590,2.02,,,2435,0.77,,,9560,2.19,,
129.6,181.55,,,15.25,65.59,14.49,63.85,9591,2.02,,,2436,0.77,,,9561,2.19,,
129.62,181.52,,,15.25,65.59,14.49,63.86,9592,2.02,,,2439,0.77,,,9562,2.19,,
129.64,181.49,,,15.25,65.6,14.49,63.86,9593,2.02,,,2440,0.77,,,9563,2.19,,
129.65,181.47,,,15.25,65.6,14.49,63.87,9595,2.02,,,2442,0.77,,,9564,2.19,,
129.67,181.44,,,15.25,65.6,14.5,63.87,9596,2.02,,,2445,0.76,,,9565,2.19,,
129.68,181.42,,,15.26,65.61,14.5,63.88,9598,2.02,,,2447,0.76,,,9566,2.19,,
129.72,181.35,,,15.26,65.61,14.5,63.89,9599,2.02,,,2450,0.76,,,9567,2.19,,
129.74,181.32,,,15.26,65.62,14.52,63.92,9601,2.02,,,2451,0.76,,,9568,2.19,,
129.76,181.29,,,15.26,65.62,14.53,63.94,9604,2.02,,,2454,0.76,,,9569,2.19,,
129.77,181.27,,,15.26,65.62,14.54,63.96,9605,2.02,,,2455,0.76,,,9570,2.19,,
129.8,181.22,,,15.26,65.63,14.54,63.97,9607,2.02,,,2456,0.76,,,9571,2.19,,
129.82,181.19,,,15.26,65.63,14.54,63.97,9609,2.01,,,2457,0.76,,,9572,2.19,,
129.83,181.17,,,15.27,65.63,14.57,64.03,9610,2.01,,,2458,0.76,,,9573,2.19,,
129.85,181.14,,,15.27,65.64,14.57,64.04,9611,2.01,,,2459,0.76,,,9574,2.19,,
129.86,181.13,,,15.27,65.64,14.57,64.04,9612,2.01,,,2460,0.76,,,9575,2.19,,
129.88,181.09,,,15.27,65.64,14.57,64.05,9614,2.01,,,2463,0.75,,,9576,2.19,,
129.89,181.08,,,15.27,65.65,14.58,64.06,9615,2.01,,,2465,0.75,,,9577,2.19,,
129.91,181.04,,,15.27,65.65,14.58,64.06,9617,2.01,,,2466,0.75,,,9578,2.18,,
129.92,181.03,,,15.27,65.65,14.59,64.07,9618,2.01,,,2468,0.75,,,9579,2.18,,
129.94,180.99,,,15.28,65.66,14.6,64.11,9620,2.01,,,2469,0.75,,,9580,2.18,,
129.95,180.98,,,15.28,65.66,14.62,64.14,9622,2.01,,,2471,0.75,,,9581,2.18,,
129.96,180.96,,,15.28,65.67,14.62,64.15,9623,2.01,,,2474,0.75,,,9582,2.18,,
129.97,180.95,,,15.28,65.67,14.62,64.16,9625,2.01,,,2475,0.75,,,9583,2.18,,
129.98,180.93,,,15.28,65.67,14.63,64.18,9627,2.01,,,2478,0.75,,,9584,2.18,,
130,180.9,,,15.29,65.68,14.64,64.2,9628,2.01,,,2480,0.74,,,9586,2.18,,
130.01,180.88,,,15.29,65.68,14.64,64.21,9629,2.01,,,2481,0.74,,,9587,2.18,,
130.02,180.86,,,15.29,65.68,14.65,64.21,9630,2.01,,,2482,0.74,,,9588,2.18,,
130.03,180.85,,,15.29,65.69,14.65,64.22,9631,2.01,,,2484,0.74,,,9589,2.18,,
130.05,180.82,,,15.29,65.69,14.65,64.22,9632,2.01,,,2487,0.74,,,9590,2.18,,
130.08,180.77,,,15.29,65.69,14.65,64.22,9634,2,,,2490,0.74,,,9591,2.18,,
130.1,180.73,,,15.29,65.7,14.65,64.23,9635,2,,,2491,0.74,,,9592,2.18,,
130.11,180.72,,,15.3,65.7,14.65,64.23,9636,2,,,2492,0.74,,,9593,2.18,,
130.12,180.7,,,15.3,65.71,14.65,64.23,9637,2,,,2493,0.74,,,9594,2.18,,
130.14,180.67,,,15.3,65.71,14.66,64.24,9638,2,,,2494,0.74,,,9595,2.18,,
130.15,180.65,,,15.3,65.72,14.66,64.24,9640,2,,,2497,0.73,,,9596,2.18,,
130.16,180.64,,,15.3,65.72,14.66,64.24,9642,2,,,2499,0.73,,,9597,2.18,,
130.17,180.62,,,15.3,65.72,14.66,64.24,9644,2,,,2500,0.73,,,9598,2.18,,
130.19,180.59,,,15.3,65.72,14.66,64.25,9645,2,,,2503,0.73,,,9599,2.18,,
130.2,180.57,,,15.31,65.73,14.67,64.26,9647,2,,,2505,0.73,,,9600,2.17,,
130.22,180.54,,,15.31,65.73,14.68,64.3,9648,2,,,2506,0.73,,,9601,2.17,,
130.23,180.52,,,15.31,65.73,14.69,64.3,9649,2,,,2508,0.73,,,9602,2.17,,
130.26,180.47,,,15.31,65.74,14.69,64.31,9650,2,,,2509,0.73,,,9603,2.17,,
130.28,180.44,,,15.31,65.74,14.7,64.33,9651,2,,,2510,0.73,,,9604,2.17,,
130.29,180.43,,,15.31,65.75,14.7,64.34,9653,2,,,2513,0.73,,,9605,2.17,,
130.3,180.41,,,15.31,65.75,14.71,64.35,9654,2,,,2516,0.72,,,9606,2.17,,
130.31,180.39,,,15.32,65.75,14.71,64.37,9655,2,,,2517,0.72,,,9607,2.17,,
130.33,180.36,,,15.32,65.76,14.72,64.38,9658,2,,,2520,0.72,,,9608,2.17,,
130.34,180.34,,,15.32,65.76,14.72,64.38,9659,1.99,,,2521,0.72,,,9609,2.17,,
130.35,180.33,,,15.32,65.76,14.73,64.41,9660,1.99,,,2522,0.72,,,9610,2.17,,
130.36,180.31,,,15.32,65.76,14.74,64.43,9661,1.99,,,2526,0.72,,,9611,2.17,,
130.37,180.3,,,15.32,65.77,14.74,64.44,9662,1.99,,,2527,0.72,,,9612,2.17,,
130.38,180.28,,,15.33,65.77,14.75,64.44,9664,1.99,,,2529,0.72,,,9613,2.17,,
130.4,180.25,,,15.33,65.78,14.76,64.46,9666,1.99,,,2532,0.72,,,9614,2.17,,
130.43,180.2,,,15.33,65.78,14.76,64.46,9667,1.99,,,2535,0.71,,,9615,2.17,,
130.45,180.17,,,15.33,65.78,14.76,64.47,9668,1.99,,,2538,0.71,,,9616,2.17,,
130.46,180.15,,,15.33,65.79,14.76,64.47,9669,1.99,,,2539,0.71,,,9617,2.17,,
130.47,180.13,,,15.33,65.79,14.76,64.47,9670,1.99,,,2542,0.71,,,9618,2.17,,
130.49,180.1,,,15.34,65.79,14.77,64.49,9671,1.99,,,2543,0.71,,,9619,2.17,,
130.52,180.05,,,15.34,65.8,14.78,64.51,9672,1.99,,,2545,0.71,,,9620,2.17,,
130.53,180.04,,,15.34,65.8,14.78,64.53,9673,1.99,,,2548,0.71,,,9621,2.17,,
130.54,180.02,,,15.34,65.81,14.79,64.53,9674,1.99,,,2549,0.71,,,9622,2.17,,
130.55,180,,,15.34,65.81,14.79,64.54,9675,1.99,,,2552,0.71,,,9623,2.16,,
130.56,179.99,,,15.34,65.81,14.79,64.55,9677,1.99,,,2554,0.7,,,9624,2.16,,
130.57,179.97,,,15.35,65.82,14.81,64.58,9678,1.99,,,2555,0.7,,,9625,2.16,,
130.58,179.96,,,15.35,65.82,14.81,64.6,9680,1.99,,,2556,0.7,,,9626,2.16,,
130.6,179.92,,,15.35,65.83,14.81,64.6,9681,1.99,,,2557,0.7,,,9627,2.16,,
130.61,179.91,,,15.35,65.83,14.82,64.6,9682,1.99,,,2558,0.7,,,9628,2.16,,
130.62,179.89,,,15.35,65.83,14.82,64.6,9683,1.99,,,2559,0.7,,,9629,2.16,,
130.64,179.86,,,15.35,65.84,14.82,64.61,9685,1.98,,,2562,0.7,,,9630,2.16,,
130.66,179.83,,,15.36,65.85,14.82,64.62,9687,1.98,,,2565,0.7,,,9631,2.16,,
130.69,179.78,,,15.36,65.85,14.82,64.62,9688,1.98,,,2568,0.7,,,9632,2.16,,
130.71,179.75,,,15.36,65.86,14.84,64.66,9689,1.98,,,2570,0.7,,,9633,2.16,,
130.72,179.73,,,15.37,65.87,14.84,64.66,9690,1.98,,,2571,0.7,,,9634,2.16,,
130.73,179.71,,,15.37,65.88,14.85,64.68,9691,1.98,,,2572,0.7,,,9635,2.16,,
130.74,179.7,,,15.38,65.9,14.85,64.69,9692,1.98,,,2574,0.69,,,9636,2.16,,
130.75,179.68,,,15.39,65.91,14.86,64.69,9693,1.98,,,2575,0.69,,,9637,2.16,,
130.77,179.65,,,15.39,65.92,14.87,64.72,9694,1.98,,,2576,0.69,,,9638,2.16,,
130.78,179.63,,,15.4,65.93,14.87,64.73,9695,1.98,,,2577,0.69,,,9639,2.16,,
130.79,179.62,,,15.4,65.94,14.88,64.74,9697,1.98,,,2579,0.69,,,9640,2.16,,
130.82,179.57,,,15.4,65.94,14.88,64.74,9698,1.98,,,2580,0.69,,,9641,2.16,,
130.83,179.55,,,15.4,65.95,14.88,64.75,9700,1.98,,,2582,0.69,,,9642,2.16,,
130.84,179.54,,,15.4,65.95,14.89,64.77,9701,1.98,,,2583,0.69,,,9643,2.16,,
130.87,179.49,,,15.41,65.96,14.89,64.78,9702,1.98,,,2586,0.69,,,9644,2.16,,
130.88,179.47,,,15.41,65.96,14.9,64.79,9703,1.98,,,2588,0.69,,,9645,2.16,,
130.9,179.44,,,15.41,65.97,14.9,64.81,9704,1.98,,,2589,0.69,,,9646,2.15,,
130.92,179.41,,,15.41,65.97,14.91,64.81,9707,1.98,,,2592,0.69,,,9647,2.15,,
130.93,179.39,,,15.41,65.98,14.91,64.82,9710,1.97,,,2594,0.68,,,9648,2.15,,
130.95,179.36,,,15.42,65.98,14.91,64.83,9712,1.97,,,2596,0.68,,,9649,2.15,,
130.96,179.34,,,15.42,65.98,14.91,64.83,9713,1.97,,,2598,0.68,,,9650,2.15,,
130.97,179.33,,,15.42,65.99,14.92,64.84,9714,1.97,,,2599,0.68,,,9651,2.15,,
130.98,179.31,,,15.42,65.99,14.92,64.85,9716,1.97,,,2603,0.68,,,9652,2.15,,
130.99,179.3,,,15.42,65.99,14.93,64.86,9717,1.97,,,2606,0.68,,,9653,2.15,,
131.01,179.26,,,15.43,66,14.93,64.86,9718,1.97,,,2607,0.68,,,9654,2.15,,
131.02,179.25,,,15.43,66,14.93,64.87,9719,1.97,,,2610,0.68,,,9655,2.15,,
131.04,179.22,,,15.43,66.01,14.94,64.88,9722,1.97,,,2611,0.68,,,9656,2.15,,
131.05,179.2,,,15.43,66.01,14.94,64.88,9723,1.97,,,2613,0.68,,,9657,2.15,,
131.06,179.18,,,15.43,66.02,14.94,64.89,9724,1.97,,,2617,0.67,,,9658,2.15,,
131.07,179.17,,,15.43,66.02,14.94,64.89,9725,1.97,,,2621,0.67,,,9659,2.15,,
131.09,179.14,,,15.44,66.02,14.95,64.9,9726,1.97,,,2622,0.67,,,9660,2.15,,
131.1,179.12,,,15.44,66.03,14.95,64.91,9727,1.97,,,2623,0.67,,,9661,2.15,,
131.11,179.1,,,15.44,66.03,14.95,64.92,9730,1.97,,,2624,0.67,,,9662,2.15,,
131.12,179.09,,,15.44,66.03,14.96,64.92,9732,1.97,,,2627,0.67,,,9663,2.15,,
131.14,179.06,,,15.44,66.03,14.96,64.94,9733,1.97,,,2630,0.67,,,9664,2.15,,
131.17,179.01,,,15.44,66.04,14.96,64.94,9734,1.97,,,2631,0.67,,,9665,2.15,,
131.19,178.98,,,15.44,66.04,14.97,64.96,9736,1.96,,,2635,0.67,,,9666,2.15,,
131.2,178.96,,,15.44,66.04,14.97,64.97,9737,1.96,,,2636,0.66,,,9667,2.15,,
131.21,178.94,,,15.45,66.05,14.98,64.97,9738,1.96,,,2639,0.66,,,9668,2.15,,
131.23,178.91,,,15.45,66.06,14.99,65,9739,1.96,,,2641,0.66,,,9669,2.14,,
131.26,178.86,,,15.45,66.06,14.99,65.01,9741,1.96,,,2642,0.66,,,9670,2.14,,
131.28,178.83,,,15.45,66.06,15,65.02,9743,1.96,,,2643,0.66,,,9671,2.14,,
131.29,178.82,,,15.45,66.07,15.01,65.05,9744,1.96,,,2644,0.66,,,9672,2.14,,
131.3,178.8,,,15.46,66.07,15.01,65.05,9747,1.96,,,2645,0.66,,,9673,2.14,,
131.32,178.77,,,15.46,66.07,15.02,65.06,9748,1.96,,,2647,0.66,,,9674,2.14,,
131.35,178.72,,,15.46,66.08,15.02,65.07,9749,1.96,,,2651,0.66,,,9675,2.14,,
131.37,178.69,,,15.46,66.09,15.02,65.07,9751,1.96,,,2653,0.66,,,9676,2.14,,
131.38,178.67,,,15.46,66.09,15.03,65.09,9752,1.96,,,2654,0.66,,,9677,2.14,,
131.4,178.64,,,15.47,66.1,15.03,65.09,9755,1.96,,,2658,0.65,,,9678,2.14,,
131.41,178.62,,,15.47,66.1,15.03,65.1,9756,1.96,,,2659,0.65,,,9679,2.14,,
131.44,178.58,,,15.47,66.1,15.04,65.1,9757,1.96,,,2661,0.65,,,9680,2.14,,
131.45,178.56,,,15.47,66.11,15.04,65.11,9758,1.96,,,2665,0.65,,,9681,2.14,,
131.47,178.53,,,15.47,66.12,15.04,65.12,9760,1.96,,,2669,0.65,,,9682,2.14,,
131.5,178.48,,,15.48,66.12,15.04,65.12,9761,1.95,,,2672,0.65,,,9683,2.14,,
131.51,178.47,,,15.48,66.12,15.04,65.12,9765,1.95,,,2673,0.65,,,9684,2.14,,
131.53,178.43,,,15.48,66.13,15.05,65.14,9766,1.95,,,2675,0.65,,,9685,2.14,,
131.54,178.42,,,15.48,66.13,15.05,65.14,9767,1.95,,,2677,0.65,,,9686,2.14,,
131.55,178.4,,,15.48,66.13,15.06,65.16,9769,1.95,,,2678,0.65,,,9687,2.14,,
131.56,178.39,,,15.48,66.14,15.07,65.18,9770,1.95,,,2681,0.64,,,9688,2.14,,
131.57,178.37,,,15.48,66.14,15.07,65.18,9771,1.95,,,2682,0.64,,,9689,2.14,,
131.59,178.34,,,15.49,66.14,15.07,65.19,9772,1.95,,,2685,0.64,,,9690,2.14,,
131.61,178.31,,,15.49,66.14,15.07,65.19,9774,1.95,,,2688,0.64,,,9691,2.14,,
131.62,178.29,,,15.49,66.15,15.07,65.2,9775,1.95,,,2691,0.64,,,9692,2.13,,
131.63,178.27,,,15.49,66.15,15.08,65.21,9778,1.95,,,2693,0.64,,,9693,2.13,,
131.65,178.24,,,15.49,66.15,15.08,65.22,9779,1.95,,,2696,0.64,,,9694,2.13,,
131.66,178.23,,,15.49,66.16,15.09,65.23,9780,1.95,,,2698,0.64,,,9695,2.13,,
131.67,178.21,,,15.49,66.16,15.09,65.23,9781,1.95,,,2701,0.64,,,9697,2.13,,
131.68,178.2,,,15.5,66.16,15.1,65.24,9784,1.95,,,2703,0.64,,,9698,2.13,,
131.71,178.15,,,15.5,66.17,15.1,65.25,9785,1.95,,,2704,0.63,,,9699,2.13,,
131.72,178.13,,,15.5,66.17,15.1,65.25,9788,1.94,,,2708,0.63,,,9700,2.13,,
131.75,178.08,,,15.5,66.17,15.1,65.26,9790,1.94,,,2709,0.63,,,9701,2.13,,
131.76,178.07,,,15.5,66.17,15.11,65.27,9792,1.94,,,2713,0.63,,,9702,2.13,,
131.77,178.05,,,15.5,66.18,15.11,65.28,9793,1.94,,,2716,0.63,,,9703,2.13,,
131.79,178.02,,,15.5,66.18,15.11,65.28,9794,1.94,,,2717,0.63,,,9704,2.13,,
131.81,177.99,,,15.5,66.18,15.11,65.29,9796,1.94,,,2718,0.63,,,9705,2.13,,
131.82,177.97,,,15.5,66.18,15.12,65.3,9798,1.94,,,2721,0.63,,,9706,2.13,,
131.84,177.94,,,15.51,66.19,15.12,65.3,9800,1.94,,,2723,0.63,,,9707,2.13,,
131.85,177.93,,,15.51,66.19,15.12,65.31,9801,1.94,,,2725,0.63,,,9708,2.13,,
131.86,177.91,,,15.51,66.19,15.13,65.32,9804,1.94,,,2729,0.62,,,9709,2.13,,
131.87,177.89,,,15.51,66.19,15.14,65.34,9805,1.94,,,2732,0.62,,,9710,2.13,,
131.89,177.86,,,15.51,66.2,15.14,65.35,9807,1.94,,,2736,0.62,,,9711,2.13,,
131.9,177.85,,,15.51,66.2,15.15,65.36,9808,1.94,,,2741,0.62,,,9712,2.13,,
131.93,177.8,,,15.51,66.2,15.15,65.37,9809,1.94,,,2742,0.62,,,9713,2.13,,
131.94,177.78,,,15.52,66.21,15.15,65.37,9810,1.94,,,2746,0.62,,,9714,2.13,,
131.95,177.77,,,15.52,66.21,15.16,65.39,9811,1.94,,,2749,0.62,,,9715,2.13,,
131.96,177.75,,,15.52,66.22,15.16,65.39,9812,1.94,,,2751,0.62,,,9716,2.12,,
131.99,177.7,,,15.52,66.22,15.17,65.41,9814,1.93,,,2753,0.61,,,9717,2.12,,
132.02,177.66,,,15.52,66.22,15.17,65.41,9815,1.93,,,2756,0.61,,,9718,2.12,,
132.03,177.64,,,15.52,66.22,15.17,65.42,9816,1.93,,,2757,0.61,,,9719,2.12,,
132.04,177.63,,,15.52,66.23,15.18,65.44,9817,1.93,,,2761,0.61,,,9720,2.12,,
132.05,177.61,,,15.53,66.23,15.19,65.45,9819,1.93,,,2762,0.61,,,9721,2.12,,
132.08,177.56,,,15.53,66.24,15.19,65.46,9821,1.93,,,2767,0.61,,,9722,2.12,,
132.1,177.53,,,15.53,66.24,15.2,65.48,9822,1.93,,,2770,0.61,,,9723,2.12,,
132.11,177.52,,,15.53,66.25,15.2,65.48,9825,1.93,,,2775,0.61,,,9724,2.12,,
132.12,177.5,,,15.54,66.25,15.2,65.49,9826,1.93,,,2776,0.61,,,9725,2.12,,
132.13,177.48,,,15.54,66.26,15.21,65.51,9828,1.93,,,2779,0.6,,,9726,2.12,,
132.14,177.47,,,15.54,66.26,15.21,65.51,9830,1.93,,,2783,0.6,,,9727,2.12,,
132.17,177.42,,,15.54,66.26,15.22,65.53,9832,1.93,,,2787,0.6,,,9728,2.12,,
132.2,177.37,,,15.54,66.26,15.22,65.54,9833,1.93,,,2790,0.6,,,9729,2.12,,
132.21,177.36,,,15.54,66.27,15.23,65.55,9835,1.93,,,2792,0.6,,,9730,2.12,,
132.23,177.33,,,15.54,66.27,15.24,65.57,9837,1.93,,,2796,0.6,,,9731,2.12,,
132.25,177.29,,,15.54,66.27,15.24,65.57,9838,1.93,,,2797,0.6,,,9732,2.12,,
132.26,177.28,,,15.54,66.28,15.24,65.58,9839,1.93,,,2800,0.6,,,9733,2.12,,
132.29,177.23,,,15.55,66.28,15.24,65.58,9842,1.92,,,2804,0.6,,,9734,2.12,,
132.3,177.22,,,15.55,66.28,15.25,65.6,9843,1.92,,,2805,0.6,,,9735,2.12,,
132.31,177.2,,,15.55,66.29,15.25,65.61,9844,1.92,,,2806,0.59,,,9736,2.12,,
132.32,177.18,,,15.55,66.29,15.25,65.61,9846,1.92,,,2810,0.59,,,9737,2.12,,
132.33,177.17,,,15.55,66.29,15.26,65.62,9849,1.92,,,2811,0.59,,,9738,2.12,,
132.35,177.14,,,15.55,66.29,15.27,65.64,9850,1.92,,,2813,0.59,,,9739,2.12,,
132.36,177.12,,,15.55,66.3,15.27,65.64,9851,1.92,,,2814,0.59,,,9740,2.11,,
132.39,177.07,,,15.55,66.3,15.27,65.64,9852,1.92,,,2817,0.59,,,9741,2.11,,
132.42,177.03,,,15.56,66.3,15.28,65.66,9853,1.92,,,2819,0.59,,,9742,2.11,,
132.45,176.98,,,15.56,66.31,15.28,65.67,9855,1.92,,,2822,0.59,,,9743,2.11,,
132.47,176.95,,,15.56,66.31,15.28,65.67,9859,1.92,,,2825,0.59,,,9744,2.11,,
132.48,176.93,,,15.56,66.31,15.29,65.68,9861,1.92,,,2827,0.59,,,9745,2.11,,
132.49,176.92,,,15.56,66.31,15.29,65.68,9863,1.92,,,2831,0.59,,,9746,2.11,,
132.51,176.89,,,15.56,66.32,15.29,65.69,9864,1.92,,,2833,0.59,,,9747,2.11,,
132.52,176.87,,,15.56,66.32,15.29,65.69,9865,1.92,,,2835,0.58,,,9748,2.11,,
132.54,176.84,,,15.56,66.32,15.29,65.7,9868,1.91,,,2840,0.58,,,9749,2.11,,
132.56,176.81,,,15.57,66.33,15.3,65.71,9869,1.91,,,2845,0.58,,,9750,2.11,,
132.57,176.79,,,15.57,66.33,15.3,65.71,9870,1.91,,,2848,0.58,,,9751,2.11,,
132.58,176.78,,,15.57,66.34,15.3,65.72,9872,1.91,,,2849,0.58,,,9752,2.11,,
132.6,176.75,,,15.57,66.34,15.31,65.73,9873,1.91,,,2854,0.58,,,9753,2.11,,
132.61,176.73,,,15.57,66.35,15.31,65.74,9874,1.91,,,2855,0.58,,,9754,2.11,,
132.62,176.71,,,15.58,66.35,15.31,65.74,9876,1.91,,,2858,0.58,,,9755,2.11,,
132.64,176.68,,,15.58,66.35,15.32,65.75,9877,1.91,,,2862,0.57,,,9756,2.11,,
132.66,176.65,,,15.58,66.36,15.32,65.76,9878,1.91,,,2863,0.57,,,9757,2.11,,
132.67,176.64,,,15.58,66.36,15.32,65.76,9879,1.91,,,2867,0.57,,,9758,2.11,,
132.68,176.62,,,15.58,66.36,15.33,65.78,9880,1.91,,,2869,0.57,,,9759,2.11,,
132.69,176.61,,,15.58,66.36,15.33,65.78,9883,1.91,,,2871,0.57,,,9760,2.11,,
132.7,176.59,,,15.59,66.38,15.34,65.8,9884,1.91,,,2876,0.57,,,9761,2.11,,
132.71,176.57,,,15.59,66.38,15.34,65.81,9885,1.91,,,2877,0.57,,,9762,2.11,,
132.73,176.54,,,15.59,66.38,15.34,65.81,9886,1.91,,,2880,0.57,,,9763,2.11,,
132.76,176.5,,,15.6,66.39,15.35,65.82,9890,1.91,,,2884,0.57,,,9764,2.1,,
132.77,176.48,,,15.6,66.39,15.35,65.83,9892,1.91,,,2886,0.57,,,9765,2.1,,
132.79,176.45,,,15.6,66.4,15.35,65.83,9893,1.91,,,2889,0.57,,,9766,2.1,,
132.81,176.42,,,15.6,66.4,15.36,65.84,9894,1.9,,,2891,0.57,,,9767,2.1,,
132.82,176.4,,,15.6,66.4,15.36,65.85,9897,1.9,,,2894,0.56,,,9768,2.1,,
132.83,176.39,,,15.6,66.41,15.36,65.85,9898,1.9,,,2896,0.56,,,9769,2.1,,
132.85,176.36,,,15.6,66.41,15.36,65.86,9899,1.9,,,2898,0.56,,,9770,2.1,,
132.86,176.34,,,15.61,66.41,15.37,65.87,9901,1.9,,,2899,0.56,,,9771,2.1,,
132.88,176.31,,,15.61,66.42,15.38,65.89,9902,1.9,,,2904,0.56,,,9772,2.1,,
132.89,176.29,,,15.61,66.42,15.38,65.89,9903,1.9,,,2905,0.56,,,9774,2.1,,
132.9,176.28,,,15.61,66.42,15.38,65.9,9904,1.9,,,2909,0.56,,,9775,2.1,,
132.91,176.26,,,15.61,66.43,15.39,65.91,9908,1.9,,,2913,0.56,,,9777,2.1,,
132.92,176.25,,,15.61,66.43,15.39,65.92,9909,1.9,,,2917,0.56,,,9779,2.1,,
132.95,176.2,,,15.61,66.43,15.39,65.92,9911,1.9,,,2921,0.56,,,9780,2.1,,
132.98,176.15,,,15.61,66.43,15.39,65.93,9912,1.9,,,2922,0.56,,,9781,2.1,,
132.99,176.14,,,15.61,66.43,15.4,65.94,9913,1.9,,,2926,0.55,,,9782,2.1,,
133,176.12,,,15.62,66.44,15.4,65.95,9914,1.9,,,2929,0.55,,,9783,2.1,,
133.01,176.11,,,15.62,66.44,15.41,65.96,9915,1.9,,,2931,0.55,,,9784,2.1,,
133.02,176.09,,,15.62,66.44,15.42,65.99,9917,1.9,,,2936,0.55,,,9785,2.1,,
133.05,176.04,,,15.62,66.45,15.42,65.99,9921,1.9,,,2940,0.55,,,9786,2.1,,
133.08,176,,,15.62,66.45,15.42,65.99,9922,1.89,,,2944,0.55,,,9787,2.1,,
133.09,175.98,,,15.62,66.45,15.43,66.01,9923,1.89,,,2946,0.55,,,9788,2.09,,
133.1,175.97,,,15.62,66.46,15.44,66.03,9927,1.89,,,2950,0.55,,,9789,2.09,,
133.11,175.95,,,15.63,66.46,15.44,66.03,9928,1.89,,,2951,0.55,,,9790,2.09,,
133.12,175.94,,,15.63,66.47,15.44,66.03,9929,1.89,,,2955,0.54,,,9791,2.09,,
133.14,175.9,,,15.63,66.47,15.45,66.06,9930,1.89,,,2959,0.54,,,9792,2.09,,
133.16,175.87,,,15.63,66.47,15.45,66.06,9931,1.89,,,2960,0.54,,,9794,2.09,,
133.17,175.86,,,15.63,66.48,15.45,66.07,9935,1.89,,,2964,0.54,,,9795,2.09,,
133.19,175.83,,,15.63,66.48,15.46,66.08,9936,1.89,,,2967,0.54,,,9796,2.09,,
133.2,175.81,,,15.64,66.49,15.46,66.08,9939,1.89,,,2969,0.54,,,9797,2.09,,
133.21,175.8,,,15.64,66.49,15.46,66.09,9940,1.89,,,2974,0.54,,,9798,2.09,,
133.22,175.78,,,15.64,66.49,15.46,66.09,9941,1.89,,,2978,0.54,,,9799,2.09,,
133.24,175.75,,,15.64,66.51,15.46,66.09,9942,1.89,,,2982,0.54,,,9800,2.09,,
133.25,175.73,,,15.65,66.51,15.47,66.09,9944,1.89,,,2984,0.54,,,9801,2.09,,
133.27,175.7,,,15.65,66.52,15.47,66.1,9945,1.89,,,2988,0.53,,,9802,2.09,,
133.3,175.66,,,15.65,66.52,15.47,66.1,9949,1.89,,,2990,0.53,,,9803,2.09,,
133.34,175.6,,,15.65,66.52,15.47,66.11,9950,1.88,,,2992,0.53,,,9804,2.09,,
133.35,175.58,,,15.65,66.53,15.47,66.11,9951,1.88,,,2995,0.53,,,9805,2.09,,
133.37,175.55,,,15.66,66.53,15.48,66.12,9952,1.88,,,2998,0.53,,,9806,2.09,,
133.39,175.52,,,15.66,66.53,15.48,66.13,9954,1.88,,,2999,0.53,,,9807,2.09,,
133.4,175.5,,,15.66,66.54,15.48,66.13,9957,1.88,,,3003,0.53,,,9808,2.09,,
133.42,175.47,,,15.66,66.54,15.48,66.14,9959,1.88,,,3006,0.53,,,9809,2.09,,
133.43,175.46,,,15.66,66.54,15.49,66.14,9960,1.88,,,3007,0.53,,,9810,2.09,,
133.44,175.44,,,15.66,66.54,15.49,66.15,9962,1.88,,,3008,0.53,,,9811,2.09,,
133.45,175.43,,,15.66,66.54,15.49,66.15,9964,1.88,,,3012,0.53,,,9812,2.09,,
133.46,175.41,,,15.66,66.55,15.49,66.15,9967,1.88,,,3014,0.53,,,9813,2.08,,
133.49,175.36,,,15.66,66.55,15.49,66.16,9969,1.88,,,3018,0.53,,,9814,2.08,,
133.5,175.35,,,15.66,66.55,15.49,66.16,9970,1.88,,,3021,0.53,,,9815,2.08,,
133.52,175.32,,,15.67,66.55,15.5,66.16,9974,1.88,,,3022,0.52,,,9816,2.08,,
133.53,175.3,,,15.67,66.56,15.5,66.17,9975,1.88,,,3027,0.52,,,9817,2.08,,
133.54,175.29,,,15.67,66.56,15.5,66.17,9976,1.88,,,3030,0.52,,,9818,2.08,,
133.56,175.26,,,15.67,66.56,15.5,66.18,9978,1.87,,,3031,0.52,,,9819,2.08,,
133.57,175.24,,,15.67,66.57,15.5,66.18,9981,1.87,,,3032,0.52,,,9820,2.08,,
133.59,175.21,,,15.67,66.57,15.5,66.18,9982,1.87,,,3037,0.52,,,9822,2.08,,
133.61,175.18,,,15.67,66.57,15.51,66.18,9983,1.87,,,3038,0.52,,,9823,2.08,,
133.62,175.16,,,15.68,66.57,15.51,66.19,9986,1.87,,,3042,0.52,,,9824,2.08,,
133.66,175.1,,,15.68,66.58,15.51,66.19,9987,1.87,,,3047,0.52,,,9825,2.08,,
133.67,175.09,,,15.68,66.58,15.51,66.19,9988,1.87,,,3049,0.52,,,9826,2.08,,
133.69,175.06,,,15.68,66.58,15.51,66.19,9990,1.87,,,3051,0.52,,,9827,2.08,,
133.7,175.04,,,15.68,66.59,15.51,66.2,9991,1.87,,,3054,0.52,,,9828,2.08,,
133.72,175.01,,,15.68,66.59,15.51,66.2,9993,1.87,,,3057,0.52,,,9829,2.08,,
133.73,174.99,,,15.68,66.59,15.52,66.21,9996,1.87,,,3061,0.51,,,9830,2.08,,
133.74,174.98,,,15.68,66.59,15.52,66.21,9998,1.87,,,3062,0.51,,,9831,2.08,,
133.75,174.96,,,15.68,66.6,15.52,66.21,10000,1.87,,,3067,0.51,,,9832,2.08,,
133.76,174.95,,,15.69,66.6,15.52,66.22,10003,1.87,,,3071,0.51,,,9833,2.08,,
133.79,174.9,,,15.69,66.6,15.52,66.22,10005,1.87,,,3077,0.51,,,9834,2.08,,
133.8,174.89,,,15.69,66.6,15.52,66.22,10006,1.87,,,3079,0.51,,,9835,2.08,,
133.82,174.86,,,15.69,66.6,15.53,66.24,10007,1.86,,,3082,0.51,,,9836,2.08,,
133.85,174.81,,,15.69,66.61,15.53,66.24,10008,1.86,,,3087,0.51,,,9837,2.07,,
133.87,174.78,,,15.69,66.61,15.53,66.24,10010,1.86,,,3090,0.51,,,9838,2.07,,
133.88,174.76,,,15.69,66.61,15.53,66.25,10011,1.86,,,3091,0.51,,,9839,2.07,,
133.89,174.75,,,15.69,66.61,15.53,66.25,10012,1.86,,,3092,0.51,,,9840,2.07,,
133.9,174.73,,,15.69,66.62,15.53,66.25,10013,1.86,,,3094,0.51,,,9841,2.07,,
133.91,174.72,,,15.69,66.62,15.54,66.26,10016,1.86,,,3095,0.5,,,9842,2.07,,
133.94,174.67,,,15.7,66.62,15.54,66.26,10017,1.86,,,3098,0.5,,,9843,2.07,,
133.95,174.66,,,15.7,66.63,15.54,66.26,10020,1.86,,,3102,0.5,,,9844,2.07,,
133.97,174.63,,,15.7,66.63,15.54,66.26,10022,1.86,,,3103,0.5,,,9845,2.07,,
133.98,174.61,,,15.7,66.63,15.54,66.27,10023,1.86,,,3105,0.5,,,9846,2.07,,
133.99,174.6,,,15.7,66.63,15.54,66.27,10024,1.86,,,3107,0.5,,,9847,2.07,,
134,174.58,,,15.7,66.64,15.54,66.27,10026,1.86,,,3112,0.5,,,9848,2.07,,
134.01,174.56,,,15.7,66.64,15.55,66.28,10030,1.86,,,3113,0.5,,,9849,2.07,,
134.02,174.55,,,15.7,66.64,15.55,66.29,10031,1.86,,,3117,0.5,,,9850,2.07,,
134.05,174.5,,,15.71,66.64,15.55,66.29,10032,1.86,,,3121,0.5,,,9851,2.07,,
134.06,174.49,,,15.71,66.65,15.55,66.29,10034,1.86,,,3124,0.5,,,9852,2.07,,
134.08,174.46,,,15.71,66.65,15.55,66.29,10037,1.85,,,3128,0.5,,,9853,2.07,,
134.09,174.44,,,15.71,66.65,15.55,66.3,10040,1.85,,,3129,0.5,,,9854,2.07,,
134.11,174.41,,,15.71,66.66,15.56,66.3,10041,1.85,,,3134,0.49,,,9855,2.07,,
134.12,174.4,,,15.71,66.66,15.56,66.31,10042,1.85,,,3138,0.49,,,9856,2.07,,
134.13,174.38,,,15.71,66.66,15.56,66.31,10044,1.85,,,3139,0.49,,,9857,2.07,,
134.14,174.37,,,15.71,66.66,15.56,66.31,10045,1.85,,,3143,0.49,,,9858,2.07,,
134.17,174.32,,,15.71,66.66,15.56,66.32,10046,1.85,,,3145,0.49,,,9859,2.07,,
134.19,174.29,,,15.71,66.67,15.56,66.32,10048,1.85,,,3147,0.49,,,9860,2.07,,
134.21,174.26,,,15.72,66.67,15.56,66.32,10052,1.85,,,3150,0.49,,,9861,2.07,,
134.22,174.24,,,15.72,66.67,15.56,66.32,10053,1.85,,,3156,0.49,,,9862,2.06,,
134.23,174.23,,,15.72,66.68,15.57,66.32,10055,1.85,,,3160,0.49,,,9863,2.06,,
134.24,174.21,,,15.72,66.68,15.57,66.33,10057,1.85,,,3161,0.49,,,9864,2.06,,
134.25,174.2,,,15.72,66.68,15.57,66.33,10058,1.85,,,3164,0.49,,,9865,2.06,,
134.27,174.17,,,15.72,66.68,15.57,66.34,10060,1.85,,,3168,0.49,,,9866,2.06,,
134.29,174.14,,,15.72,66.69,15.57,66.34,10061,1.85,,,3172,0.49,,,9867,2.06,,
134.31,174.11,,,15.72,66.69,15.57,66.35,10062,1.85,,,3173,0.49,,,9868,2.06,,
134.33,174.08,,,15.72,66.69,15.58,66.35,10064,1.85,,,3177,0.48,,,9869,2.06,,
134.34,174.06,,,15.73,66.69,15.58,66.36,10065,1.84,,,3178,0.48,,,9870,2.06,,
134.35,174.05,,,15.73,66.69,15.58,66.36,10066,1.84,,,3180,0.48,,,9871,2.06,,
134.36,174.03,,,15.73,66.7,15.59,66.37,10067,1.84,,,3182,0.48,,,9872,2.06,,
134.37,174.02,,,15.73,66.7,15.59,66.37,10070,1.84,,,3184,0.48,,,9873,2.06,,
134.38,174,,,15.73,66.7,15.59,66.38,10075,1.84,,,3187,0.48,,,9874,2.06,,
134.39,173.99,,,15.73,66.71,15.59,66.38,10076,1.84,,,3188,0.48,,,9875,2.06,,
134.4,173.97,,,15.73,66.71,15.59,66.38,10078,1.84,,,3189,0.48,,,9876,2.06,,
134.42,173.94,,,15.74,66.72,15.6,66.39,10080,1.84,,,3191,0.48,,,9877,2.06,,
134.44,173.91,,,15.74,66.72,15.6,66.39,10082,1.84,,,3194,0.48,,,9878,2.06,,
134.45,173.89,,,15.74,66.72,15.6,66.4,10084,1.84,,,3199,0.48,,,9879,2.06,,
134.46,173.88,,,15.74,66.72,15.6,66.4,10085,1.84,,,3200,0.48,,,9881,2.06,,
134.47,173.86,,,15.74,66.72,15.6,66.4,10087,1.84,,,3206,0.48,,,9882,2.06,,
134.48,173.85,,,15.74,66.73,15.6,66.4,10090,1.84,,,3209,0.48,,,9883,2.06,,
134.49,173.83,,,15.74,66.73,15.6,66.41,10092,1.84,,,3211,0.48,,,9884,2.06,,
134.5,173.82,,,15.74,66.73,15.6,66.41,10093,1.84,,,3213,0.48,,,9885,2.06,,
134.51,173.8,,,15.74,66.74,15.61,66.41,10094,1.83,,,3217,0.47,,,9886,2.06,,
134.52,173.79,,,15.75,66.74,15.61,66.42,10095,1.83,,,3218,0.47,,,9887,2.06,,
134.54,173.76,,,15.75,66.74,15.61,66.42,10097,1.83,,,3220,0.47,,,9888,2.05,,
134.57,173.71,,,15.75,66.74,15.61,66.43,10099,1.83,,,3221,0.47,,,9889,2.05,,
134.58,173.7,,,15.75,66.75,15.61,66.43,10100,1.83,,,3222,0.47,,,9890,2.05,,
134.59,173.68,,,15.75,66.75,15.61,66.43,10102,1.83,,,3223,0.47,,,9891,2.05,,
134.6,173.67,,,15.75,66.75,15.62,66.44,10103,1.83,,,3227,0.47,,,9892,2.05,,
134.64,173.61,,,15.76,66.76,15.62,66.44,10105,1.83,,,3229,0.47,,,9893,2.05,,
134.67,173.56,,,15.76,66.76,15.62,66.44,10108,1.83,,,3234,0.47,,,9894,2.05,,
134.68,173.54,,,15.76,66.77,15.62,66.45,10109,1.83,,,3236,0.47,,,9895,2.05,,
134.69,173.53,,,15.76,66.77,15.62,66.45,10111,1.83,,,3240,0.47,,,9896,2.05,,
134.7,173.51,,,15.76,66.77,15.62,66.45,10114,1.83,,,3246,0.47,,,9897,2.05,,
134.71,173.5,,,15.76,66.77,15.62,66.46,10115,1.83,,,3252,0.47,,,9898,2.05,,
134.73,173.47,,,15.76,66.77,15.63,66.46,10116,1.83,,,3255,0.47,,,9899,2.05,,
134.74,173.45,,,15.76,66.78,15.63,66.46,10118,1.83,,,3258,0.47,,,9900,2.05,,
134.77,173.41,,,15.77,66.78,15.63,66.46,10120,1.83,,,3263,0.46,,,9901,2.05,,
134.78,173.39,,,15.77,66.78,15.63,66.47,10122,1.83,,,3264,0.46,,,9902,2.05,,
134.79,173.38,,,15.77,66.79,15.63,66.47,10123,1.83,,,3269,0.46,,,9903,2.05,,
134.8,173.36,,,15.77,66.79,15.63,66.47,10124,1.82,,,3274,0.46,,,9904,2.05,,
134.82,173.33,,,15.77,66.79,15.63,66.48,10128,1.82,,,3276,0.46,,,9905,2.05,,
134.83,173.32,,,15.77,66.79,15.63,66.48,10129,1.82,,,3282,0.46,,,9906,2.05,,
134.87,173.26,,,15.77,66.8,15.63,66.48,10132,1.82,,,3283,0.46,,,9907,2.05,,
134.9,173.21,,,15.77,66.8,15.63,66.48,10133,1.82,,,3287,0.46,,,9908,2.05,,
134.91,173.2,,,15.78,66.81,15.64,66.49,10134,1.82,,,3292,0.46,,,9909,2.05,,
134.93,173.17,,,15.78,66.81,15.64,66.49,10135,1.82,,,3294,0.46,,,9911,2.05,,
134.94,173.15,,,15.78,66.81,15.64,66.5,10138,1.82,,,3299,0.46,,,9912,2.05,,
134.96,173.12,,,15.78,66.81,15.64,66.5,10139,1.82,,,3303,0.46,,,9913,2.04,,
134.97,173.11,,,15.78,66.82,15.64,66.5,10140,1.82,,,3306,0.45,,,9914,2.04,,
135,173.06,,,15.78,66.82,15.65,66.51,10143,1.82,,,3311,0.45,,,9915,2.04,,
135.01,173.05,,,15.79,66.83,15.65,66.51,10144,1.82,,,3312,0.45,,,9916,2.04,,
135.02,173.03,,,15.79,66.83,15.65,66.52,10145,1.82,,,3318,0.45,,,9917,2.04,,
135.03,173.02,,,15.79,66.83,15.65,66.52,10146,1.82,,,3321,0.45,,,9918,2.04,,
135.06,172.97,,,15.79,66.84,15.65,66.52,10149,1.82,,,3324,0.45,,,9919,2.04,,
135.07,172.96,,,15.79,66.84,15.65,66.52,10150,1.82,,,3325,0.45,,,9920,2.04,,
135.1,172.91,,,15.79,66.84,15.65,66.53,10152,1.82,,,3330,0.45,,,9921,2.04,,
135.11,172.9,,,15.79,66.85,15.66,66.53,10153,1.82,,,3331,0.45,,,9922,2.04,,
135.13,172.87,,,15.8,66.85,15.66,66.53,10155,1.81,,,3336,0.45,,,9924,2.04,,
135.14,172.85,,,15.8,66.86,15.66,66.54,10159,1.81,,,3340,0.45,,,9925,2.04,,
135.15,172.84,,,15.8,66.86,15.66,66.54,10160,1.81,,,3342,0.45,,,9926,2.04,,
135.17,172.81,,,15.8,66.86,15.66,66.54,10162,1.81,,,3348,0.45,,,9927,2.04,,
135.2,172.76,,,15.8,66.86,15.66,66.54,10163,1.81,,,3351,0.45,,,9928,2.04,,
135.21,172.75,,,15.8,66.87,15.66,66.54,10164,1.81,,,3355,0.44,,,9929,2.04,,
135.22,172.73,,,15.8,66.87,15.66,66.55,10165,1.81,,,3357,0.44,,,9930,2.04,,
135.23,172.72,,,15.8,66.87,15.66,66.55,10166,1.81,,,3360,0.44,,,9931,2.04,,
135.24,172.7,,,15.8,66.87,15.67,66.55,10168,1.81,,,3361,0.44,,,9932,2.04,,
135.26,172.67,,,15.81,66.88,15.67,66.56,10172,1.81,,,3366,0.44,,,9933,2.04,,
135.27,172.66,,,15.81,66.88,15.67,66.56,10175,1.81,,,3369,0.44,,,9934,2.04,,
135.29,172.63,,,15.81,66.89,15.67,66.56,10176,1.81,,,3373,0.44,,,9935,2.04,,
135.3,172.61,,,15.81,66.89,15.67,66.56,10178,1.81,,,3380,0.44,,,9936,2.04,,
135.32,172.58,,,15.81,66.89,15.67,66.57,10179,1.81,,,3384,0.44,,,9937,2.04,,
135.33,172.57,,,15.81,66.89,15.67,66.57,10181,1.81,,,3389,0.44,,,9938,2.04,,
135.34,172.55,,,15.81,66.9,15.68,66.58,10183,1.81,,,3391,0.44,,,9939,2.03,,
135.35,172.54,,,15.82,66.9,15.68,66.59,10187,1.8,,,3397,0.44,,,9940,2.03,,
135.37,172.51,,,15.82,66.91,15.68,66.59,10190,1.8,,,3398,0.44,,,9941,2.03,,
135.39,172.48,,,15.82,66.91,15.68,66.6,10193,1.8,,,3399,0.44,,,9942,2.03,,
135.4,172.46,,,15.82,66.91,15.69,66.6,10194,1.8,,,3404,0.43,,,9943,2.03,,
135.41,172.45,,,15.82,66.92,15.69,66.6,10197,1.8,,,3405,0.43,,,9944,2.03,,
135.42,172.43,,,15.82,66.92,15.69,66.6,10198,1.8,,,3409,0.43,,,9945,2.03,,
135.43,172.42,,,15.83,66.93,15.69,66.61,10200,1.8,,,3410,0.43,,,9946,2.03,,
135.47,172.36,,,15.83,66.93,15.69,66.62,10201,1.8,,,3417,0.43,,,9947,2.03,,
135.49,172.33,,,15.83,66.93,15.7,66.62,10202,1.8,,,3419,0.43,,,9948,2.03,,
135.5,172.31,,,15.83,66.94,15.7,66.63,10204,1.8,,,3423,0.43,,,9949,2.03,,
135.52,172.28,,,15.84,66.95,15.7,66.63,10207,1.8,,,3427,0.43,,,9950,2.03,,
135.53,172.27,,,15.84,66.95,15.7,66.63,10211,1.8,,,3429,0.43,,,9951,2.03,,
135.56,172.22,,,15.85,66.97,15.7,66.63,10212,1.8,,,3436,0.43,,,9952,2.03,,
135.57,172.21,,,15.85,66.97,15.7,66.64,10213,1.8,,,3440,0.43,,,9953,2.03,,
135.59,172.18,,,15.85,66.98,15.7,66.64,10215,1.8,,,3442,0.43,,,9954,2.03,,
135.6,172.16,,,15.86,66.99,15.71,66.65,10217,1.79,,,3443,0.43,,,9955,2.03,,
135.61,172.15,,,15.86,67,15.71,66.66,10218,1.79,,,3445,0.43,,,9956,2.03,,
135.62,172.13,,,15.86,67.01,15.71,66.66,10219,1.79,,,3446,0.43,,,9957,2.03,,
135.63,172.12,,,15.86,67.01,15.71,66.66,10220,1.79,,,3447,0.43,,,9958,2.03,,
135.64,172.1,,,15.87,67.02,15.71,66.67,10221,1.79,,,3448,0.43,,,9959,2.03,,
135.65,172.09,,,15.87,67.03,15.72,66.67,10227,1.79,,,3449,0.43,,,9960,2.03,,
135.67,172.06,,,15.88,67.04,15.72,66.68,10228,1.79,,,3450,0.43,,,9961,2.03,,
135.7,172.01,,,15.88,67.05,15.72,66.68,10229,1.79,,,3455,0.43,,,9962,2.03,,
135.71,172,,,15.88,67.05,15.72,66.69,10230,1.79,,,3457,0.42,,,9963,2.03,,
135.73,171.97,,,15.88,67.05,15.73,66.69,10233,1.79,,,3460,0.42,,,9964,2.03,,
135.74,171.95,,,15.89,67.06,15.73,66.7,10234,1.79,,,3461,0.42,,,9965,2.02,,
135.76,171.92,,,15.89,67.07,15.73,66.71,10236,1.79,,,3468,0.42,,,9966,2.02,,
135.77,171.91,,,15.89,67.07,15.73,66.71,10238,1.79,,,3470,0.42,,,9967,2.02,,
135.78,171.89,,,15.89,67.07,15.74,66.72,10241,1.79,,,3475,0.42,,,9968,2.02,,
135.8,171.86,,,15.89,67.08,15.74,66.72,10243,1.79,,,3480,0.42,,,9969,2.02,,
135.81,171.85,,,15.9,67.09,15.74,66.72,10246,1.79,,,3481,0.42,,,9970,2.02,,
135.84,171.8,,,15.9,67.09,15.74,66.73,10247,1.78,,,3487,0.42,,,9971,2.02,,
135.87,171.76,,,15.9,67.09,15.74,66.74,10249,1.78,,,3490,0.42,,,9972,2.02,,
135.89,171.73,,,15.9,67.09,15.75,66.74,10251,1.78,,,3494,0.42,,,9973,2.02,,
135.91,171.7,,,15.9,67.1,15.75,66.74,10253,1.78,,,3500,0.42,,,9974,2.02,,
135.94,171.66,,,15.9,67.1,15.75,66.75,10254,1.78,,,3501,0.42,,,9975,2.02,,
135.95,171.64,,,15.91,67.11,15.75,66.75,10259,1.78,,,3507,0.42,,,9977,2.02,,
135.96,171.63,,,15.91,67.12,15.75,66.75,10263,1.78,,,3511,0.41,,,9978,2.02,,
135.97,171.61,,,15.91,67.12,15.75,66.75,10266,1.78,,,3514,0.41,,,9979,2.02,,
135.98,171.6,,,15.92,67.14,15.75,66.76,10267,1.78,,,3520,0.41,,,9980,2.02,,
135.99,171.58,,,15.92,67.14,15.76,66.76,10269,1.78,,,3521,0.41,,,9981,2.02,,
136.01,171.55,,,15.93,67.15,15.76,66.76,10271,1.78,,,3522,0.41,,,9982,2.02,,
136.05,171.49,,,15.93,67.16,15.76,66.76,10274,1.78,,,3527,0.41,,,9983,2.02,,
136.07,171.46,,,15.93,67.16,15.76,66.77,10278,1.78,,,3531,0.41,,,9984,2.02,,
136.08,171.45,,,15.93,67.17,15.76,66.77,10281,1.77,,,3532,0.41,,,9985,2.02,,
136.11,171.4,,,15.93,67.17,15.76,66.77,10283,1.77,,,3539,0.41,,,9986,2.02,,
136.13,171.37,,,15.94,67.17,15.76,66.78,10286,1.77,,,3542,0.41,,,9987,2.02,,
136.15,171.34,,,15.94,67.18,15.77,66.78,10287,1.77,,,3546,0.41,,,9988,2.02,,
136.16,171.33,,,15.94,67.18,15.77,66.79,10293,1.77,,,3547,0.41,,,9989,2.02,,
136.17,171.31,,,15.94,67.18,15.77,66.79,10294,1.77,,,3552,0.41,,,9990,2.02,,
136.18,171.3,,,15.94,67.18,15.77,66.79,10297,1.77,,,3553,0.41,,,9991,2.02,,
136.19,171.28,,,15.94,67.19,15.77,66.8,10300,1.77,,,3559,0.41,,,9992,2.01,,
136.22,171.24,,,15.94,67.19,15.77,66.8,10304,1.77,,,3564,0.41,,,9993,2.01,,
136.25,171.2,,,15.95,67.2,15.77,66.8,10306,1.77,,,3566,0.41,,,9994,2.01,,
136.26,171.18,,,15.95,67.2,15.77,66.8,10310,1.77,,,3572,0.4,,,9995,2.01,,
136.27,171.17,,,15.95,67.2,15.78,66.8,10313,1.76,,,3574,0.4,,,9996,2.01,,
136.28,171.15,,,15.95,67.21,15.78,66.81,10314,1.76,,,3578,0.4,,,9997,2.01,,
136.31,171.11,,,15.95,67.21,15.78,66.81,10315,1.76,,,3585,0.4,,,9998,2.01,,
136.32,171.09,,,15.95,67.21,15.78,66.82,10319,1.76,,,3586,0.4,,,9999,2.01,,
136.35,171.05,,,15.95,67.21,15.78,66.82,10324,1.76,,,3592,0.4,,,10000,2.01,,
136.36,171.03,,,15.95,67.22,15.78,66.82,10328,1.76,,,3596,0.4,,,10001,2.01,,
136.37,171.02,,,15.96,67.22,15.79,66.83,10333,1.76,,,3599,0.4,,,10002,2.01,,
136.38,171,,,15.96,67.23,15.79,66.83,10336,1.76,,,3605,0.4,,,10003,2.01,,
136.39,170.99,,,15.96,67.23,15.8,66.86,10337,1.76,,,3606,0.4,,,10004,2.01,,
136.42,170.94,,,15.96,67.23,15.8,66.86,10341,1.76,,,3612,0.4,,,10005,2.01,,
136.43,170.93,,,15.96,67.23,15.8,66.87,10342,1.76,,,3617,0.4,,,10006,2.01,,
136.46,170.89,,,15.96,67.23,15.82,66.91,10343,1.75,,,3619,0.4,,,10007,2.01,,
136.47,170.87,,,15.96,67.24,15.82,66.91,10344,1.75,,,3626,0.4,,,10008,2.01,,
136.48,170.86,,,15.96,67.24,15.82,66.91,10349,1.75,,,3628,0.4,,,10009,2.01,,
136.49,170.84,,,15.97,67.24,15.83,66.92,10351,1.75,,,3632,0.39,,,10010,2.01,,
136.52,170.8,,,15.97,67.25,15.83,66.93,10353,1.75,,,3633,0.39,,,10011,2.01,,
136.54,170.77,,,15.97,67.25,15.83,66.93,10354,1.75,,,3634,0.39,,,10012,2.01,,
136.55,170.75,,,15.97,67.25,15.83,66.93,10357,1.75,,,3638,0.39,,,10013,2.01,,
136.56,170.74,,,15.97,67.25,15.83,66.94,10363,1.75,,,3645,0.39,,,10014,2.01,,
136.58,170.71,,,15.97,67.26,15.84,66.94,10364,1.75,,,3650,0.39,,,10015,2.01,,
136.59,170.69,,,15.97,67.26,15.84,66.95,10366,1.75,,,3652,0.39,,,10016,2.01,,
136.6,170.68,,,15.97,67.26,15.84,66.95,10369,1.75,,,3658,0.39,,,10017,2.01,,
136.61,170.66,,,15.97,67.26,15.84,66.96,10370,1.75,,,3661,0.39,,,10018,2,,
136.63,170.64,,,15.98,67.27,15.84,66.96,10373,1.75,,,3665,0.39,,,10019,2,,
136.65,170.61,,,15.98,67.27,15.85,66.97,10375,1.75,,,3671,0.39,,,10020,2,,
136.66,170.59,,,15.98,67.27,15.85,66.98,10377,1.74,,,3672,0.39,,,10021,2,,
136.69,170.55,,,15.98,67.27,15.85,66.98,10378,1.74,,,3678,0.39,,,10022,2,,
136.7,170.53,,,15.98,67.28,15.85,66.98,10381,1.74,,,3682,0.39,,,10023,2,,
136.73,170.49,,,15.98,67.28,15.86,66.99,10386,1.74,,,3685,0.39,,,10024,2,,
136.75,170.46,,,15.98,67.28,15.86,66.99,10387,1.74,,,3692,0.39,,,10025,2,,
136.76,170.44,,,15.98,67.28,15.86,66.99,10391,1.74,,,3693,0.39,,,10026,2,,
136.77,170.43,,,15.98,67.29,15.86,67,10393,1.74,,,3698,0.38,,,10027,2,,
136.8,170.39,,,15.99,67.29,15.86,67,10395,1.74,,,3699,0.38,,,10028,2,,
136.82,170.36,,,15.99,67.29,15.86,67,10401,1.74,,,3705,0.38,,,10029,2,,
136.83,170.34,,,15.99,67.29,15.86,67.01,10402,1.74,,,3706,0.38,,,10030,2,,
136.84,170.33,,,15.99,67.3,15.87,67.01,10403,1.74,,,3713,0.38,,,10031,2,,
136.86,170.3,,,15.99,67.3,15.87,67.01,10404,1.74,,,3716,0.38,,,10032,2,,
136.87,170.28,,,15.99,67.3,15.87,67.02,10407,1.74,,,3720,0.38,,,10033,2,,
136.89,170.25,,,15.99,67.3,15.87,67.02,10410,1.73,,,3727,0.38,,,10034,2,,
136.9,170.24,,,15.99,67.31,15.87,67.02,10413,1.73,,,3728,0.38,,,10035,2,,
136.91,170.22,,,15.99,67.31,15.87,67.03,10417,1.73,,,3733,0.38,,,10036,2,,
136.94,170.18,,,16,67.31,15.88,67.03,10418,1.73,,,3739,0.38,,,10037,2,,
136.95,170.17,,,16,67.32,15.88,67.04,10420,1.73,,,3741,0.38,,,10038,2,,
136.97,170.14,,,16,67.32,15.88,67.06,10421,1.73,,,3743,0.38,,,10039,2,,
137.01,170.08,,,16,67.32,15.89,67.06,10422,1.73,,,3747,0.38,,,10040,2,,
137.02,170.06,,,16,67.32,15.89,67.06,10426,1.73,,,3750,0.38,,,10041,2,,
137.03,170.05,,,16,67.33,15.89,67.07,10427,1.73,,,3753,0.38,,,10042,2,,
137.04,170.03,,,16,67.33,15.89,67.07,10430,1.73,,,3755,0.38,,,10043,2,,
137.07,169.99,,,16,67.33,15.89,67.07,10431,1.73,,,3757,0.38,,,10045,1.99,,
137.11,169.93,,,16,67.33,15.89,67.08,10434,1.73,,,3761,0.38,,,10046,1.99,,
137.12,169.92,,,16.01,67.34,15.9,67.09,10436,1.73,,,3762,0.38,,,10047,1.99,,
137.13,169.9,,,16.01,67.34,15.9,67.1,10437,1.73,,,3768,0.37,,,10048,1.99,,
137.15,169.87,,,16.01,67.34,15.9,67.1,10440,1.73,,,3773,0.37,,,10049,1.99,,
137.17,169.85,,,16.01,67.34,15.91,67.11,10442,1.73,,,3775,0.37,,,10050,1.99,,
137.18,169.83,,,16.01,67.34,15.91,67.11,10445,1.72,,,3782,0.37,,,10051,1.99,,
137.22,169.77,,,16.01,67.35,15.91,67.12,10446,1.72,,,3784,0.37,,,10052,1.99,,
137.23,169.76,,,16.01,67.35,15.91,67.12,10449,1.72,,,3789,0.37,,,10053,1.99,,
137.24,169.74,,,16.01,67.35,15.91,67.12,10450,1.72,,,3795,0.37,,,10054,1.99,,
137.25,169.73,,,16.01,67.35,15.91,67.12,10454,1.72,,,3803,0.37,,,10055,1.99,,
137.29,169.67,,,16.02,67.36,15.92,67.13,10455,1.72,,,3808,0.37,,,10056,1.99,,
137.31,169.64,,,16.02,67.36,15.92,67.14,10459,1.72,,,3810,0.37,,,10057,1.99,,
137.32,169.63,,,16.02,67.36,15.92,67.14,10462,1.72,,,3816,0.37,,,10058,1.99,,
137.35,169.58,,,16.02,67.36,15.92,67.14,10467,1.72,,,3819,0.37,,,10059,1.99,,
137.36,169.57,,,16.02,67.37,15.93,67.15,10470,1.72,,,3824,0.37,,,10060,1.99,,
137.39,169.52,,,16.02,67.37,15.93,67.15,10471,1.72,,,3830,0.37,,,10061,1.99,,
137.41,169.5,,,16.02,67.37,15.93,67.15,10473,1.72,,,3831,0.37,,,10062,1.99,,
137.42,169.48,,,16.02,67.37,15.93,67.16,10477,1.71,,,3838,0.36,,,10063,1.99,,
137.43,169.47,,,16.02,67.37,15.93,67.16,10478,1.71,,,3842,0.36,,,10064,1.99,,
137.46,169.42,,,16.02,67.38,15.93,67.16,10480,1.71,,,3845,0.36,,,10065,1.99,,
137.48,169.39,,,16.02,67.38,15.94,67.17,10483,1.71,,,3852,0.36,,,10066,1.99,,
137.5,169.37,,,16.03,67.38,15.94,67.18,10484,1.71,,,3854,0.36,,,10067,1.99,,
137.52,169.34,,,16.03,67.38,15.94,67.18,10490,1.71,,,3859,0.36,,,10068,1.99,,
137.53,169.32,,,16.03,67.39,15.94,67.18,10491,1.71,,,3865,0.36,,,10069,1.99,,
137.55,169.29,,,16.03,67.39,15.94,67.19,10493,1.71,,,3866,0.36,,,10070,1.99,,
137.57,169.26,,,16.03,67.39,15.94,67.19,10497,1.71,,,3867,0.36,,,10071,1.99,,
137.59,169.23,,,16.03,67.39,15.94,67.19,10500,1.71,,,3873,0.36,,,10072,1.98,,
137.6,169.22,,,16.03,67.4,15.95,67.2,10504,1.71,,,3878,0.36,,,10073,1.98,,
137.61,169.21,,,16.03,67.4,15.95,67.2,10505,1.71,,,3880,0.36,,,10074,1.98,,
137.64,169.16,,,16.03,67.4,15.95,67.2,10507,1.71,,,3886,0.36,,,10075,1.98,,
137.65,169.15,,,16.04,67.4,15.95,67.2,10509,1.71,,,3888,0.36,,,10076,1.98,,
137.67,169.12,,,16.04,67.4,15.95,67.21,10512,1.7,,,3889,0.36,,,10077,1.98,,
137.68,169.1,,,16.04,67.41,15.95,67.22,10514,1.7,,,3895,0.36,,,10078,1.98,,
137.7,169.08,,,16.04,67.41,15.96,67.22,10517,1.7,,,3901,0.36,,,10079,1.98,,
137.71,169.06,,,16.04,67.41,15.96,67.22,10520,1.7,,,3902,0.36,,,10081,1.98,,
137.72,169.05,,,16.04,67.41,15.96,67.23,10521,1.7,,,3903,0.36,,,10082,1.98,,
137.74,169.02,,,16.04,67.42,15.96,67.23,10525,1.7,,,3909,0.36,,,10083,1.98,,
137.75,169,,,16.04,67.42,15.96,67.23,10527,1.7,,,3911,0.35,,,10084,1.98,,
137.78,168.96,,,16.04,67.42,15.96,67.23,10529,1.7,,,3913,0.35,,,10085,1.98,,
137.79,168.95,,,16.04,67.42,15.96,67.24,10531,1.7,,,3916,0.35,,,10086,1.98,,
137.81,168.92,,,16.05,67.43,15.96,67.24,10534,1.7,,,3923,0.35,,,10087,1.98,,
137.83,168.89,,,16.05,67.43,15.97,67.24,10537,1.7,,,3924,0.35,,,10088,1.98,,
137.85,168.86,,,16.05,67.43,15.97,67.25,10539,1.7,,,3931,0.35,,,10089,1.98,,
137.86,168.84,,,16.05,67.43,15.97,67.25,10540,1.7,,,3936,0.35,,,10090,1.98,,
137.88,168.82,,,16.05,67.43,15.97,67.25,10543,1.7,,,3938,0.35,,,10091,1.98,,
137.89,168.8,,,16.05,67.44,15.97,67.25,10546,1.69,,,3945,0.35,,,10092,1.98,,
137.9,168.79,,,16.05,67.44,15.97,67.26,10547,1.69,,,3949,0.35,,,10093,1.98,,
137.91,168.77,,,16.05,67.44,15.97,67.26,10548,1.69,,,3952,0.35,,,10094,1.98,,
137.92,168.76,,,16.05,67.44,15.97,67.26,10550,1.69,,,3960,0.35,,,10095,1.98,,
137.95,168.71,,,16.05,67.45,15.97,67.26,10552,1.69,,,3961,0.35,,,10096,1.98,,
137.96,168.7,,,16.05,67.45,15.98,67.27,10556,1.69,,,3966,0.35,,,10097,1.98,,
137.99,168.66,,,16.06,67.45,15.98,67.27,10557,1.69,,,3973,0.35,,,10098,1.98,,
138.01,168.63,,,16.06,67.45,15.98,67.27,10564,1.69,,,3975,0.35,,,10099,1.98,,
138.03,168.6,,,16.06,67.46,15.98,67.27,10565,1.69,,,3982,0.35,,,10100,1.97,,
138.06,168.56,,,16.06,67.46,15.98,67.28,10569,1.69,,,3985,0.35,,,10101,1.97,,
138.08,168.53,,,16.06,67.46,15.98,67.28,10570,1.69,,,3988,0.35,,,10102,1.97,,
138.09,168.51,,,16.06,67.46,15.98,67.28,10573,1.69,,,3995,0.34,,,10104,1.97,,
138.1,168.5,,,16.06,67.46,15.98,67.29,10578,1.69,,,3996,0.34,,,10105,1.97,,
138.11,168.48,,,16.06,67.47,15.98,67.29,10579,1.69,,,3998,0.34,,,10106,1.97,,
138.12,168.47,,,16.06,67.47,15.99,67.29,10582,1.68,,,4001,0.34,,,10107,1.97,,
138.14,168.44,,,16.07,67.47,15.99,67.3,10583,1.68,,,4004,0.34,,,10108,1.97,,
138.16,168.41,,,16.07,67.47,15.99,67.3,10588,1.68,,,4010,0.34,,,10109,1.97,,
138.17,168.4,,,16.07,67.48,15.99,67.31,10590,1.68,,,4012,0.34,,,10110,1.97,,
138.2,168.35,,,16.07,67.48,15.99,67.31,10593,1.68,,,4019,0.34,,,10111,1.97,,
138.21,168.34,,,16.07,67.48,16,67.31,10595,1.68,,,4021,0.34,,,10112,1.97,,
138.23,168.31,,,16.07,67.48,16,67.32,10597,1.68,,,4026,0.34,,,10113,1.97,,
138.24,168.3,,,16.07,67.49,16,67.33,10603,1.68,,,4032,0.34,,,10114,1.97,,
138.28,168.24,,,16.07,67.49,16,67.33,10604,1.68,,,4033,0.34,,,10115,1.97,,
138.3,168.21,,,16.07,67.49,16.01,67.34,10607,1.68,,,4034,0.34,,,10116,1.97,,
138.31,168.2,,,16.07,67.49,16.01,67.34,10611,1.68,,,4041,0.34,,,10117,1.97,,
138.35,168.14,,,16.07,67.49,16.01,67.35,10615,1.68,,,4046,0.34,,,10118,1.97,,
138.36,168.13,,,16.08,67.5,16.01,67.35,10619,1.67,,,4048,0.34,,,10119,1.97,,
138.37,168.11,,,16.08,67.5,16.01,67.35,10623,1.67,,,4049,0.34,,,10120,1.97,,
138.39,168.08,,,16.08,67.5,16.02,67.36,10624,1.67,,,4054,0.34,,,10121,1.97,,
138.41,168.05,,,16.08,67.5,16.02,67.36,10627,1.67,,,4055,0.34,,,10122,1.97,,
138.42,168.04,,,16.08,67.51,16.02,67.36,10629,1.67,,,4059,0.34,,,10123,1.97,,
138.44,168.01,,,16.08,67.51,16.02,67.37,10635,1.67,,,4063,0.34,,,10125,1.97,,
138.46,167.98,,,16.08,67.51,16.02,67.37,10637,1.67,,,4071,0.34,,,10126,1.97,,
138.49,167.94,,,16.08,67.51,16.02,67.38,10639,1.67,,,4079,0.33,,,10127,1.97,,
138.51,167.91,,,16.08,67.52,16.02,67.38,10642,1.67,,,4083,0.33,,,10128,1.96,,
138.52,167.9,,,16.09,67.52,16.03,67.39,10644,1.67,,,4084,0.33,,,10129,1.96,,
138.53,167.88,,,16.09,67.52,16.03,67.39,10647,1.67,,,4086,0.33,,,10130,1.96,,
138.54,167.87,,,16.09,67.52,16.03,67.39,10649,1.67,,,4094,0.33,,,10131,1.96,,
138.56,167.84,,,16.09,67.52,16.03,67.4,10654,1.66,,,4097,0.33,,,10132,1.96,,
138.57,167.83,,,16.09,67.53,16.04,67.41,10656,1.66,,,4102,0.33,,,10133,1.96,,
138.6,167.78,,,16.09,67.53,16.04,67.41,10658,1.66,,,4106,0.33,,,10134,1.96,,
138.61,167.77,,,16.09,67.53,16.04,67.41,10660,1.66,,,4110,0.33,,,10135,1.96,,
138.63,167.74,,,16.09,67.53,16.04,67.42,10665,1.66,,,4111,0.33,,,10136,1.96,,
138.64,167.73,,,16.09,67.54,16.04,67.42,10666,1.66,,,4112,0.33,,,10137,1.96,,
138.67,167.68,,,16.09,67.54,16.05,67.43,10669,1.66,,,4113,0.33,,,10139,1.96,,
138.68,167.67,,,16.09,67.54,16.05,67.43,10670,1.66,,,4114,0.33,,,10140,1.96,,
138.71,167.63,,,16.1,67.54,16.05,67.44,10672,1.66,,,4115,0.33,,,10141,1.96,,
138.72,167.61,,,16.1,67.55,16.05,67.44,10678,1.66,,,4117,0.33,,,10142,1.96,,
138.74,167.58,,,16.1,67.55,16.05,67.44,10682,1.66,,,4122,0.33,,,10143,1.96,,
138.75,167.57,,,16.1,67.55,16.05,67.45,10683,1.66,,,4125,0.33,,,10144,1.96,,
138.76,167.55,,,16.1,67.55,16.06,67.45,10686,1.66,,,4131,0.33,,,10145,1.96,,
138.78,167.53,,,16.1,67.56,16.06,67.46,10690,1.66,,,4132,0.33,,,10146,1.96,,
138.8,167.5,,,16.1,67.56,16.06,67.46,10692,1.65,,,4136,0.33,,,10147,1.96,,
138.81,167.48,,,16.11,67.56,16.06,67.46,10696,1.65,,,4140,0.33,,,10148,1.96,,
138.82,167.47,,,16.11,67.57,16.06,67.46,10698,1.65,,,4145,0.33,,,10149,1.96,,
138.85,167.43,,,16.11,67.57,16.06,67.47,10700,1.65,,,4148,0.33,,,10150,1.96,,
138.88,167.38,,,16.11,67.57,16.07,67.47,10705,1.65,,,4149,0.33,,,10151,1.96,,
138.89,167.37,,,16.11,67.57,16.07,67.47,10708,1.65,,,4155,0.33,,,10152,1.96,,
138.91,167.34,,,16.11,67.57,16.07,67.48,10709,1.65,,,4161,0.33,,,10153,1.96,,
138.92,167.33,,,16.11,67.58,16.07,67.48,10713,1.65,,,4163,0.33,,,10154,1.96,,
138.93,167.31,,,16.11,67.58,16.07,67.49,10715,1.65,,,4171,0.32,,,10155,1.96,,
138.94,167.3,,,16.11,67.58,16.07,67.49,10719,1.65,,,4176,0.32,,,10156,1.95,,
138.96,167.27,,,16.11,67.58,16.07,67.49,10724,1.65,,,4177,0.32,,,10157,1.95,,
138.99,167.23,,,16.11,67.59,16.07,67.49,10725,1.65,,,4178,0.32,,,10158,1.95,,
139,167.21,,,16.12,67.59,16.08,67.5,10726,1.65,,,4185,0.32,,,10160,1.95,,
139.01,167.2,,,16.12,67.59,16.08,67.5,10728,1.64,,,4187,0.32,,,10161,1.95,,
139.02,167.18,,,16.12,67.59,16.08,67.5,10731,1.64,,,4188,0.32,,,10162,1.95,,
139.03,167.17,,,16.12,67.6,16.08,67.5,10733,1.64,,,4193,0.32,,,10163,1.95,,
139.04,167.16,,,16.12,67.6,16.08,67.51,10737,1.64,,,4199,0.32,,,10164,1.95,,
139.07,167.11,,,16.12,67.6,16.08,67.51,10740,1.64,,,4201,0.32,,,10165,1.95,,
139.11,167.06,,,16.12,67.6,16.08,67.51,10742,1.64,,,4210,0.32,,,10166,1.95,,
139.14,167.01,,,16.12,67.6,16.09,67.52,10743,1.64,,,4214,0.32,,,10167,1.95,,
139.15,167,,,16.12,67.61,16.09,67.52,10744,1.64,,,4215,0.32,,,10168,1.95,,
139.16,166.99,,,16.13,67.61,16.09,67.53,10747,1.64,,,4217,0.32,,,10169,1.95,,
139.17,166.97,,,16.13,67.61,16.09,67.53,10751,1.64,,,4222,0.32,,,10170,1.95,,
139.18,166.96,,,16.13,67.61,16.09,67.54,10754,1.64,,,4224,0.32,,,10171,1.95,,
139.2,166.93,,,16.13,67.62,16.09,67.54,10756,1.64,,,4228,0.32,,,10172,1.95,,
139.21,166.92,,,16.13,67.62,16.1,67.55,10765,1.64,,,4232,0.32,,,10173,1.95,,
139.22,166.9,,,16.13,67.62,16.1,67.55,10768,1.63,,,4233,0.32,,,10174,1.95,,
139.26,166.85,,,16.13,67.62,16.1,67.55,10770,1.63,,,4236,0.32,,,10175,1.95,,
139.29,166.8,,,16.13,67.63,16.1,67.56,10771,1.63,,,4241,0.32,,,10176,1.95,,
139.31,166.77,,,16.13,67.63,16.1,67.56,10776,1.63,,,4244,0.32,,,10177,1.95,,
139.33,166.75,,,16.13,67.63,16.11,67.57,10779,1.63,,,4247,0.32,,,10178,1.95,,
139.34,166.73,,,16.14,67.63,16.11,67.57,10783,1.63,,,4248,0.32,,,10179,1.95,,
139.37,166.69,,,16.14,67.63,16.11,67.57,10785,1.63,,,4254,0.32,,,10180,1.95,,
139.4,166.65,,,16.14,67.64,16.11,67.58,10789,1.63,,,4255,0.32,,,10181,1.95,,
139.41,166.63,,,16.14,67.64,16.11,67.58,10792,1.63,,,4256,0.32,,,10182,1.95,,
139.42,166.62,,,16.14,67.64,16.11,67.58,10794,1.63,,,4259,0.32,,,10183,1.95,,
139.44,166.59,,,16.14,67.64,16.11,67.59,10797,1.63,,,4261,0.32,,,10184,1.94,,
139.47,166.55,,,16.14,67.65,16.12,67.59,10798,1.63,,,4264,0.32,,,10185,1.94,,
139.49,166.52,,,16.14,67.65,16.12,67.59,10804,1.62,,,4267,0.32,,,10186,1.94,,
139.5,166.51,,,16.14,67.65,16.12,67.6,10808,1.62,,,4268,0.31,,,10187,1.94,,
139.51,166.49,,,16.14,67.65,16.12,67.6,10809,1.62,,,4272,0.31,,,10188,1.94,,
139.52,166.48,,,16.14,67.66,16.12,67.6,10811,1.62,,,4280,0.31,,,10189,1.94,,
139.55,166.44,,,16.15,67.66,16.12,67.6,10814,1.62,,,4282,0.31,,,10190,1.94,,
139.59,166.38,,,16.15,67.66,16.12,67.6,10817,1.62,,,4287,0.31,,,10191,1.94,,
139.61,166.35,,,16.15,67.66,16.12,67.61,10823,1.62,,,4295,0.31,,,10192,1.94,,
139.62,166.34,,,16.15,67.66,16.13,67.61,10825,1.62,,,4296,0.31,,,10193,1.94,,
139.63,166.32,,,16.15,67.67,16.13,67.61,10830,1.62,,,4303,0.31,,,10194,1.94,,
139.66,166.28,,,16.15,67.67,16.13,67.62,10835,1.62,,,4309,0.31,,,10196,1.94,,
139.67,166.27,,,16.15,67.67,16.13,67.62,10839,1.62,,,4312,0.31,,,10197,1.94,,
139.7,166.23,,,16.15,67.67,16.13,67.62,10843,1.61,,,4314,0.31,,,10198,1.94,,
139.72,166.2,,,16.15,67.68,16.13,67.62,10848,1.61,,,4317,0.31,,,10199,1.94,,
139.74,166.17,,,16.16,67.68,16.13,67.63,10852,1.61,,,4318,0.31,,,10200,1.94,,
139.78,166.11,,,16.16,67.68,16.13,67.63,10855,1.61,,,4319,0.31,,,10201,1.94,,
139.81,166.07,,,16.16,67.68,16.14,67.63,10860,1.61,,,4322,0.31,,,10202,1.94,,
139.82,166.06,,,16.16,67.69,16.14,67.63,10861,1.61,,,4325,0.31,,,10203,1.94,,
139.83,166.04,,,16.16,67.69,16.14,67.64,10865,1.61,,,4327,0.31,,,10204,1.94,,
139.84,166.03,,,16.16,67.69,16.14,67.64,10866,1.61,,,4335,0.31,,,10205,1.94,,
139.85,166.01,,,16.16,67.69,16.14,67.64,10869,1.61,,,4336,0.31,,,10206,1.94,,
139.86,166,,,16.16,67.69,16.14,67.64,10873,1.61,,,4344,0.31,,,10207,1.94,,
139.88,165.97,,,16.16,67.7,16.14,67.65,10878,1.61,,,4347,0.31,,,10208,1.94,,
139.91,165.93,,,16.16,67.7,16.14,67.65,10880,1.61,,,4348,0.31,,,10209,1.94,,
139.92,165.92,,,16.16,67.7,16.14,67.65,10881,1.61,,,4349,0.31,,,10210,1.94,,
139.93,165.9,,,16.17,67.7,16.14,67.65,10885,1.6,,,4351,0.31,,,10211,1.94,,
139.94,165.89,,,16.17,67.71,16.14,67.66,10886,1.6,,,4353,0.31,,,10212,1.94,,
139.95,165.87,,,16.17,67.71,16.15,67.66,10888,1.6,,,4354,0.31,,,10213,1.93,,
139.96,165.86,,,16.17,67.71,16.15,67.66,10893,1.6,,,4356,0.31,,,10214,1.93,,
139.98,165.83,,,16.17,67.71,16.15,67.66,10897,1.6,,,4360,0.31,,,10215,1.93,,
140,165.8,,,16.17,67.72,16.15,67.66,10899,1.6,,,4363,0.31,,,10216,1.93,,
140.03,165.76,,,16.17,67.72,16.15,67.67,10902,1.6,,,4367,0.31,,,10217,1.93,,
140.05,165.74,,,16.17,67.72,16.15,67.67,10909,1.6,,,4371,0.31,,,10218,1.93,,
140.07,165.71,,,16.17,67.72,16.15,67.67,10910,1.6,,,4372,0.31,,,10219,1.93,,
140.08,165.69,,,16.18,67.72,16.15,67.67,10914,1.6,,,4376,0.3,,,10220,1.93,,
140.09,165.68,,,16.18,67.73,16.15,67.68,10921,1.59,,,4377,0.3,,,10221,1.93,,
140.11,165.65,,,16.18,67.73,16.16,67.68,10923,1.59,,,4380,0.3,,,10222,1.93,,
140.13,165.62,,,16.18,67.73,16.16,67.68,10924,1.59,,,4381,0.3,,,10223,1.93,,
140.15,165.6,,,16.18,67.73,16.16,67.68,10930,1.59,,,4383,0.3,,,10224,1.93,,
140.16,165.58,,,16.18,67.74,16.16,67.69,10932,1.59,,,4384,0.3,,,10225,1.93,,
140.18,165.55,,,16.18,67.74,16.16,67.69,10934,1.59,,,4386,0.3,,,10227,1.93,,
140.19,165.54,,,16.18,67.74,16.16,67.69,10940,1.59,,,4387,0.3,,,10228,1.93,,
140.21,165.51,,,16.18,67.74,16.16,67.69,10943,1.59,,,4389,0.3,,,10230,1.93,,
140.22,165.5,,,16.18,67.75,16.16,67.69,10945,1.59,,,4390,0.3,,,10231,1.93,,
140.23,165.48,,,16.18,67.75,16.16,67.7,10951,1.59,,,4391,0.3,,,10232,1.93,,
140.24,165.47,,,16.19,67.75,16.16,67.7,10952,1.59,,,4392,0.3,,,10233,1.93,,
140.26,165.44,,,16.19,67.75,16.17,67.71,10954,1.59,,,4395,0.3,,,10234,1.93,,
140.27,165.43,,,16.19,67.75,16.17,67.71,10961,1.59,,,4396,0.3,,,10235,1.93,,
140.29,165.4,,,16.19,67.76,16.17,67.71,10962,1.58,,,4398,0.3,,,10236,1.93,,
140.3,165.39,,,16.19,67.76,16.17,67.71,10963,1.58,,,4400,0.3,,,10237,1.93,,
140.31,165.37,,,16.19,67.76,16.17,67.72,10965,1.58,,,4401,0.3,,,10238,1.93,,
140.33,165.34,,,16.19,67.76,16.17,67.72,10970,1.58,,,4402,0.3,,,10240,1.93,,
140.34,165.33,,,16.19,67.77,16.17,67.72,10971,1.58,,,4403,0.3,,,10241,1.93,,
140.37,165.29,,,16.19,67.77,16.18,67.73,10973,1.58,,,4405,0.3,,,10242,1.92,,
140.41,165.23,,,16.2,67.77,16.18,67.73,10976,1.58,,,4406,0.3,,,10243,1.92,,
140.43,165.21,,,16.2,67.77,16.18,67.73,10981,1.58,,,4407,0.3,,,10244,1.92,,
140.44,165.19,,,16.2,67.78,16.18,67.74,10982,1.58,,,4409,0.3,,,10245,1.92,,
140.45,165.18,,,16.2,67.78,16.18,67.74,10986,1.58,,,4410,0.3,,,10246,1.92,,
140.47,165.15,,,16.2,67.78,16.18,67.74,10987,1.58,,,4411,0.3,,,10247,1.92,,
140.48,165.14,,,16.2,67.78,16.18,67.74,10991,1.58,,,4412,0.3,,,10248,1.92,,
140.51,165.09,,,16.2,67.78,16.18,67.75,10992,1.58,,,4413,0.3,,,10249,1.92,,
140.52,165.08,,,16.2,67.79,16.18,67.75,10997,1.58,,,4414,0.3,,,10250,1.92,,
140.55,165.04,,,16.2,67.79,16.19,67.75,11000,1.58,,,4415,0.3,,,10251,1.92,,
140.56,165.03,,,16.2,67.79,16.19,67.75,11004,1.57,,,4416,0.3,,,10252,1.92,,
140.6,164.97,,,16.2,67.79,16.19,67.75,11008,1.57,,,4417,0.3,,,10253,1.92,,
140.64,164.91,,,16.21,67.8,16.19,67.76,11009,1.57,,,4418,0.3,,,10254,1.92,,
140.65,164.9,,,16.21,67.8,16.19,67.76,11014,1.57,,,4419,0.3,,,10255,1.92,,
140.66,164.89,,,16.21,67.8,16.19,67.76,11017,1.57,,,4420,0.3,,,10256,1.92,,
140.67,164.87,,,16.21,67.8,16.19,67.76,11021,1.57,,,4421,0.3,,,10257,1.92,,
140.71,164.82,,,16.21,67.8,16.2,67.77,11026,1.57,,,4422,0.3,,,10258,1.92,,
140.72,164.8,,,16.21,67.81,16.2,67.78,11027,1.57,,,4423,0.3,,,10259,1.92,,
140.75,164.76,,,16.21,67.81,16.2,67.78,11033,1.57,,,4424,0.3,,,10260,1.92,,
140.76,164.75,,,16.21,67.81,16.2,67.78,11037,1.57,,,4425,0.3,,,10261,1.92,,
140.78,164.72,,,16.21,67.81,16.2,67.78,11043,1.57,,,4426,0.3,,,10262,1.92,,
140.79,164.71,,,16.21,67.82,16.2,67.79,11045,1.56,,,4427,0.3,,,10263,1.92,,
140.81,164.68,,,16.22,67.82,16.2,67.79,11048,1.56,,,4428,0.3,,,10264,1.92,,
140.82,164.67,,,16.22,67.82,16.2,67.79,11052,1.56,,,4429,0.3,,,10265,1.92,,
140.86,164.61,,,16.22,67.82,16.21,67.8,11057,1.56,,,4430,0.3,,,10266,1.92,,
140.9,164.56,,,16.22,67.83,16.21,67.8,11058,1.56,,,4431,0.3,,,10267,1.92,,
140.91,164.54,,,16.22,67.83,16.21,67.8,11063,1.56,,,4432,0.3,,,10268,1.92,,
140.92,164.53,,,16.22,67.83,16.21,67.8,11067,1.56,,,4433,0.3,,,10269,1.92,,
140.93,164.51,,,16.22,67.83,16.21,67.81,11071,1.56,,,4434,0.3,,,10270,1.92,,
140.94,164.5,,,16.22,67.83,16.21,67.81,11075,1.56,,,4435,0.3,,,10271,1.91,,
140.96,164.47,,,16.22,67.84,16.21,67.81,11077,1.56,,,4436,0.3,,,10272,1.91,,
140.97,164.46,,,16.23,67.84,16.21,67.82,11081,1.56,,,4437,0.3,,,10273,1.91,,
141.01,164.4,,,16.23,67.84,16.22,67.82,11084,1.56,,,4438,0.3,,,10274,1.91,,
141.02,164.39,,,16.23,67.84,16.22,67.82,11087,1.55,,,4439,0.3,,,10275,1.91,,
141.03,164.38,,,16.23,67.85,16.22,67.83,11090,1.55,,,4440,0.3,,,10276,1.91,,
141.05,164.35,,,16.23,67.85,16.22,67.83,11091,1.55,,,4441,0.3,,,10277,1.91,,
141.08,164.31,,,16.23,67.85,16.22,67.83,11096,1.55,,,4442,0.3,,,10278,1.91,,
141.09,164.29,,,16.23,67.85,16.23,67.84,11098,1.55,,,4443,0.3,,,10279,1.91,,
141.11,164.27,,,16.23,67.86,16.23,67.85,11102,1.55,,,4444,0.3,,,10280,1.91,,
141.13,164.24,,,16.23,67.86,16.23,67.85,11107,1.55,,,4445,0.3,,,10282,1.91,,
141.15,164.21,,,16.23,67.86,16.23,67.85,11109,1.55,,,4446,0.3,,,10283,1.91,,
141.16,164.2,,,16.23,67.86,16.23,67.85,11113,1.55,,,4447,0.3,,,10284,1.91,,
141.17,164.18,,,16.24,67.86,16.23,67.86,11117,1.55,,,4448,0.3,,,10285,1.91,,
141.18,164.17,,,16.24,67.87,16.23,67.86,11125,1.55,,,4449,0.3,,,10286,1.91,,
141.21,164.13,,,16.24,67.87,16.23,67.86,11126,1.55,,,4450,0.3,,,10287,1.91,,
141.24,164.09,,,16.24,67.87,16.23,67.86,11127,1.55,,,4451,0.3,,,10288,1.91,,
141.25,164.07,,,16.24,67.87,16.24,67.86,11135,1.54,,,4453,0.3,,,10289,1.91,,
141.26,164.06,,,16.24,67.88,16.24,67.87,11136,1.54,,,4454,0.3,,,10290,1.91,,
141.28,164.03,,,16.24,67.88,16.24,67.87,11143,1.54,,,4456,0.3,,,10291,1.91,,
141.29,164.02,,,16.24,67.88,16.24,67.88,11146,1.54,,,4458,0.3,,,10292,1.91,,
141.3,164.01,,,16.24,67.88,16.24,67.88,11150,1.54,,,4459,0.3,,,10293,1.91,,
141.32,163.98,,,16.25,67.89,16.24,67.88,11151,1.54,,,4460,0.3,,,10294,1.91,,
141.36,163.92,,,16.25,67.89,16.25,67.89,11156,1.54,,,4461,0.3,,,10295,1.91,,
141.37,163.91,,,16.25,67.89,16.25,67.89,11157,1.54,,,4462,0.3,,,10296,1.91,,
141.39,163.88,,,16.25,67.89,16.25,67.89,11163,1.54,,,4463,0.3,,,10298,1.91,,
141.4,163.87,,,16.25,67.89,16.25,67.9,11167,1.54,,,4466,0.3,,,10299,1.91,,
141.41,163.85,,,16.25,67.9,16.25,67.9,11173,1.53,,,4469,0.3,,,10300,1.91,,
141.43,163.83,,,16.25,67.9,16.25,67.9,11177,1.53,,,4471,0.3,,,10301,1.9,,
141.44,163.81,,,16.25,67.9,16.25,67.91,11182,1.53,,,4472,0.3,,,10302,1.9,,
141.46,163.79,,,16.25,67.9,16.26,67.91,11184,1.53,,,4473,0.3,,,10303,1.9,,
141.47,163.77,,,16.25,67.91,16.26,67.91,11188,1.53,,,4474,0.3,,,10304,1.9,,
141.49,163.74,,,16.25,67.91,16.26,67.92,11190,1.53,,,4477,0.3,,,10305,1.9,,
141.5,163.73,,,16.26,67.91,16.26,67.92,11195,1.53,,,4479,0.3,,,10306,1.9,,
141.51,163.72,,,16.26,67.91,16.26,67.92,11198,1.53,,,4481,0.3,,,10307,1.9,,
141.55,163.66,,,16.26,67.92,16.26,67.92,11203,1.53,,,4484,0.3,,,10308,1.9,,
141.58,163.62,,,16.26,67.92,16.26,67.92,11209,1.53,,,4486,0.29,,,10310,1.9,,
141.59,163.61,,,16.26,67.92,16.27,67.93,11212,1.53,,,4489,0.29,,,10311,1.9,,
141.6,163.59,,,16.26,67.92,16.27,67.94,11216,1.52,,,4492,0.29,,,10313,1.9,,
141.63,163.55,,,16.26,67.92,16.27,67.94,11220,1.52,,,4494,0.29,,,10314,1.9,,
141.66,163.51,,,16.26,67.93,16.27,67.94,11224,1.52,,,4495,0.29,,,10315,1.9,,
141.67,163.5,,,16.26,67.93,16.27,67.95,11228,1.52,,,4497,0.29,,,10316,1.9,,
141.68,163.49,,,16.27,67.93,16.27,67.95,11231,1.52,,,4498,0.29,,,10317,1.9,,
141.7,163.46,,,16.27,67.93,16.27,67.95,11233,1.52,,,4501,0.29,,,10318,1.9,,
141.71,163.44,,,16.27,67.94,16.27,67.95,11235,1.52,,,4502,0.29,,,10319,1.9,,
141.72,163.43,,,16.27,67.94,16.28,67.97,11243,1.52,,,4512,0.29,,,10321,1.9,,
141.74,163.4,,,16.27,67.94,16.28,67.97,11244,1.52,,,4517,0.29,,,10323,1.9,,
141.75,163.39,,,16.27,67.94,16.28,67.98,11249,1.52,,,4519,0.29,,,10324,1.9,,
141.78,163.35,,,16.27,67.95,16.29,67.98,11252,1.52,,,4521,0.29,,,10325,1.9,,
141.81,163.31,,,16.27,67.95,16.29,67.98,11253,1.52,,,4522,0.29,,,10326,1.9,,
141.82,163.29,,,16.27,67.95,16.29,67.98,11258,1.52,,,4523,0.29,,,10327,1.9,,
141.86,163.24,,,16.27,67.95,16.29,67.99,11265,1.51,,,4528,0.29,,,10328,1.9,,
141.88,163.21,,,16.27,67.95,16.29,67.99,11269,1.51,,,4529,0.29,,,10329,1.9,,
141.9,163.19,,,16.28,67.96,16.29,68,11273,1.51,,,4532,0.29,,,10330,1.9,,
141.91,163.17,,,16.28,67.96,16.29,68,11275,1.51,,,4536,0.29,,,10332,1.89,,
141.92,163.16,,,16.28,67.96,16.3,68,11280,1.51,,,4540,0.29,,,10333,1.89,,
141.93,163.15,,,16.28,67.96,16.3,68.01,11282,1.51,,,4542,0.29,,,10334,1.89,,
141.94,163.13,,,16.28,67.97,16.3,68.01,11283,1.51,,,4543,0.29,,,10335,1.89,,
141.96,163.1,,,16.28,67.97,16.3,68.02,11293,1.51,,,4545,0.29,,,10336,1.89,,
141.97,163.09,,,16.28,67.97,16.3,68.02,11296,1.51,,,4547,0.29,,,10338,1.89,,
142,163.05,,,16.28,67.97,16.31,68.03,11300,1.51,,,4554,0.29,,,10339,1.89,,
142.02,163.02,,,16.28,67.98,16.31,68.04,11308,1.5,,,4560,0.29,,,10340,1.89,,
142.03,163.01,,,16.29,67.98,16.31,68.04,11310,1.5,,,4561,0.29,,,10341,1.89,,
142.04,163,,,16.29,67.98,16.32,68.05,11315,1.5,,,4567,0.29,,,10342,1.89,,
142.05,162.98,,,16.29,67.98,16.32,68.05,11317,1.5,,,4569,0.29,,,10343,1.89,,
142.09,162.93,,,16.29,67.98,16.32,68.06,11321,1.5,,,4575,0.29,,,10344,1.89,,
142.12,162.89,,,16.29,67.99,16.32,68.07,11329,1.5,,,4578,0.29,,,10345,1.89,,
142.13,162.87,,,16.29,67.99,16.33,68.07,11332,1.5,,,4590,0.29,,,10346,1.89,,
142.14,162.86,,,16.29,67.99,16.33,68.08,11340,1.5,,,4594,0.29,,,10347,1.89,,
142.16,162.83,,,16.29,67.99,16.34,68.09,11341,1.5,,,4595,0.29,,,10348,1.89,,
142.17,162.82,,,16.29,68,16.34,68.1,11347,1.5,,,4597,0.29,,,10349,1.89,,
142.19,162.79,,,16.29,68,16.34,68.1,11348,1.5,,,4599,0.29,,,10350,1.89,,
142.21,162.77,,,16.3,68,16.34,68.11,11355,1.49,,,4601,0.29,,,10351,1.89,,
142.25,162.71,,,16.3,68,16.34,68.11,11362,1.49,,,4602,0.29,,,10352,1.89,,
142.27,162.68,,,16.3,68.01,16.35,68.12,11364,1.49,,,4603,0.29,,,10353,1.89,,
142.29,162.66,,,16.3,68.01,16.35,68.13,11367,1.49,,,4604,0.29,,,10355,1.89,,
142.3,162.64,,,16.3,68.01,16.35,68.13,11375,1.49,,,4605,0.29,,,10356,1.89,,
142.33,162.6,,,16.3,68.01,16.35,68.13,11379,1.49,,,4616,0.28,,,10357,1.89,,
142.36,162.56,,,16.3,68.01,16.36,68.15,11382,1.49,,,4619,0.28,,,10358,1.89,,
142.37,162.55,,,16.3,68.02,16.36,68.15,11386,1.49,,,4628,0.28,,,10359,1.89,,
142.41,162.5,,,16.3,68.02,16.36,68.16,11387,1.49,,,4629,0.28,,,10360,1.89,,
142.43,162.47,,,16.3,68.02,16.37,68.16,11392,1.49,,,4634,0.28,,,10361,1.88,,
142.44,162.45,,,16.3,68.02,16.37,68.17,11395,1.49,,,4639,0.28,,,10362,1.88,,
142.45,162.44,,,16.31,68.03,16.37,68.17,11397,1.48,,,4644,0.28,,,10363,1.88,,
142.46,162.43,,,16.31,68.03,16.37,68.18,11404,1.48,,,4648,0.28,,,10365,1.88,,
142.47,162.41,,,16.31,68.03,16.38,68.18,11408,1.48,,,4663,0.28,,,10366,1.88,,
142.49,162.39,,,16.31,68.03,16.38,68.19,11415,1.48,,,4678,0.28,,,10367,1.88,,
142.5,162.37,,,16.31,68.04,16.38,68.19,11418,1.48,,,4679,0.28,,,10368,1.88,,
142.52,162.35,,,16.31,68.04,16.38,68.2,11424,1.48,,,4686,0.28,,,10369,1.88,,
142.56,162.29,,,16.31,68.04,16.38,68.2,11427,1.48,,,4694,0.28,,,10370,1.88,,
142.57,162.28,,,16.31,68.04,16.38,68.2,11433,1.48,,,4700,0.28,,,10371,1.88,,
142.6,162.24,,,16.31,68.04,16.39,68.21,11438,1.48,,,4709,0.28,,,10372,1.88,,
142.62,162.21,,,16.32,68.05,16.39,68.22,11442,1.48,,,4719,0.28,,,10373,1.88,,
142.64,162.19,,,16.32,68.05,16.39,68.22,11449,1.47,,,4723,0.28,,,10374,1.88,,
142.68,162.13,,,16.32,68.05,16.39,68.23,11454,1.47,,,4724,0.28,,,10375,1.88,,
142.69,162.12,,,16.32,68.05,16.39,68.23,11455,1.47,,,4739,0.27,,,10376,1.88,,
142.7,162.1,,,16.32,68.06,16.39,68.23,11460,1.47,,,4745,0.27,,,10377,1.88,,
142.72,162.08,,,16.32,68.06,16.4,68.23,11469,1.47,,,4754,0.27,,,10378,1.88,,
142.73,162.06,,,16.32,68.06,16.4,68.24,11471,1.47,,,4760,0.27,,,10379,1.88,,
142.74,162.05,,,16.32,68.06,16.4,68.24,11481,1.47,,,4769,0.27,,,10380,1.88,,
142.77,162.01,,,16.32,68.06,16.4,68.24,11487,1.47,,,4777,0.27,,,10381,1.88,,
142.79,161.98,,,16.32,68.07,16.4,68.24,11494,1.46,,,4779,0.27,,,10382,1.88,,
142.8,161.97,,,16.32,68.07,16.4,68.25,11499,1.46,,,4781,0.27,,,10383,1.88,,
142.84,161.92,,,16.33,68.07,16.41,68.25,11506,1.46,,,4782,0.27,,,10384,1.88,,
142.87,161.88,,,16.33,68.07,16.41,68.26,11511,1.46,,,4784,0.27,,,10385,1.88,,
142.88,161.86,,,16.33,68.08,16.41,68.27,11513,1.46,,,4785,0.27,,,10387,1.88,,
142.9,161.84,,,16.33,68.08,16.41,68.27,11520,1.46,,,4786,0.27,,,10388,1.88,,
142.91,161.82,,,16.33,68.08,16.41,68.27,11527,1.46,,,4793,0.27,,,10389,1.88,,
142.92,161.81,,,16.33,68.08,16.41,68.27,11533,1.46,,,4794,0.27,,,10390,1.88,,
142.94,161.78,,,16.33,68.09,16.41,68.27,11536,1.46,,,4801,0.27,,,10391,1.88,,
142.95,161.77,,,16.33,68.09,16.42,68.28,11545,1.45,,,4804,0.27,,,10392,1.87,,
142.96,161.76,,,16.33,68.09,16.42,68.28,11546,1.45,,,4806,0.27,,,10393,1.87,,
142.98,161.73,,,16.34,68.09,16.42,68.28,11553,1.45,,,4807,0.27,,,10394,1.87,,
143,161.7,,,16.34,68.09,16.42,68.29,11555,1.45,,,4809,0.27,,,10395,1.87,,
143.01,161.69,,,16.34,68.1,16.42,68.29,11557,1.45,,,4811,0.27,,,10396,1.87,,
143.04,161.65,,,16.34,68.1,16.42,68.29,11563,1.45,,,4812,0.27,,,10397,1.87,,
143.08,161.6,,,16.34,68.1,16.42,68.29,11564,1.45,,,4814,0.27,,,10398,1.87,,
143.12,161.54,,,16.34,68.1,16.42,68.3,11568,1.45,,,4815,0.27,,,10399,1.87,,
143.13,161.53,,,16.34,68.11,16.42,68.3,11574,1.45,,,4817,0.27,,,10400,1.87,,
143.16,161.49,,,16.34,68.11,16.43,68.3,11579,1.45,,,4820,0.27,,,10401,1.87,,
143.19,161.45,,,16.34,68.11,16.43,68.3,11585,1.45,,,4832,0.27,,,10402,1.87,,
143.2,161.44,,,16.34,68.11,16.43,68.31,11593,1.44,,,4841,0.27,,,10403,1.87,,
143.21,161.42,,,16.34,68.12,16.43,68.31,11598,1.44,,,4842,0.27,,,10404,1.87,,
143.23,161.4,,,16.35,68.12,16.43,68.31,11605,1.44,,,4845,0.27,,,10406,1.87,,
143.24,161.38,,,16.35,68.12,16.43,68.32,11609,1.44,,,4846,0.27,,,10407,1.87,,
143.25,161.37,,,16.35,68.12,16.43,68.32,11610,1.44,,,4847,0.27,,,10408,1.87,,
143.29,161.32,,,16.35,68.12,16.43,68.32,11618,1.44,,,4848,0.27,,,10409,1.87,,
143.32,161.28,,,16.35,68.13,16.44,68.33,11625,1.44,,,4863,0.27,,,10410,1.87,,
143.34,161.25,,,16.35,68.13,16.44,68.33,11633,1.44,,,4879,0.27,,,10411,1.87,,
143.36,161.22,,,16.35,68.13,16.44,68.33,11637,1.44,,,4894,0.26,,,10412,1.87,,
143.38,161.2,,,16.35,68.13,16.44,68.33,11643,1.43,,,4911,0.26,,,10413,1.87,,
143.4,161.17,,,16.35,68.14,16.44,68.33,11648,1.43,,,4914,0.26,,,10414,1.87,,
143.42,161.14,,,16.36,68.14,16.44,68.34,11655,1.43,,,4926,0.26,,,10415,1.87,,
143.44,161.12,,,16.36,68.14,16.44,68.34,11660,1.43,,,4943,0.26,,,10416,1.87,,
143.45,161.1,,,16.36,68.14,16.44,68.34,11665,1.43,,,4958,0.26,,,10417,1.87,,
143.46,161.09,,,16.36,68.15,16.44,68.34,11673,1.43,,,4969,0.26,,,10418,1.87,,
143.48,161.06,,,16.36,68.15,16.45,68.35,11680,1.43,,,4973,0.26,,,10419,1.87,,
143.49,161.05,,,16.36,68.15,16.45,68.35,11684,1.43,,,4974,0.26,,,10420,1.87,,
143.5,161.04,,,16.36,68.15,16.45,68.35,11689,1.43,,,4991,0.26,,,10421,1.87,,
143.52,161.01,,,16.36,68.15,16.45,68.36,11696,1.42,,,5006,0.26,,,10422,1.87,,
143.56,160.96,,,16.36,68.16,16.45,68.36,11703,1.42,,,5009,0.26,,,10423,1.86,,
143.57,160.94,,,16.36,68.16,16.45,68.36,11706,1.42,,,5020,0.26,,,10424,1.86,,
143.58,160.93,,,16.36,68.16,16.45,68.36,11713,1.42,,,5023,0.26,,,10425,1.86,,
143.59,160.92,,,16.37,68.16,16.45,68.37,11721,1.42,,,5039,0.25,,,10426,1.86,,
143.6,160.9,,,16.37,68.17,16.45,68.37,11728,1.42,,,5044,0.25,,,10427,1.86,,
143.63,160.86,,,16.37,68.17,16.46,68.37,11731,1.42,,,5048,0.25,,,10428,1.86,,
143.65,160.84,,,16.37,68.17,16.46,68.37,11739,1.42,,,5051,0.25,,,10429,1.86,,
143.66,160.82,,,16.37,68.17,16.46,68.38,11743,1.41,,,5054,0.25,,,10430,1.86,,
143.67,160.81,,,16.37,68.18,16.46,68.38,11749,1.41,,,5071,0.25,,,10431,1.86,,
143.69,160.78,,,16.37,68.18,16.46,68.38,11758,1.41,,,5087,0.25,,,10432,1.86,,
143.7,160.77,,,16.37,68.18,16.46,68.38,11760,1.41,,,5105,0.25,,,10433,1.86,,
143.72,160.74,,,16.37,68.18,16.46,68.38,11770,1.41,,,5121,0.25,,,10434,1.86,,
143.73,160.73,,,16.38,68.18,16.46,68.39,11775,1.41,,,5129,0.25,,,10436,1.86,,
143.76,160.69,,,16.38,68.19,16.46,68.39,11780,1.41,,,5138,0.25,,,10437,1.86,,
143.77,160.68,,,16.38,68.19,16.46,68.39,11785,1.41,,,5141,0.25,,,10438,1.86,,
143.78,160.66,,,16.38,68.19,16.47,68.39,11792,1.41,,,5155,0.25,,,10439,1.86,,
143.81,160.62,,,16.38,68.19,16.47,68.4,11798,1.4,,,5172,0.25,,,10440,1.86,,
143.82,160.61,,,16.38,68.2,16.47,68.4,11805,1.4,,,5179,0.25,,,10441,1.86,,
143.85,160.57,,,16.38,68.2,16.47,68.4,11808,1.4,,,5188,0.25,,,10442,1.86,,
143.88,160.53,,,16.38,68.2,16.47,68.4,11812,1.4,,,5201,0.25,,,10443,1.86,,
143.89,160.52,,,16.38,68.2,16.47,68.41,11813,1.4,,,5205,0.24,,,10444,1.86,,
143.9,160.51,,,16.38,68.21,16.47,68.41,11822,1.4,,,5213,0.24,,,10445,1.86,,
143.93,160.47,,,16.39,68.21,16.47,68.41,11828,1.4,,,5223,0.24,,,10446,1.86,,
143.94,160.45,,,16.39,68.21,16.47,68.41,11833,1.4,,,5240,0.24,,,10447,1.86,,
143.96,160.43,,,16.39,68.21,16.48,68.41,11841,1.4,,,5258,0.24,,,10448,1.86,,
143.97,160.41,,,16.39,68.21,16.48,68.42,11848,1.39,,,5274,0.24,,,10449,1.86,,
143.99,160.39,,,16.39,68.22,16.48,68.42,11849,1.39,,,5292,0.24,,,10450,1.86,,
144.01,160.36,,,16.39,68.22,16.48,68.42,11861,1.39,,,5310,0.24,,,10451,1.86,,
144.02,160.35,,,16.39,68.22,16.48,68.42,11865,1.39,,,5327,0.24,,,10452,1.86,,
144.03,160.33,,,16.39,68.23,16.48,68.43,11873,1.39,,,5339,0.24,,,10453,1.86,,
144.05,160.31,,,16.39,68.23,16.48,68.43,11875,1.39,,,5345,0.24,,,10454,1.85,,
144.1,160.24,,,16.39,68.23,16.48,68.43,11877,1.39,,,5349,0.24,,,10455,1.85,,
144.12,160.22,,,16.4,68.23,16.48,68.43,11882,1.39,,,5359,0.24,,,10456,1.85,,
144.13,160.2,,,16.4,68.24,16.48,68.44,11889,1.39,,,5360,0.24,,,10457,1.85,,
144.14,160.19,,,16.4,68.24,16.48,68.44,11893,1.39,,,5362,0.24,,,10458,1.85,,
144.15,160.18,,,16.4,68.24,16.49,68.44,11900,1.39,,,5373,0.24,,,10459,1.85,,
144.18,160.14,,,16.4,68.24,16.49,68.44,11902,1.38,,,5379,0.24,,,10460,1.85,,
144.19,160.12,,,16.4,68.24,16.49,68.44,11910,1.38,,,5381,0.24,,,10461,1.85,,
144.22,160.08,,,16.4,68.25,16.49,68.45,11914,1.38,,,5390,0.23,,,10462,1.85,,
144.23,160.07,,,16.4,68.25,16.49,68.45,11920,1.38,,,5397,0.23,,,10463,1.85,,
144.25,160.04,,,16.4,68.25,16.49,68.45,11927,1.38,,,5399,0.23,,,10464,1.85,,
144.26,160.03,,,16.41,68.25,16.49,68.45,11935,1.38,,,5411,0.23,,,10466,1.85,,
144.28,160.01,,,16.41,68.26,16.49,68.46,11937,1.38,,,5416,0.23,,,10467,1.85,,
144.3,159.98,,,16.41,68.27,16.49,68.46,11943,1.38,,,5421,0.23,,,10468,1.85,,
144.34,159.93,,,16.42,68.29,16.5,68.46,11947,1.38,,,5431,0.23,,,10469,1.85,,
144.38,159.87,,,16.43,68.3,16.5,68.46,11956,1.37,,,5433,0.23,,,10470,1.85,,
144.41,159.83,,,16.43,68.31,16.5,68.47,11962,1.37,,,5442,0.23,,,10471,1.85,,
144.42,159.82,,,16.45,68.36,16.5,68.47,11968,1.37,,,5451,0.23,,,10472,1.85,,
144.44,159.8,,,16.46,68.38,16.5,68.47,11977,1.37,,,5453,0.23,,,10473,1.85,,
144.45,159.78,,,16.47,68.4,16.5,68.47,11983,1.37,,,5463,0.23,,,10474,1.85,,
144.47,159.76,,,16.48,68.43,16.5,68.47,11986,1.37,,,5466,0.23,,,10475,1.85,,
144.48,159.74,,,16.49,68.45,16.5,68.48,11994,1.37,,,5469,0.23,,,10476,1.85,,
144.49,159.73,,,16.51,68.5,16.5,68.48,11997,1.37,,,5474,0.23,,,10477,1.85,,
144.5,159.72,,,16.54,68.56,16.5,68.48,11999,1.37,,,5485,0.23,,,10478,1.85,,
144.51,159.7,,,16.56,68.6,16.5,68.48,12006,1.37,,,5488,0.23,,,10479,1.85,,
144.54,159.66,,,16.56,68.61,16.51,68.49,12010,1.37,,,5496,0.23,,,10480,1.85,,
144.55,159.65,,,16.57,68.63,16.51,68.49,12013,1.36,,,5505,0.23,,,10481,1.85,,
144.56,159.64,,,16.59,68.68,16.51,68.49,12022,1.36,,,5506,0.23,,,10482,1.85,,
144.59,159.6,,,16.6,68.7,16.51,68.49,12024,1.36,,,5511,0.23,,,10483,1.85,,
144.62,159.56,,,16.62,68.75,16.51,68.5,12027,1.36,,,5516,0.23,,,10484,1.85,,
144.63,159.55,,,16.62,68.75,16.51,68.5,12034,1.36,,,5524,0.23,,,10486,1.84,,
144.67,159.49,,,16.63,68.77,16.51,68.5,12037,1.36,,,5527,0.23,,,10487,1.84,,
144.68,159.48,,,16.65,68.82,16.51,68.5,12044,1.36,,,5539,0.23,,,10488,1.84,,
144.71,159.44,,,16.66,68.84,16.51,68.5,12053,1.36,,,5542,0.23,,,10489,1.84,,
144.74,159.4,,,16.67,68.86,16.52,68.51,12055,1.36,,,5549,0.23,,,10490,1.84,,
144.75,159.39,,,16.68,68.89,16.52,68.51,12064,1.36,,,5560,0.23,,,10491,1.84,,
144.76,159.38,,,16.69,68.91,16.52,68.51,12069,1.35,,,5561,0.23,,,10492,1.84,,
144.78,159.35,,,16.7,68.93,16.52,68.51,12075,1.35,,,5571,0.23,,,10493,1.84,,
144.79,159.34,,,16.71,68.95,16.52,68.52,12084,1.35,,,5574,0.23,,,10494,1.84,,
144.8,159.32,,,16.71,68.96,16.52,68.52,12091,1.35,,,5579,0.23,,,10495,1.84,,
144.84,159.27,,,16.73,69,16.52,68.52,12098,1.35,,,5583,0.23,,,10496,1.84,,
144.86,159.25,,,16.74,69.02,16.52,68.52,12104,1.35,,,5594,0.22,,,10497,1.84,,
144.88,159.22,,,16.75,69.04,16.52,68.53,12107,1.35,,,5595,0.22,,,10498,1.84,,
144.9,159.19,,,16.76,69.07,16.52,68.53,12116,1.35,,,5597,0.22,,,10500,1.84,,
144.92,159.17,,,16.77,69.09,16.52,68.53,12122,1.35,,,5601,0.22,,,10501,1.84,,
144.94,159.14,,,16.78,69.12,16.53,68.53,12132,1.34,,,5607,0.22,,,10502,1.84,,
144.96,159.12,,,16.8,69.16,16.53,68.53,12137,1.34,,,5616,0.22,,,10503,1.84,,
144.97,159.1,,,16.82,69.21,16.53,68.54,12143,1.34,,,5619,0.22,,,10504,1.84,,
145,159.06,,,16.83,69.23,16.53,68.54,12149,1.34,,,5630,0.22,,,10505,1.84,,
145.01,159.05,,,16.85,69.28,16.53,68.54,12155,1.34,,,5635,0.22,,,10506,1.84,,
145.02,159.04,,,16.87,69.32,16.53,68.54,12162,1.34,,,5641,0.22,,,10507,1.84,,
145.04,159.01,,,16.88,69.35,16.53,68.55,12171,1.34,,,5653,0.22,,,10508,1.84,,
145.06,158.99,,,16.9,69.39,16.53,68.55,12177,1.34,,,5665,0.22,,,10509,1.84,,
145.07,158.97,,,16.91,69.42,16.53,68.55,12183,1.34,,,5671,0.22,,,10510,1.84,,
145.09,158.95,,,16.93,69.46,16.54,68.55,12188,1.33,,,5677,0.22,,,10511,1.84,,
145.11,158.92,,,16.93,69.47,16.54,68.56,12199,1.33,,,5679,0.22,,,10512,1.84,,
145.13,158.9,,,16.94,69.49,16.54,68.56,12202,1.33,,,5683,0.22,,,10513,1.84,,
145.17,158.84,,,16.97,69.55,16.54,68.56,12212,1.33,,,5684,0.22,,,10514,1.84,,
145.2,158.8,,,16.98,69.58,16.54,68.56,12218,1.33,,,5688,0.22,,,10515,1.84,,
145.21,158.79,,,17,69.62,16.54,68.56,12221,1.33,,,5690,0.22,,,10516,1.84,,
145.23,158.77,,,17.01,69.65,16.54,68.57,12223,1.33,,,5702,0.22,,,10517,1.84,,
145.24,158.75,,,17.02,69.67,16.54,68.57,12224,1.33,,,5710,0.22,,,10518,1.83,,
145.25,158.74,,,17.04,69.72,16.54,68.57,12225,1.33,,,5713,0.22,,,10519,1.83,,
145.26,158.73,,,17.07,69.79,16.54,68.57,12235,1.33,,,5726,0.22,,,10520,1.83,,
145.29,158.69,,,17.08,69.81,16.55,68.58,12240,1.33,,,5729,0.22,,,10521,1.83,,
145.33,158.64,,,17.09,69.83,16.55,68.58,12245,1.32,,,5740,0.22,,,10523,1.83,,
145.34,158.62,,,17.1,69.85,16.55,68.58,12257,1.32,,,5748,0.22,,,10524,1.83,,
145.35,158.61,,,17.11,69.88,16.55,68.58,12261,1.32,,,5755,0.22,,,10525,1.83,,
145.36,158.6,,,17.12,69.89,16.55,68.59,12264,1.32,,,5767,0.22,,,10526,1.83,,
145.37,158.58,,,17.12,69.9,16.55,68.59,12270,1.32,,,5771,0.22,,,10527,1.83,,
145.38,158.57,,,17.13,69.92,16.55,68.59,12271,1.32,,,5779,0.22,,,10528,1.83,,
145.39,158.56,,,17.15,69.97,16.55,68.59,12280,1.32,,,5786,0.22,,,10530,1.83,,
145.4,158.55,,,17.15,69.98,16.55,68.59,12287,1.32,,,5801,0.22,,,10531,1.83,,
145.42,158.52,,,17.17,70.02,16.55,68.6,12295,1.32,,,5806,0.22,,,10532,1.83,,
145.46,158.47,,,17.18,70.04,16.55,68.6,12304,1.31,,,5818,0.21,,,10533,1.83,,
145.47,158.46,,,17.18,70.04,16.56,68.6,12308,1.31,,,5825,0.21,,,10534,1.83,,
145.49,158.43,,,17.19,70.06,16.56,68.6,12321,1.31,,,5832,0.21,,,10535,1.83,,
145.51,158.4,,,17.2,70.08,16.56,68.61,12327,1.31,,,5835,0.21,,,10536,1.83,,
145.52,158.39,,,17.2,70.09,16.56,68.61,12333,1.31,,,5844,0.21,,,10537,1.83,,
145.53,158.38,,,17.22,70.13,16.56,68.61,12340,1.31,,,5847,0.21,,,10538,1.83,,
145.55,158.35,,,17.23,70.15,16.56,68.62,12345,1.31,,,5848,0.21,,,10539,1.83,,
145.58,158.31,,,17.27,70.24,16.56,68.62,12351,1.31,,,5849,0.21,,,10540,1.83,,
145.59,158.3,,,17.27,70.25,16.56,68.62,12358,1.31,,,5863,0.21,,,10541,1.83,,
145.6,158.29,,,17.28,70.27,16.57,68.62,12367,1.3,,,5866,0.21,,,10542,1.83,,
145.63,158.25,,,17.3,70.32,16.57,68.62,12375,1.3,,,5876,0.21,,,10543,1.83,,
145.68,158.18,,,17.32,70.36,16.57,68.63,12384,1.3,,,5881,0.21,,,10544,1.83,,
145.7,158.16,,,17.33,70.38,16.57,68.63,12388,1.3,,,5883,0.21,,,10545,1.83,,
145.72,158.13,,,17.34,70.41,16.57,68.63,12394,1.3,,,5897,0.21,,,10546,1.83,,
145.74,158.11,,,17.35,70.43,16.57,68.63,12407,1.3,,,5902,0.21,,,10548,1.83,,
145.75,158.09,,,17.37,70.48,16.57,68.64,12415,1.3,,,5914,0.21,,,10549,1.83,,
145.76,158.08,,,17.38,70.5,16.57,68.64,12421,1.3,,,5917,0.21,,,10551,1.82,,
145.78,158.06,,,17.41,70.56,16.57,68.64,12427,1.3,,,5922,0.21,,,10552,1.82,,
145.79,158.04,,,17.42,70.59,16.57,68.64,12434,1.29,,,5928,0.21,,,10553,1.82,,
145.8,158.03,,,17.45,70.66,16.57,68.64,12438,1.29,,,5930,0.21,,,10554,1.82,,
145.81,158.02,,,17.46,70.68,16.58,68.65,12446,1.29,,,5941,0.21,,,10555,1.82,,
145.84,157.98,,,17.47,70.71,16.58,68.65,12457,1.29,,,5945,0.21,,,10556,1.82,,
145.86,157.95,,,17.48,70.73,16.58,68.65,12466,1.29,,,5960,0.21,,,10557,1.82,,
145.87,157.94,,,17.48,70.73,16.58,68.65,12472,1.29,,,5976,0.21,,,10558,1.82,,
145.89,157.91,,,17.49,70.75,16.58,68.66,12478,1.29,,,5980,0.21,,,10559,1.82,,
145.92,157.88,,,17.53,70.85,16.58,68.66,12485,1.29,,,5984,0.21,,,10560,1.82,,
145.93,157.86,,,17.55,70.89,16.58,68.66,12494,1.28,,,5992,0.21,,,10561,1.82,,
145.97,157.81,,,17.56,70.91,16.58,68.66,12501,1.28,,,5999,0.21,,,10562,1.82,,
145.99,157.79,,,17.57,70.94,16.58,68.67,12510,1.28,,,6008,0.21,,,10563,1.82,,
146.01,157.76,,,17.6,71.01,16.59,68.67,12516,1.28,,,6019,0.21,,,10564,1.82,,
146.02,157.75,,,17.61,71.02,16.59,68.67,12522,1.28,,,6024,0.21,,,10565,1.82,,
146.04,157.72,,,17.61,71.03,16.59,68.67,12529,1.28,,,6036,0.21,,,10566,1.82,,
146.05,157.71,,,17.62,71.05,16.59,68.67,12538,1.28,,,6039,0.21,,,10567,1.82,,
146.06,157.7,,,17.64,71.1,16.59,68.68,12548,1.28,,,6055,0.21,,,10568,1.82,,
146.07,157.68,,,17.65,71.13,16.59,68.68,12550,1.28,,,6060,0.21,,,10569,1.82,,
146.09,157.66,,,17.67,71.17,16.59,68.68,12561,1.27,,,6066,0.2,,,10570,1.82,,
146.1,157.64,,,17.68,71.19,16.59,68.68,12567,1.27,,,6071,0.2,,,10571,1.82,,
146.14,157.59,,,17.71,71.26,16.59,68.69,12574,1.27,,,6072,0.2,,,10572,1.82,,
146.15,157.58,,,17.73,71.31,16.59,68.69,12580,1.27,,,6075,0.2,,,10573,1.82,,
146.19,157.53,,,17.74,71.33,16.59,68.69,12590,1.27,,,6079,0.2,,,10574,1.82,,
146.23,157.48,,,17.75,71.35,16.6,68.69,12599,1.27,,,6086,0.2,,,10575,1.82,,
146.27,157.43,,,17.77,71.4,16.6,68.7,12602,1.27,,,6093,0.2,,,10576,1.82,,
146.28,157.41,,,17.79,71.45,16.6,68.7,12613,1.27,,,6101,0.2,,,10577,1.82,,
146.31,157.38,,,17.8,71.47,16.6,68.7,12621,1.27,,,6102,0.2,,,10578,1.82,,
146.32,157.36,,,17.82,71.51,16.6,68.7,12628,1.26,,,6118,0.2,,,10579,1.82,,
146.33,157.35,,,17.83,71.54,16.6,68.7,12635,1.26,,,6121,0.2,,,10580,1.82,,
146.35,157.33,,,17.86,71.6,16.6,68.71,12642,1.26,,,6134,0.2,,,10581,1.82,,
146.36,157.31,,,17.86,71.61,16.6,68.71,12652,1.26,,,6141,0.2,,,10582,1.82,,
146.39,157.27,,,17.88,71.66,16.6,68.71,12657,1.26,,,6147,0.2,,,10583,1.81,,
146.4,157.26,,,17.89,71.67,16.61,68.71,12665,1.26,,,6149,0.2,,,10584,1.81,,
146.41,157.25,,,17.9,71.7,16.61,68.72,12675,1.26,,,6161,0.2,,,10585,1.81,,
146.44,157.21,,,17.91,71.72,16.61,68.72,12685,1.26,,,6165,0.2,,,10586,1.81,,
146.49,157.15,,,17.92,71.75,16.61,68.72,12692,1.25,,,6180,0.2,,,10587,1.81,,
146.5,157.13,,,17.93,71.77,16.61,68.72,12702,1.25,,,6183,0.2,,,10588,1.81,,
146.53,157.1,,,17.94,71.79,16.61,68.73,12711,1.25,,,6195,0.2,,,10589,1.81,,
146.55,157.07,,,17.95,71.81,16.61,68.73,12717,1.25,,,6202,0.2,,,10590,1.81,,
146.57,157.05,,,17.96,71.84,16.61,68.73,12721,1.25,,,6204,0.2,,,10591,1.81,,
146.58,157.03,,,17.96,71.85,16.61,68.73,12734,1.25,,,6210,0.2,,,10592,1.81,,
146.59,157.02,,,17.99,71.91,16.61,68.73,12741,1.25,,,6225,0.2,,,10593,1.81,,
146.6,157.01,,,18,71.93,16.61,68.74,12753,1.25,,,6240,0.2,,,10594,1.81,,
146.61,156.99,,,18.01,71.95,16.62,68.74,12757,1.24,,,6242,0.2,,,10595,1.81,,
146.62,156.98,,,18.02,71.98,16.62,68.74,12765,1.24,,,6245,0.2,,,10596,1.81,,
146.64,156.96,,,18.03,72,16.62,68.74,12770,1.24,,,6256,0.2,,,10597,1.81,,
146.66,156.93,,,18.06,72.07,16.62,68.75,12781,1.24,,,6259,0.2,,,10598,1.81,,
146.69,156.89,,,18.07,72.09,16.62,68.75,12791,1.24,,,6265,0.2,,,10599,1.81,,
146.7,156.88,,,18.11,72.18,16.62,68.75,12798,1.24,,,6271,0.2,,,10600,1.81,,
146.73,156.84,,,18.12,72.21,16.62,68.75,12806,1.24,,,6285,0.2,,,10601,1.81,,
146.75,156.82,,,18.13,72.23,16.62,68.76,12816,1.24,,,6286,0.2,,,10602,1.81,,
146.78,156.78,,,18.15,72.28,16.62,68.76,12825,1.24,,,6288,0.2,,,10603,1.81,,
146.79,156.77,,,18.16,72.3,16.63,68.76,12832,1.23,,,6301,0.2,,,10604,1.81,,
146.82,156.73,,,18.18,72.35,16.63,68.76,12838,1.23,,,6308,0.2,,,10606,1.81,,
146.83,156.72,,,18.19,72.37,16.63,68.76,12852,1.23,,,6316,0.2,,,10607,1.81,,
146.84,156.7,,,18.2,72.39,16.63,68.77,12859,1.23,,,6317,0.2,,,10608,1.81,,
146.85,156.69,,,18.21,72.42,16.63,68.77,12863,1.23,,,6328,0.2,,,10609,1.81,,
146.88,156.65,,,18.23,72.46,16.63,68.77,12879,1.23,,,6331,0.2,,,10610,1.81,,
146.92,156.6,,,18.25,72.51,16.63,68.77,12886,1.23,,,6345,0.19,,,10611,1.81,,
146.94,156.58,,,18.27,72.55,16.63,68.78,12888,1.23,,,6350,0.19,,,10612,1.81,,
146.96,156.55,,,18.29,72.6,16.63,68.78,12901,1.22,,,6360,0.19,,,10613,1.81,,
146.97,156.54,,,18.31,72.65,16.63,68.78,12910,1.22,,,6370,0.19,,,10614,1.81,,
147.01,156.49,,,18.32,72.67,16.64,68.78,12920,1.22,,,6374,0.19,,,10615,1.81,,
147.02,156.47,,,18.33,72.69,16.64,68.79,12927,1.22,,,6388,0.19,,,10617,1.8,,
147.05,156.44,,,18.34,72.72,16.64,68.79,12936,1.22,,,6392,0.19,,,10619,1.8,,
147.08,156.4,,,18.35,72.74,16.64,68.79,12946,1.22,,,6403,0.19,,,10621,1.8,,
147.1,156.37,,,18.36,72.76,16.64,68.79,12957,1.22,,,6406,0.19,,,10622,1.8,,
147.11,156.36,,,18.37,72.78,16.64,68.79,12962,1.22,,,6413,0.19,,,10624,1.8,,
147.12,156.35,,,18.38,72.81,16.64,68.8,12976,1.21,,,6418,0.19,,,10625,1.8,,
147.14,156.32,,,18.39,72.83,16.64,68.8,12981,1.21,,,6432,0.19,,,10626,1.8,,
147.18,156.27,,,18.4,72.85,16.64,68.8,12996,1.21,,,6434,0.19,,,10627,1.8,,
147.19,156.26,,,18.41,72.88,16.64,68.8,13001,1.21,,,6436,0.19,,,10628,1.8,,
147.23,156.21,,,18.43,72.92,16.64,68.81,13012,1.21,,,6443,0.19,,,10629,1.8,,
147.24,156.2,,,18.44,72.95,16.65,68.81,13021,1.21,,,6448,0.19,,,10630,1.8,,
147.25,156.18,,,18.47,73.02,16.65,68.81,13025,1.21,,,6456,0.19,,,10632,1.8,,
147.26,156.17,,,18.48,73.04,16.65,68.81,13039,1.21,,,6462,0.19,,,10633,1.8,,
147.27,156.16,,,18.49,73.06,16.65,68.82,13047,1.2,,,6467,0.19,,,10635,1.8,,
147.28,156.15,,,18.5,73.08,16.65,68.82,13058,1.2,,,6478,0.19,,,10637,1.8,,
147.31,156.11,,,18.51,73.11,16.65,68.82,13067,1.2,,,6491,0.19,,,10639,1.8,,
147.36,156.05,,,18.52,73.13,16.65,68.82,13077,1.2,,,6494,0.19,,,10641,1.8,,
147.37,156.03,,,18.55,73.2,16.65,68.82,13084,1.2,,,6499,0.19,,,10642,1.8,,
147.38,156.02,,,18.56,73.22,16.65,68.83,13096,1.2,,,6508,0.19,,,10643,1.8,,
147.39,156.01,,,18.58,73.27,16.66,68.83,13102,1.2,,,6520,0.19,,,10644,1.8,,
147.4,156,,,18.59,73.29,16.66,68.83,13112,1.2,,,6522,0.19,,,10645,1.8,,
147.43,155.96,,,18.6,73.32,16.66,68.83,13118,1.19,,,6537,0.19,,,10647,1.8,,
147.45,155.93,,,18.63,73.39,16.66,68.84,13119,1.19,,,6542,0.19,,,10649,1.8,,
147.48,155.9,,,18.64,73.41,16.66,68.84,13122,1.19,,,6552,0.19,,,10650,1.79,,
147.49,155.88,,,18.65,73.43,16.66,68.84,13123,1.19,,,6553,0.19,,,10651,1.79,,
147.52,155.85,,,18.66,73.45,16.66,68.84,13133,1.19,,,6564,0.19,,,10652,1.79,,
147.53,155.83,,,18.68,73.5,16.66,68.85,13141,1.19,,,6569,0.19,,,10653,1.79,,
147.55,155.81,,,18.69,73.52,16.66,68.85,13150,1.19,,,6583,0.19,,,10654,1.79,,
147.58,155.77,,,18.73,73.62,16.66,68.85,13165,1.19,,,6586,0.19,,,10655,1.79,,
147.6,155.74,,,18.75,73.66,16.66,68.85,13169,1.19,,,6598,0.19,,,10656,1.79,,
147.62,155.72,,,18.76,73.69,16.67,68.85,13184,1.19,,,6609,0.19,,,10657,1.79,,
147.63,155.71,,,18.77,73.71,16.67,68.86,13191,1.19,,,6611,0.19,,,10658,1.79,,
147.64,155.69,,,18.78,73.73,16.67,68.86,13200,1.18,,,6615,0.19,,,10659,1.79,,
147.65,155.68,,,18.79,73.76,16.67,68.86,13212,1.18,,,6630,0.19,,,10660,1.79,,
147.66,155.67,,,18.8,73.78,16.67,68.86,13221,1.18,,,6631,0.19,,,10661,1.79,,
147.67,155.66,,,18.81,73.8,16.67,68.87,13229,1.18,,,6647,0.19,,,10663,1.79,,
147.71,155.61,,,18.83,73.85,16.67,68.87,13241,1.18,,,6652,0.19,,,10665,1.79,,
147.72,155.59,,,18.84,73.87,16.67,68.87,13243,1.18,,,6664,0.18,,,10666,1.79,,
147.76,155.54,,,18.87,73.94,16.67,68.87,13244,1.18,,,6672,0.18,,,10667,1.79,,
147.78,155.52,,,18.88,73.96,16.68,68.88,13251,1.18,,,6675,0.18,,,10668,1.79,,
147.8,155.49,,,18.89,73.99,16.68,68.88,13261,1.18,,,6680,0.18,,,10670,1.79,,
147.81,155.48,,,18.92,74.06,16.68,68.88,13272,1.17,,,6697,0.18,,,10671,1.79,,
147.84,155.44,,,18.94,74.1,16.68,68.88,13280,1.17,,,6714,0.18,,,10673,1.79,,
147.89,155.38,,,18.95,74.13,16.68,68.88,13290,1.17,,,6720,0.18,,,10675,1.79,,
147.9,155.37,,,18.97,74.17,16.68,68.89,13297,1.17,,,6730,0.18,,,10676,1.79,,
147.92,155.34,,,18.99,74.22,16.68,68.89,13301,1.17,,,6735,0.18,,,10677,1.79,,
147.93,155.33,,,19,74.24,16.68,68.89,13312,1.17,,,6742,0.18,,,10678,1.79,,
147.95,155.31,,,19.01,74.26,16.68,68.89,13321,1.17,,,6748,0.18,,,10679,1.79,,
147.96,155.29,,,19.02,74.29,16.68,68.9,13331,1.17,,,6763,0.18,,,10681,1.79,,
147.98,155.27,,,19.04,74.33,16.68,68.9,13344,1.17,,,6765,0.18,,,10682,1.79,,
148.02,155.22,,,19.05,74.36,16.69,68.9,13354,1.16,,,6783,0.18,,,10683,1.79,,
148.07,155.16,,,19.06,74.38,16.69,68.9,13361,1.16,,,6786,0.18,,,10684,1.78,,
148.09,155.13,,,19.07,74.4,16.69,68.91,13369,1.16,,,6800,0.18,,,10685,1.78,,
148.11,155.11,,,19.09,74.45,16.69,68.91,13383,1.16,,,6809,0.18,,,10686,1.78,,
148.13,155.08,,,19.12,74.52,16.69,68.91,13389,1.16,,,6818,0.18,,,10687,1.78,,
148.15,155.06,,,19.14,74.56,16.69,68.91,13402,1.16,,,6831,0.18,,,10688,1.78,,
148.16,155.05,,,19.15,74.59,16.69,68.91,13404,1.16,,,6835,0.18,,,10689,1.78,,
148.17,155.03,,,19.16,74.61,16.69,68.92,13405,1.16,,,6845,0.18,,,10690,1.78,,
148.19,155.01,,,19.17,74.63,16.69,68.92,13410,1.16,,,6852,0.18,,,10691,1.78,,
148.2,155,,,19.18,74.66,16.7,68.92,13412,1.16,,,6854,0.18,,,10693,1.78,,
148.21,154.98,,,19.19,74.68,16.7,68.92,13413,1.16,,,6855,0.18,,,10695,1.78,,
148.22,154.97,,,19.2,74.7,16.7,68.93,13417,1.16,,,6863,0.18,,,10696,1.78,,
148.23,154.96,,,19.21,74.73,16.7,68.93,13424,1.16,,,6873,0.18,,,10698,1.78,,
148.25,154.93,,,19.22,74.75,16.7,68.93,13433,1.15,,,6877,0.18,,,10699,1.78,,
148.26,154.92,,,19.23,74.77,16.7,68.93,13444,1.15,,,6884,0.18,,,10700,1.78,,
148.29,154.88,,,19.24,74.8,16.7,68.94,13451,1.15,,,6891,0.18,,,10701,1.78,,
148.34,154.82,,,19.26,74.84,16.7,68.94,13471,1.15,,,6901,0.18,,,10702,1.78,,
148.36,154.8,,,19.27,74.87,16.7,68.94,13479,1.15,,,6910,0.18,,,10703,1.78,,
148.37,154.78,,,19.29,74.91,16.7,68.94,13483,1.15,,,6923,0.18,,,10704,1.78,,
148.38,154.77,,,19.31,74.96,16.7,68.94,13486,1.15,,,6929,0.18,,,10706,1.78,,
148.42,154.72,,,19.32,74.98,16.71,68.95,13499,1.15,,,6948,0.18,,,10707,1.78,,
148.43,154.71,,,19.33,75,16.71,68.95,13500,1.15,,,6949,0.18,,,10708,1.78,,
148.44,154.7,,,19.36,75.07,16.71,68.95,13510,1.15,,,6967,0.18,,,10710,1.78,,
148.47,154.66,,,19.37,75.1,16.71,68.95,13520,1.14,,,6969,0.18,,,10711,1.78,,
148.49,154.64,,,19.38,75.12,16.71,68.96,13529,1.14,,,6988,0.18,,,10712,1.78,,
148.52,154.6,,,19.39,75.14,16.71,68.96,13542,1.14,,,6991,0.18,,,10713,1.78,,
148.55,154.56,,,19.41,75.19,16.71,68.96,13552,1.14,,,6992,0.18,,,10714,1.78,,
148.56,154.55,,,19.42,75.21,16.71,68.96,13565,1.14,,,7007,0.18,,,10715,1.78,,
148.59,154.51,,,19.43,75.24,16.71,68.97,13577,1.14,,,7016,0.17,,,10716,1.78,,
148.61,154.49,,,19.46,75.31,16.71,68.97,13584,1.14,,,7026,0.17,,,10717,1.78,,
148.64,154.45,,,19.47,75.33,16.72,68.97,13587,1.14,,,7038,0.17,,,10718,1.78,,
148.65,154.44,,,19.48,75.35,16.72,68.97,13591,1.14,,,7047,0.17,,,10719,1.77,,
148.66,154.43,,,19.49,75.37,16.72,68.97,13597,1.14,,,7057,0.17,,,10720,1.77,,
148.68,154.4,,,19.51,75.42,16.72,68.98,13607,1.13,,,7062,0.17,,,10721,1.77,,
148.7,154.38,,,19.52,75.44,16.72,68.98,13621,1.13,,,7068,0.17,,,10722,1.77,,
148.72,154.35,,,19.54,75.49,16.72,68.98,13632,1.13,,,7086,0.17,,,10723,1.77,,
148.75,154.31,,,19.55,75.51,16.72,68.98,13645,1.13,,,7107,0.17,,,10724,1.77,,
148.78,154.28,,,19.56,75.54,16.72,68.99,13654,1.13,,,7109,0.17,,,10725,1.77,,
148.79,154.27,,,19.57,75.56,16.72,68.99,13669,1.13,,,7127,0.17,,,10726,1.77,,
148.8,154.25,,,19.58,75.58,16.73,68.99,13679,1.13,,,7132,0.17,,,10727,1.77,,
148.81,154.24,,,19.59,75.61,16.73,68.99,13689,1.12,,,7149,0.17,,,10728,1.77,,
148.83,154.22,,,19.6,75.63,16.73,68.99,13699,1.12,,,7157,0.17,,,10729,1.77,,
148.85,154.19,,,19.61,75.65,16.73,69,13709,1.12,,,7169,0.17,,,10730,1.77,,
148.88,154.15,,,19.62,75.68,16.73,69,13713,1.12,,,7189,0.17,,,10731,1.77,,
148.92,154.1,,,19.63,75.7,16.73,69,13716,1.12,,,7191,0.17,,,10732,1.77,,
148.95,154.07,,,19.64,75.72,16.73,69,13729,1.12,,,7204,0.17,,,10733,1.77,,
148.97,154.04,,,19.65,75.75,16.73,69.01,13738,1.12,,,7212,0.17,,,10734,1.77,,
149.02,153.98,,,19.66,75.77,16.73,69.01,13751,1.12,,,7228,0.17,,,10735,1.77,,
149.04,153.96,,,19.67,75.79,16.73,69.01,13768,1.12,,,7232,0.17,,,10736,1.77,,
149.06,153.93,,,19.69,75.84,16.73,69.01,13778,1.11,,,7252,0.17,,,10737,1.77,,
149.09,153.9,,,19.7,75.86,16.74,69.02,13792,1.11,,,7253,0.17,,,10738,1.77,,
149.1,153.88,,,19.71,75.88,16.74,69.02,13801,1.11,,,7273,0.17,,,10739,1.77,,
149.11,153.87,,,19.72,75.91,16.74,69.02,13807,1.11,,,7276,0.17,,,10740,1.77,,
149.14,153.83,,,19.73,75.93,16.74,69.02,13817,1.11,,,7294,0.17,,,10741,1.77,,
149.15,153.82,,,19.75,75.98,16.74,69.02,13829,1.11,,,7300,0.17,,,10742,1.77,,
149.2,153.76,,,19.78,76.05,16.74,69.03,13845,1.11,,,7315,0.17,,,10743,1.77,,
149.22,153.74,,,19.79,76.07,16.74,69.03,13854,1.11,,,7324,0.17,,,10744,1.77,,
149.24,153.71,,,19.8,76.09,16.74,69.03,13867,1.1,,,7338,0.17,,,10745,1.77,,
149.25,153.7,,,19.81,76.12,16.74,69.03,13871,1.1,,,7349,0.17,,,10746,1.77,,
149.26,153.69,,,19.82,76.14,16.75,69.04,13872,1.1,,,7359,0.17,,,10747,1.77,,
149.29,153.65,,,19.83,76.16,16.75,69.04,13883,1.1,,,7374,0.17,,,10748,1.77,,
149.33,153.6,,,19.84,76.19,16.75,69.04,13900,1.1,,,7381,0.17,,,10749,1.77,,
149.34,153.59,,,19.85,76.21,16.75,69.04,13913,1.1,,,7398,0.17,,,10750,1.77,,
149.35,153.58,,,19.86,76.23,16.75,69.05,13924,1.1,,,7403,0.17,,,10751,1.77,,
149.38,153.54,,,19.88,76.28,16.75,69.05,13937,1.1,,,7422,0.17,,,10752,1.77,,
149.39,153.53,,,19.89,76.3,16.75,69.05,13949,1.1,,,7424,0.16,,,10753,1.77,,
149.4,153.52,,,19.92,76.37,16.75,69.05,13966,1.09,,,7446,0.16,,,10754,1.76,,
149.43,153.48,,,19.94,76.42,16.75,69.05,13977,1.09,,,7472,0.16,,,10755,1.76,,
149.45,153.45,,,19.96,76.46,16.75,69.06,13996,1.09,,,7475,0.16,,,10756,1.76,,
149.46,153.44,,,19.98,76.51,16.75,69.06,14006,1.09,,,7477,0.16,,,10757,1.76,,
149.47,153.43,,,19.99,76.53,16.76,69.06,14020,1.09,,,7497,0.16,,,10758,1.76,,
149.49,153.41,,,20,76.56,16.76,69.06,14022,1.09,,,7503,0.16,,,10759,1.76,,
149.51,153.38,,,20.02,76.6,16.76,69.07,14025,1.09,,,7521,0.16,,,10760,1.76,,
149.52,153.37,,,20.03,76.63,16.76,69.07,14026,1.09,,,7528,0.16,,,10761,1.76,,
149.53,153.36,,,20.04,76.65,16.76,69.07,14037,1.09,,,7543,0.16,,,10762,1.76,,
149.57,153.31,,,20.05,76.67,16.76,69.07,14046,1.08,,,7554,0.16,,,10763,1.76,,
149.6,153.27,,,20.06,76.7,16.76,69.08,14051,1.08,,,7568,0.16,,,10764,1.76,,
149.61,153.26,,,20.07,76.72,16.76,69.08,14056,1.08,,,7579,0.16,,,10765,1.76,,
149.63,153.24,,,20.09,76.76,16.76,69.08,14059,1.08,,,7590,0.16,,,10766,1.76,,
149.64,153.22,,,20.1,76.79,16.77,69.08,14067,1.08,,,7599,0.16,,,10767,1.76,,
149.66,153.2,,,20.11,76.81,16.77,69.08,14079,1.08,,,7606,0.16,,,10768,1.76,,
149.68,153.17,,,20.12,76.83,16.77,69.09,14094,1.08,,,7615,0.16,,,10769,1.76,,
149.69,153.16,,,20.13,76.86,16.77,69.09,14112,1.08,,,7632,0.16,,,10770,1.76,,
149.71,153.14,,,20.14,76.88,16.77,69.09,14128,1.08,,,7637,0.16,,,10771,1.76,,
149.75,153.09,,,20.15,76.9,16.77,69.09,14143,1.07,,,7657,0.16,,,10772,1.76,,
149.76,153.08,,,20.16,76.93,16.77,69.1,14157,1.07,,,7660,0.16,,,10773,1.76,,
149.79,153.04,,,20.17,76.95,16.77,69.1,14169,1.07,,,7668,0.16,,,10774,1.76,,
149.8,153.03,,,20.18,76.97,16.77,69.1,14189,1.07,,,7683,0.16,,,10775,1.76,,
149.81,153.02,,,20.2,77.02,16.77,69.1,14202,1.07,,,7705,0.16,,,10776,1.76,,
149.83,152.99,,,20.22,77.07,16.77,69.11,14217,1.07,,,7709,0.16,,,10777,1.76,,
149.88,152.93,,,20.23,77.09,16.78,69.11,14218,1.07,,,7727,0.16,,,10778,1.76,,
149.89,152.92,,,20.24,77.11,16.78,69.11,14231,1.07,,,7735,0.16,,,10779,1.76,,
150.07,152.7,,,20.25,77.14,16.78,69.11,14251,1.06,,,7739,0.16,,,10780,1.76,,
150.08,152.69,,,20.26,77.16,16.78,69.11,14267,1.06,,,7750,0.16,,,10781,1.76,,
150.1,152.66,,,20.28,77.21,16.78,69.12,14282,1.06,,,7762,0.16,,,10782,1.76,,
150.12,152.64,,,20.29,77.23,16.78,69.12,14299,1.06,,,7772,0.16,,,10783,1.76,,
150.14,152.62,,,20.3,77.25,16.78,69.12,14317,1.06,,,7789,0.16,,,10784,1.76,,
150.17,152.58,,,20.32,77.3,16.78,69.12,14332,1.06,,,7795,0.16,,,10785,1.76,,
150.2,152.54,,,20.33,77.32,16.78,69.13,14346,1.05,,,7814,0.16,,,10786,1.76,,
150.3,152.42,,,20.34,77.34,16.79,69.13,14362,1.05,,,7815,0.16,,,10787,1.76,,
150.34,152.37,,,20.35,77.37,16.79,69.13,14379,1.05,,,7817,0.16,,,10788,1.76,,
150.36,152.35,,,20.39,77.46,16.79,69.13,14396,1.05,,,7841,0.16,,,10789,1.75,,
150.38,152.33,,,20.4,77.48,16.79,69.14,14415,1.05,,,7842,0.16,,,10790,1.75,,
150.4,152.3,,,20.41,77.51,16.79,69.14,14430,1.05,,,7862,0.16,,,10791,1.75,,
150.45,152.24,,,20.42,77.53,16.79,69.14,14446,1.04,,,7869,0.16,,,10792,1.75,,
150.5,152.18,,,20.43,77.55,16.79,69.14,14461,1.04,,,7883,0.16,,,10793,1.75,,
150.6,152.06,,,20.46,77.62,16.79,69.14,14482,1.04,,,7889,0.16,,,10794,1.75,,
150.62,152.04,,,20.47,77.65,16.79,69.15,14498,1.04,,,7895,0.15,,,10795,1.75,,
150.63,152.02,,,20.49,77.69,16.79,69.15,14516,1.04,,,7905,0.15,,,10796,1.75,,
150.7,151.94,,,20.52,77.76,16.8,69.15,14536,1.04,,,7922,0.15,,,10797,1.75,,
150.73,151.9,,,20.54,77.81,16.8,69.15,14551,1.03,,,7929,0.15,,,10798,1.75,,
150.77,151.86,,,20.55,77.83,16.8,69.16,14565,1.03,,,7949,0.15,,,10799,1.75,,
150.8,151.82,,,20.59,77.92,16.8,69.16,14568,1.03,,,7963,0.15,,,10800,1.75,,
150.87,151.74,,,20.6,77.95,16.8,69.16,14585,1.03,,,7970,0.15,,,10801,1.75,,
150.89,151.71,,,20.61,77.97,16.8,69.16,14602,1.03,,,7978,0.15,,,10802,1.75,,
150.9,151.7,,,20.62,77.99,16.8,69.17,14617,1.03,,,7992,0.15,,,10803,1.75,,
151,151.58,,,20.64,78.04,16.8,69.17,14638,1.03,,,8005,0.15,,,10804,1.75,,
151.01,151.57,,,20.65,78.06,16.8,69.17,14657,1.02,,,8013,0.15,,,10805,1.75,,
151.1,151.46,,,20.66,78.09,16.8,69.17,14675,1.02,,,8032,0.15,,,10806,1.75,,
151.11,151.45,,,20.67,78.11,16.8,69.17,14689,1.02,,,8035,0.15,,,10807,1.75,,
151.17,151.38,,,20.68,78.13,16.81,69.18,14702,1.02,,,8036,0.15,,,10808,1.75,,
151.18,151.37,,,20.69,78.16,16.81,69.18,14709,1.02,,,8040,0.15,,,10809,1.75,,
151.2,151.34,,,20.71,78.2,16.81,69.18,14728,1.02,,,8056,0.15,,,10810,1.75,,
151.29,151.23,,,20.73,78.25,16.81,69.18,14744,1.02,,,8060,0.15,,,10811,1.75,,
151.3,151.22,,,20.76,78.32,16.81,69.19,14763,1.01,,,8077,0.15,,,10812,1.75,,
151.36,151.15,,,20.77,78.34,16.81,69.19,14778,1.01,,,8088,0.15,,,10813,1.75,,
151.4,151.1,,,20.79,78.39,16.81,69.19,14779,1.01,,,8098,0.15,,,10814,1.75,,
151.44,151.06,,,20.8,78.41,16.81,69.19,14789,1.01,,,8113,0.15,,,10815,1.75,,
151.45,151.04,,,20.81,78.43,16.81,69.2,14803,1.01,,,8116,0.15,,,10816,1.75,,
151.5,150.98,,,20.82,78.46,16.82,69.2,14818,1.01,,,8119,0.15,,,10817,1.75,,
151.57,150.9,,,20.83,78.48,16.82,69.2,14838,1.01,,,8140,0.15,,,10818,1.75,,
151.6,150.87,,,20.84,78.5,16.82,69.2,14854,1.01,,,8144,0.15,,,10819,1.75,,
151.61,150.85,,,20.85,78.53,16.82,69.2,14875,1,,,8160,0.15,,,10820,1.75,,
151.7,150.75,,,20.86,78.55,16.82,69.21,14892,1,,,8172,0.15,,,10821,1.75,,
151.73,150.71,,,20.87,78.57,16.82,69.21,14912,1,,,8182,0.15,,,10822,1.75,,
151.78,150.65,,,20.88,78.6,16.82,69.21,14931,1,,,8188,0.15,,,10823,1.75,,
151.8,150.63,,,20.89,78.62,16.82,69.21,14951,1,,,8199,0.15,,,10824,1.75,,
151.86,150.56,,,20.92,78.69,16.82,69.22,14973,1,,,8203,0.15,,,10825,1.74,,
151.9,150.51,,,20.93,78.71,16.82,69.22,14991,0.99,,,8223,0.15,,,10826,1.74,,
152,150.39,,,20.94,78.74,16.82,69.22,15020,0.99,,,8229,0.15,,,10827,1.74,,
152.01,150.38,,,20.96,78.78,16.83,69.22,15030,0.99,,,8242,0.15,,,10828,1.74,,
152.1,150.27,,,20.97,78.81,16.83,69.23,15036,0.99,,,8257,0.15,,,10830,1.74,,
152.11,150.26,,,20.98,78.83,16.83,69.23,15070,0.99,,,8263,0.15,,,10831,1.74,,
152.14,150.23,,,20.99,78.85,16.83,69.23,15080,0.99,,,8266,0.15,,,10832,1.74,,
152.2,150.16,,,21,78.88,16.83,69.23,15110,0.98,,,8284,0.15,,,10833,1.74,,
152.29,150.05,,,21.02,78.92,16.83,69.23,15150,0.98,,,8285,0.15,,,10834,1.74,,
152.3,150.04,,,21.03,78.95,16.83,69.24,15160,0.98,,,8305,0.15,,,10835,1.74,,
152.36,149.97,,,21.08,79.06,16.83,69.24,15180,0.98,,,8314,0.15,,,10836,1.74,,
152.4,149.92,,,21.09,79.08,16.83,69.24,15220,0.97,,,8326,0.15,,,10837,1.74,,
152.43,149.89,,,21.11,79.13,16.84,69.24,15230,0.97,,,8341,0.15,,,10838,1.74,,
152.45,149.86,,,21.15,79.22,16.84,69.25,15250,0.97,,,8343,0.15,,,10839,1.74,,
152.5,149.8,,,21.16,79.25,16.84,69.25,15270,0.97,,,8347,0.15,,,10840,1.74,,
152.57,149.72,,,21.17,79.27,16.84,69.25,15280,0.97,,,8368,0.15,,,10841,1.74,,
152.6,149.69,,,21.18,79.29,16.84,69.25,15310,0.97,,,8372,0.15,,,10842,1.74,,
152.61,149.68,,,21.19,79.32,16.84,69.26,15319,0.97,,,8388,0.15,,,10843,1.74,,
152.7,149.57,,,21.21,79.36,16.84,69.26,15340,0.96,,,8401,0.15,,,10844,1.74,,
152.71,149.56,,,21.23,79.41,16.84,69.26,15360,0.96,,,8410,0.15,,,10845,1.74,,
152.78,149.48,,,21.24,79.43,16.84,69.26,15370,0.96,,,8420,0.15,,,10846,1.74,,
152.8,149.45,,,21.25,79.46,16.84,69.26,15397,0.96,,,8431,0.15,,,10847,1.74,,
152.85,149.4,,,21.27,79.5,16.84,69.27,15400,0.96,,,8452,0.14,,,10848,1.74,,
152.86,149.38,,,21.28,79.53,16.85,69.27,15410,0.96,,,8458,0.14,,,10849,1.74,,
152.9,149.34,,,21.29,79.55,16.85,69.27,15430,0.96,,,8474,0.14,,,10850,1.74,,
153,149.22,,,21.3,79.57,16.85,69.27,15460,0.96,,,8488,0.14,,,10851,1.74,,
153.1,149.1,,,21.31,79.6,16.85,69.28,15480,0.95,,,8497,0.14,,,10852,1.74,,
153.11,149.09,,,21.34,79.67,16.85,69.28,15490,0.95,,,8500,0.14,,,10853,1.74,,
153.13,149.07,,,21.35,79.69,16.85,69.28,15508,0.95,,,8518,0.14,,,10854,1.74,,
153.14,149.06,,,21.36,79.71,16.85,69.28,15520,0.95,,,8540,0.14,,,10855,1.74,,
153.2,148.99,,,21.37,79.73,16.85,69.29,15540,0.95,,,8546,0.14,,,10856,1.74,,
153.29,148.88,,,21.38,79.76,16.85,69.29,15550,0.95,,,8562,0.14,,,10857,1.74,,
153.3,148.87,,,21.39,79.78,16.86,69.29,15560,0.95,,,8576,0.14,,,10858,1.74,,
153.36,148.8,,,21.41,79.83,16.86,69.29,15590,0.94,,,8581,0.14,,,10859,1.74,,
153.4,148.76,,,21.44,79.9,16.86,69.29,15600,0.94,,,8584,0.14,,,10861,1.73,,
153.43,148.72,,,21.46,79.94,16.86,69.3,15620,0.94,,,8604,0.14,,,10862,1.73,,
153.47,148.67,,,21.49,80.01,16.86,69.3,15640,0.94,,,8607,0.14,,,10864,1.73,,
153.5,148.64,,,21.51,80.06,16.86,69.3,15650,0.94,,,8629,0.14,,,10865,1.73,,
153.58,148.55,,,21.52,80.08,16.86,69.3,15660,0.94,,,8635,0.14,,,10866,1.73,,
153.6,148.52,,,21.54,80.13,16.86,69.31,15680,0.94,,,8653,0.14,,,10867,1.73,,
153.61,148.51,,,21.55,80.15,16.86,69.31,15690,0.94,,,8660,0.14,,,10869,1.73,,
153.7,148.41,,,21.56,80.18,16.86,69.31,15710,0.94,,,8665,0.14,,,10870,1.73,,
153.72,148.39,,,21.57,80.2,16.86,69.31,15750,0.93,,,8675,0.14,,,10871,1.73,,
153.8,148.29,,,21.58,80.22,16.87,69.32,15760,0.93,,,8680,0.14,,,10872,1.73,,
153.82,148.27,,,21.59,80.25,16.87,69.32,15780,0.93,,,8695,0.14,,,10873,1.73,,
153.86,148.22,,,21.61,80.29,16.87,69.32,15790,0.93,,,8699,0.14,,,10874,1.73,,
153.87,148.21,,,21.62,80.32,16.87,69.32,15830,0.93,,,8722,0.14,,,10875,1.73,,
153.9,148.18,,,21.63,80.34,16.87,69.32,15840,0.93,,,8725,0.14,,,10877,1.73,,
154,148.06,,,21.66,80.41,16.87,69.33,15860,0.92,,,8742,0.14,,,10878,1.73,,
154.01,148.05,,,21.68,80.46,16.87,69.33,15880,0.92,,,8745,0.14,,,10879,1.73,,
154.1,147.95,,,21.7,80.5,16.87,69.33,15890,0.92,,,8755,0.14,,,10880,1.73,,
154.12,147.93,,,21.71,80.53,16.87,69.33,15920,0.92,,,8769,0.14,,,10882,1.73,,
154.16,147.88,,,21.74,80.59,16.88,69.34,15940,0.92,,,8786,0.14,,,10883,1.73,,
154.17,147.87,,,21.78,80.69,16.88,69.34,15970,0.92,,,8787,0.14,,,10884,1.73,,
154.2,147.83,,,21.79,80.71,16.88,69.34,15972,0.92,,,8793,0.14,,,10885,1.73,,
154.29,147.73,,,21.81,80.76,16.88,69.34,15990,0.92,,,8817,0.14,,,10886,1.73,,
154.3,147.72,,,21.82,80.78,16.88,69.35,16000,0.91,,,8818,0.14,,,10887,1.73,,
154.38,147.63,,,21.83,80.8,16.88,69.35,16020,0.91,,,8824,0.14,,,10888,1.73,,
154.4,147.61,,,21.88,80.92,16.88,69.35,16040,0.91,,,8838,0.14,,,10889,1.73,,
154.46,147.54,,,21.89,80.94,16.88,69.35,16080,0.91,,,8842,0.14,,,10890,1.73,,
154.5,147.49,,,21.9,80.97,16.88,69.35,16100,0.91,,,8844,0.14,,,10891,1.73,,
154.57,147.41,,,21.91,80.99,16.88,69.36,16110,0.91,,,8847,0.14,,,10892,1.73,,
154.6,147.38,,,21.92,81.01,16.89,69.36,16120,0.91,,,8867,0.14,,,10893,1.73,,
154.63,147.34,,,21.93,81.04,16.89,69.36,16150,0.9,,,8878,0.14,,,10894,1.73,,
154.7,147.26,,,21.94,81.06,16.89,69.36,16160,0.9,,,8892,0.14,,,10895,1.73,,
154.76,147.19,,,21.96,81.11,16.89,69.37,16180,0.9,,,8904,0.14,,,10896,1.73,,
154.8,147.15,,,21.97,81.13,16.89,69.37,16210,0.9,,,8907,0.14,,,10897,1.73,,
154.85,147.09,,,21.98,81.15,16.89,69.37,16220,0.9,,,8909,0.14,,,10898,1.72,,
154.86,147.08,,,21.99,81.18,16.89,69.38,16230,0.9,,,8916,0.14,,,10899,1.72,,
154.89,147.05,,,22,81.2,16.89,69.38,16240,0.9,,,8925,0.14,,,10900,1.72,,
154.9,147.04,,,22.02,81.25,16.9,69.38,16260,0.9,,,8941,0.14,,,10901,1.72,,
155,146.92,,,22.03,81.27,16.9,69.39,16270,0.9,,,8942,0.14,,,10902,1.72,,
155.05,146.87,,,22.04,81.29,16.9,69.39,16280,0.89,,,8968,0.14,,,10903,1.72,,
155.1,146.81,,,22.06,81.34,16.9,69.39,16290,0.89,,,8972,0.14,,,10904,1.72,,
155.15,146.75,,,22.08,81.39,16.9,69.4,16302,0.89,,,8993,0.14,,,10905,1.72,,
155.19,146.71,,,22.1,81.43,16.9,69.4,16310,0.89,,,8995,0.14,,,10906,1.72,,
155.2,146.7,,,22.12,81.48,16.9,69.4,16320,0.89,,,9003,0.14,,,10908,1.72,,
155.3,146.58,,,22.13,81.5,16.91,69.4,16340,0.89,,,9018,0.14,,,10909,1.72,,
155.35,146.53,,,22.14,81.53,16.91,69.41,16350,0.89,,,9035,0.14,,,10911,1.72,,
155.4,146.47,,,22.15,81.55,16.91,69.41,16370,0.89,,,9046,0.14,,,10912,1.72,,
155.41,146.46,,,22.16,81.57,16.91,69.41,16382,0.89,,,9066,0.14,,,10913,1.72,,
155.43,146.44,,,22.18,81.62,16.91,69.42,16390,0.89,,,9073,0.14,,,10914,1.72,,
155.5,146.36,,,22.19,81.64,16.91,69.42,16400,0.89,,,9077,0.14,,,10915,1.72,,
155.54,146.31,,,22.2,81.66,16.91,69.42,16420,0.89,,,9098,0.13,,,10916,1.72,,
155.6,146.24,,,22.21,81.69,16.91,69.42,16422,0.89,,,9099,0.13,,,10917,1.72,,
155.64,146.2,,,22.23,81.73,16.92,69.44,16430,0.88,,,9126,0.13,,,10918,1.72,,
155.68,146.15,,,22.24,81.76,16.92,69.45,16440,0.88,,,9132,0.13,,,10919,1.72,,
155.7,146.13,,,22.25,81.78,16.94,69.49,16442,0.88,,,9152,0.13,,,10920,1.72,,
155.72,146.11,,,22.27,81.83,16.95,69.51,16470,0.88,,,9163,0.13,,,10921,1.72,,
155.79,146.03,,,22.3,81.9,16.97,69.55,16480,0.88,,,9166,0.13,,,10922,1.72,,
155.8,146.02,,,22.31,81.92,16.98,69.58,16510,0.88,,,9179,0.13,,,10923,1.72,,
155.88,145.93,,,22.32,81.94,17,69.62,16520,0.88,,,9196,0.13,,,10924,1.72,,
155.9,145.91,,,22.33,81.97,17,69.63,16530,0.88,,,9208,0.13,,,10925,1.72,,
155.94,145.86,,,22.35,82.01,17.01,69.65,16560,0.88,,,9229,0.13,,,10926,1.72,,
156,145.8,,,22.36,82.04,17.02,69.67,16590,0.87,,,9237,0.13,,,10927,1.72,,
156.01,145.78,,,22.37,82.06,17.04,69.72,16600,0.87,,,9250,0.13,,,10928,1.72,,
156.09,145.7,,,22.4,82.13,17.05,69.74,16610,0.87,,,9262,0.13,,,10929,1.72,,
156.1,145.68,,,22.42,82.18,17.07,69.79,16630,0.87,,,9265,0.13,,,10930,1.72,,
156.2,145.57,,,22.43,82.2,17.09,69.83,16640,0.87,,,9295,0.13,,,10931,1.72,,
156.23,145.54,,,22.44,82.22,17.11,69.88,16680,0.87,,,9328,0.13,,,10932,1.72,,
156.24,145.53,,,22.45,82.25,17.12,69.9,16700,0.87,,,9337,0.13,,,10933,1.72,,
156.3,145.46,,,22.47,82.29,17.13,69.92,16710,0.87,,,9361,0.13,,,10934,1.72,,
156.31,145.45,,,22.49,82.34,17.15,69.97,16750,0.86,,,9396,0.13,,,10935,1.71,,
156.38,145.37,,,22.5,82.36,17.16,69.98,16770,0.86,,,9425,0.13,,,10936,1.71,,
156.4,145.35,,,22.54,82.46,17.17,70.01,16780,0.86,,,9432,0.13,,,10937,1.71,,
156.47,145.27,,,22.55,82.48,17.17,70.02,16800,0.86,,,9518,0.13,,,10938,1.71,,
156.5,145.24,,,22.56,82.5,17.18,70.04,16820,0.86,,,9611,0.13,,,10939,1.71,,
156.53,145.2,,,22.57,82.53,17.19,70.06,16840,0.86,,,9705,0.13,,,10940,1.71,,
156.58,145.15,,,22.62,82.64,17.2,70.08,16850,0.86,,,9798,0.13,,,10942,1.71,,
156.6,145.13,,,22.63,82.67,17.2,70.09,16890,0.86,,,9892,0.12,,,10943,1.71,,
156.61,145.12,,,22.65,82.71,17.22,70.13,16900,0.86,,,9989,0.12,,,10944,1.71,,
156.68,145.04,,,22.66,82.74,17.25,70.2,16920,0.85,,,10086,0.12,,,10945,1.71,,
156.7,145.02,,,22.69,82.81,17.26,70.22,16940,0.85,,,10090,0.12,,,10946,1.71,,
156.73,144.98,,,22.7,82.83,17.29,70.29,16960,0.85,,,10185,0.12,,,10947,1.71,,
156.8,144.91,,,22.71,82.85,17.3,70.32,17010,0.85,,,10288,0.12,,,10948,1.71,,
156.83,144.87,,,22.72,82.88,17.32,70.36,17030,0.85,,,10484,0.12,,,10949,1.71,,
156.9,144.79,,,22.75,82.95,17.32,70.37,17050,0.85,,,10696,0.12,,,10950,1.71,,
156.91,144.78,,,22.77,82.99,17.33,70.38,17072,0.84,,,10715,0.12,,,10951,1.71,,
156.94,144.75,,,22.78,83.02,17.34,70.41,17080,0.84,,,10944,0.11,,,10952,1.71,,
156.98,144.71,,,22.8,83.06,17.35,70.43,17110,0.84,,,11189,0.11,,,10953,1.71,,
157,144.68,,,22.81,83.08,17.36,70.45,17130,0.84,,,11435,0.11,,,10954,1.71,,
157.1,144.57,,,22.82,83.11,17.36,70.45,17160,0.84,,,11656,0.11,,,10955,1.71,,
157.13,144.54,,,22.85,83.18,17.39,70.52,17170,0.84,,,11922,0.11,,,10957,1.71,,
157.2,144.46,,,22.86,83.2,17.4,70.55,17175,0.84,,,11942,0.11,,,10959,1.71,,
157.27,144.39,,,22.87,83.22,17.42,70.59,17190,0.84,,,12300,0.1,,,10960,1.71,,
157.28,144.38,,,22.9,83.29,17.45,70.66,17220,0.84,,,12554,0.1,,,10961,1.71,,
157.29,144.36,,,22.93,83.36,17.46,70.68,17230,0.84,,,12664,0.1,,,10962,1.71,,
157.3,144.35,,,22.94,83.39,17.49,70.75,17270,0.83,,,12832,0.1,,,10963,1.71,,
157.4,144.24,,,22.95,83.41,17.5,70.78,17280,0.83,,,12968,0.1,,,10964,1.71,,
157.43,144.21,,,22.97,83.46,17.52,70.82,17296,0.83,,,13122,0.1,,,10965,1.71,,
157.5,144.13,,,23.02,83.57,17.53,70.85,17322,0.83,,,13436,0.1,,,10966,1.71,,
157.54,144.09,,,23.03,83.6,17.54,70.86,17340,0.83,,,13736,0.09,,,10967,1.71,,
157.58,144.05,,,23.04,83.62,17.55,70.89,17360,0.83,,,14011,0.09,,,10968,1.71,,
157.6,144.02,,,23.09,83.74,17.57,70.94,17370,0.83,,,14019,0.09,,,10969,1.71,,
157.64,143.98,,,23.1,83.76,17.58,70.96,17390,0.83,,,14051,0.09,,,10970,1.71,,
157.7,143.91,,,23.14,83.85,17.58,70.96,17400,0.83,,,14054,0.09,,,10971,1.71,,
157.73,143.88,,,23.15,83.88,17.59,70.98,17410,0.83,,,14057,0.09,,,10972,1.7,,
157.8,143.81,,,23.16,83.9,17.59,70.98,17420,0.82,,,14065,0.09,,,10973,1.7,,
157.81,143.79,,,23.17,83.92,17.61,71.03,17470,0.82,,,14089,0.09,,,10974,1.7,,
157.88,143.72,,,23.18,83.95,17.62,71.05,17490,0.82,,,14116,0.09,,,10975,1.7,,
157.9,143.7,,,23.2,83.99,17.63,71.08,17500,0.82,,,14123,0.09,,,10977,1.7,,
158,143.59,,,23.21,84.02,17.64,71.1,17509,0.82,,,14158,0.09,,,10978,1.7,,
158.04,143.54,,,23.22,84.04,17.65,71.12,17514,0.82,,,14194,0.09,,,10979,1.7,,
158.08,143.5,,,23.24,84.09,17.66,71.15,17517,0.82,,,14229,0.09,,,10981,1.7,,
158.1,143.48,,,23.25,84.11,17.67,71.17,17520,0.82,,,14260,0.09,,,10982,1.7,,
158.19,143.38,,,23.26,84.13,17.69,71.21,17550,0.82,,,14264,0.09,,,10983,1.7,,
158.2,143.37,,,23.27,84.16,17.7,71.24,17560,0.82,,,14290,0.09,,,10984,1.7,,
158.3,143.26,,,23.29,84.2,17.72,71.28,17570,0.82,,,14299,0.09,,,10986,1.7,,
158.34,143.22,,,23.31,84.25,17.73,71.31,17580,0.82,,,14334,0.09,,,10988,1.7,,
158.36,143.2,,,23.32,84.27,17.74,71.33,17620,0.81,,,14371,0.09,,,10989,1.7,,
158.4,143.15,,,23.34,84.32,17.76,71.38,17630,0.81,,,14412,0.09,,,10990,1.7,,
158.49,143.05,,,23.38,84.41,17.77,71.4,17640,0.81,,,14425,0.09,,,10992,1.7,,
158.5,143.04,,,23.39,84.44,17.77,71.4,17700,0.81,,,14447,0.09,,,10994,1.7,,
158.6,142.94,,,23.42,84.51,17.79,71.45,17710,0.81,,,14457,0.09,,,10995,1.7,,
158.63,142.9,,,23.44,84.55,17.8,71.47,17750,0.81,,,14484,0.09,,,10996,1.7,,
158.64,142.89,,,23.45,84.58,17.81,71.49,17760,0.81,,,14522,0.09,,,10997,1.7,,
158.7,142.83,,,23.46,84.6,17.83,71.54,17780,0.81,,,14555,0.09,,,10999,1.7,,
158.72,142.81,,,23.47,84.62,17.84,71.56,17790,0.8,,,14576,0.09,,,11000,1.7,,
158.79,142.73,,,23.49,84.67,17.86,71.61,17840,0.8,,,14586,0.09,,,11001,1.7,,
158.8,142.72,,,23.51,84.72,17.87,71.63,17860,0.8,,,14589,0.09,,,11002,1.7,,
158.9,142.61,,,23.54,84.79,17.88,71.65,17880,0.8,,,14627,0.09,,,11003,1.7,,
158.95,142.56,,,23.55,84.81,17.9,71.69,17890,0.8,,,14663,0.09,,,11004,1.7,,
159,142.5,,,23.58,84.88,17.9,71.7,17903,0.8,,,14698,0.09,,,11005,1.7,,
159.07,142.43,,,23.59,84.9,17.91,71.72,17950,0.8,,,14707,0.09,,,11006,1.7,,
159.09,142.41,,,23.6,84.93,17.92,71.75,17970,0.8,,,14731,0.09,,,11007,1.7,,
159.1,142.4,,,23.62,84.97,17.94,71.79,17990,0.79,,,14732,0.09,,,11008,1.7,,
159.18,142.31,,,23.63,85,17.95,71.81,18010,0.79,,,14763,0.09,,,11009,1.7,,
159.2,142.29,,,23.64,85.02,17.95,71.81,18070,0.79,,,14783,0.09,,,11010,1.69,,
159.25,142.24,,,23.65,85.04,17.97,71.86,18080,0.79,,,14896,0.09,,,11011,1.69,,
159.3,142.18,,,23.68,85.11,17.99,71.91,18090,0.79,,,15100,0.09,,,11012,1.69,,
159.4,142.07,,,23.69,85.14,17.99,71.91,18110,0.79,,,15270,0.09,,,11014,1.69,,
159.44,142.03,,,23.7,85.16,18.01,71.95,18160,0.79,,,15390,0.09,,,11016,1.69,,
159.46,142.01,,,23.76,85.3,18.02,71.98,18170,0.79,,,15450,0.09,,,11017,1.69,,
159.5,141.97,,,23.77,85.32,18.04,72.02,18200,0.78,,,15504,0.09,,,11018,1.69,,
159.56,141.9,,,23.79,85.37,18.06,72.07,18210,0.78,,,15620,0.08,,,11020,1.69,,
159.6,141.86,,,23.81,85.42,18.07,72.09,18230,0.78,,,15800,0.08,,,11021,1.69,,
159.61,141.85,,,23.84,85.49,18.08,72.11,18240,0.78,,,15970,0.08,,,11023,1.69,,
159.7,141.75,,,23.85,85.51,18.09,72.14,18260,0.78,,,16016,0.08,,,11024,1.69,,
159.73,141.72,,,23.86,85.53,18.1,72.16,18290,0.78,,,16118,0.08,,,11025,1.69,,
159.8,141.65,,,23.87,85.56,18.12,72.21,18310,0.78,,,16150,0.08,,,11026,1.69,,
159.87,141.57,,,23.9,85.63,18.14,72.25,18360,0.78,,,16265,0.08,,,11027,1.69,,
159.9,141.54,,,23.94,85.72,18.15,72.28,18370,0.78,,,16320,0.08,,,11028,1.69,,
159.91,141.53,,,23.98,85.81,18.16,72.3,18390,0.77,,,16344,0.08,,,11029,1.69,,
160,141.43,,,23.99,85.84,18.17,72.32,18410,0.77,,,16490,0.08,,,11030,1.69,,
160.01,141.42,,,24.03,85.93,18.18,72.35,18420,0.77,,,16700,0.08,,,11031,1.69,,
160.1,141.33,,,24.05,85.98,18.2,72.39,18450,0.77,,,16890,0.08,,,11032,1.69,,
160.16,141.26,,,24.06,86,18.22,72.44,18460,0.77,,,17013,0.08,,,11033,1.69,,
160.19,141.23,,,24.07,86.02,18.23,72.46,18470,0.77,,,17080,0.08,,,11034,1.69,,
160.2,141.22,,,24.08,86.05,18.24,72.48,18520,0.77,,,17270,0.08,,,11035,1.69,,
160.21,141.21,,,24.11,86.12,18.25,72.51,18550,0.77,,,17480,0.08,,,11037,1.69,,
160.29,141.13,,,24.12,86.14,18.27,72.55,18580,0.77,,,17690,0.08,,,11038,1.69,,
160.3,141.12,,,24.13,86.16,18.29,72.6,18590,0.76,,,17890,0.08,,,11039,1.69,,
160.32,141.1,,,24.14,86.19,18.3,72.62,18600,0.76,,,18090,0.08,,,11040,1.69,,
160.4,141.01,,,24.15,86.21,18.31,72.65,18640,0.76,,,18290,0.08,,,11042,1.69,,
160.5,140.91,,,24.2,86.33,18.32,72.67,18670,0.76,,,18500,0.07,,,11043,1.69,,
160.51,140.89,,,24.25,86.44,18.34,72.72,18700,0.76,,,18700,0.07,,,11044,1.69,,
160.52,140.88,,,24.29,86.54,18.35,72.74,18710,0.76,,,18950,0.07,,,11046,1.69,,
160.57,140.83,,,24.3,86.56,18.36,72.76,18770,0.76,,,19140,0.07,,,11047,1.69,,
160.6,140.8,,,24.31,86.58,18.37,72.78,18810,0.75,,,19380,0.07,,,11049,1.68,,
160.64,140.76,,,24.32,86.61,18.38,72.81,18830,0.75,,,19620,0.07,,,11051,1.68,,
160.7,140.69,,,24.33,86.63,18.39,72.83,18860,0.75,,,19850,0.07,,,11052,1.68,,
160.8,140.59,,,24.34,86.65,18.4,72.85,18870,0.75,,,20070,0.07,,,11053,1.68,,
160.83,140.56,,,24.38,86.75,18.41,72.88,18910,0.75,,,20340,0.07,,,11054,1.68,,
160.85,140.54,,,24.39,86.77,18.42,72.9,18930,0.75,,,20350,0.07,,,11055,1.68,,
160.89,140.49,,,24.4,86.79,18.43,72.92,18950,0.75,,,20580,0.07,,,11056,1.68,,
160.9,140.48,,,24.41,86.82,18.44,72.95,18960,0.75,,,20810,0.07,,,11057,1.68,,
160.96,140.42,,,24.42,86.84,18.46,72.99,19020,0.75,,,21040,0.07,,,11058,1.68,,
161,140.38,,,24.43,86.86,18.47,73.02,19040,0.74,,,21300,0.07,,,11059,1.68,,
161.1,140.27,,,24.44,86.89,18.48,73.04,19080,0.74,,,21580,0.07,,,11060,1.68,,
161.13,140.24,,,24.45,86.91,18.49,73.06,19140,0.74,,,21760,0.07,,,11061,1.68,,
161.14,140.23,,,24.46,86.93,18.5,73.08,19170,0.74,,,21840,0.07,,,11062,1.68,,
161.2,140.17,,,24.47,86.96,18.51,73.11,19190,0.74,,,21850,0.07,,,11064,1.68,,
161.26,140.11,,,24.48,86.98,18.53,73.15,19230,0.74,,,22040,0.07,,,11065,1.68,,
161.28,140.09,,,24.52,87.07,18.54,73.18,19270,0.73,,,22060,0.07,,,11067,1.68,,
161.3,140.07,,,24.54,87.12,18.55,73.2,19280,0.73,,,22070,0.07,,,11068,1.68,,
161.4,139.96,,,24.55,87.14,18.56,73.22,19290,0.73,,,22130,0.07,,,11069,1.68,,
161.41,139.95,,,24.56,87.17,18.57,73.25,19300,0.73,,,22390,0.07,,,11070,1.68,,
161.45,139.91,,,24.57,87.19,18.58,73.27,19310,0.73,,,22710,0.06,,,11072,1.68,,
161.46,139.9,,,24.59,87.24,18.59,73.29,19330,0.73,,,23540,0.06,,,11073,1.68,,
161.5,139.86,,,24.6,87.26,18.6,73.32,19340,0.73,,,24210,0.06,,,11074,1.68,,
161.6,139.75,,,24.61,87.28,18.61,73.34,19370,0.73,,,24900,0.06,,,11075,1.68,,
161.61,139.74,,,24.64,87.36,18.62,73.36,19420,0.73,,,25590,0.06,,,11076,1.68,,
161.62,139.73,,,24.65,87.38,18.63,73.39,19430,0.73,,,26450,0.06,,,11077,1.68,,
161.69,139.66,,,24.68,87.45,18.64,73.41,19460,0.73,,,27190,0.06,,,11078,1.68,,
161.7,139.65,,,24.69,87.47,18.65,73.43,19470,0.73,,,27960,0.06,,,11079,1.68,,
161.76,139.59,,,24.71,87.52,18.66,73.45,19510,0.72,,,28730,0.06,,,11080,1.68,,
161.79,139.55,,,24.73,87.57,18.67,73.48,19540,0.72,,,29670,0.05,,,11081,1.68,,
161.8,139.54,,,24.75,87.61,18.68,73.5,19560,0.72,,,30510,0.05,,,11082,1.68,,
161.9,139.44,,,24.76,87.64,18.69,73.52,19600,0.72,,,31340,0.05,,,11083,1.68,,
161.93,139.41,,,24.77,87.66,18.71,73.57,19640,0.72,,,32330,0.05,,,11084,1.68,,
161.97,139.37,,,24.79,87.71,18.73,73.62,19680,0.72,,,33380,0.05,,,11086,1.68,,
162,139.34,,,24.8,87.73,18.74,73.64,19700,0.72,,,34550,0.05,,,11088,1.67,,
162.08,139.25,,,24.81,87.75,18.75,73.66,19750,0.72,,,35740,0.05,,,11089,1.67,,
162.1,139.23,,,24.82,87.78,18.76,73.69,19760,0.71,,,37410,0.05,,,11091,1.67,,
162.11,139.22,,,24.85,87.85,18.77,73.71,19770,0.71,,,38510,0.05,,,11092,1.67,,
162.2,139.13,,,24.89,87.94,18.78,73.73,19780,0.71,,,48300,0.04,,,11093,1.67,,
162.25,139.08,,,24.92,88.01,18.8,73.78,19820,0.71,,,48480,0.04,,,11094,1.67,,
162.26,139.07,,,24.94,88.06,18.81,73.8,19830,0.71,,,48540,0.04,,,11095,1.67,,
162.3,139.03,,,24.97,88.13,18.82,73.82,19880,0.71,,,48570,0.04,,,11096,1.67,,
162.37,138.95,,,24.98,88.15,18.84,73.87,19890,0.71,,,48590,0.04,,,11097,1.67,,
162.39,138.93,,,25.03,88.27,18.86,73.92,19910,0.71,,,49020,0.04,,,11098,1.67,,
162.4,138.92,,,25.04,88.29,18.87,73.94,19920,0.71,,,49070,0.04,,,11099,1.67,,
162.43,138.89,,,25.06,88.34,18.89,73.99,19970,0.71,,,49150,0.04,,,11100,1.67,,
162.5,138.82,,,25.07,88.36,18.9,74.01,19990,0.71,,,49170,0.04,,,11101,1.67,,
162.54,138.78,,,25.08,88.38,18.91,74.03,20020,0.7,,,52180,0.04,,,11102,1.67,,
162.58,138.74,,,25.09,88.41,18.92,74.06,20050,0.7,,,52740,0.04,,,11103,1.67,,
162.6,138.72,,,25.13,88.5,18.93,74.08,20060,0.7,,,53180,0.04,,,11105,1.67,,
162.7,138.62,,,25.14,88.52,18.95,74.13,20110,0.7,,,68640,0.03,,,11107,1.67,,
162.71,138.6,,,25.15,88.55,18.97,74.17,20140,0.7,,,74590,0.03,,,11108,1.67,,
162.74,138.57,,,25.16,88.57,18.99,74.22,20180,0.7,,,74820,0.03,,,11109,1.67,,
162.76,138.55,,,25.2,88.66,19.01,74.26,20210,0.7,,,75050,0.03,,,11110,1.67,,
162.8,138.51,,,25.22,88.71,19.02,74.29,20240,0.7,,,75120,0.03,,,11111,1.67,,
162.83,138.48,,,25.24,88.76,19.03,74.31,20270,0.7,,,75170,0.03,,,11112,1.67,,
162.9,138.41,,,25.25,88.78,19.04,74.33,20320,0.69,,,75180,0.03,,,11113,1.67,,
162.91,138.4,,,25.27,88.83,19.05,74.36,20360,0.69,,,,,,,11114,1.67,,
163,138.31,,,25.3,88.9,19.06,74.38,20380,0.69,,,,,,,11115,1.67,,
163.03,138.28,,,25.31,88.92,19.07,74.4,20400,0.69,,,,,,,11116,1.67,,
163.08,138.23,,,25.32,88.95,19.09,74.45,20420,0.69,,,,,,,11117,1.67,,
163.1,138.21,,,25.33,88.97,19.11,74.5,20440,0.69,,,,,,,11118,1.67,,
163.12,138.19,,,25.34,88.99,19.13,74.54,20450,0.69,,,,,,,11119,1.67,,
163.2,138.1,,,25.35,89.02,19.14,74.56,20460,0.69,,,,,,,11120,1.67,,
163.23,138.07,,,25.36,89.04,19.15,74.59,20470,0.69,,,,,,,11122,1.67,,
163.3,138,,,25.4,89.13,19.17,74.63,20490,0.69,,,,,,,11123,1.67,,
163.35,137.95,,,25.41,89.16,19.18,74.66,20510,0.69,,,,,,,11124,1.67,,
163.4,137.9,,,25.42,89.18,19.19,74.68,20540,0.69,,,,,,,11125,1.67,,
163.41,137.89,,,25.43,89.2,19.21,74.73,20550,0.69,,,,,,,11126,1.67,,
163.49,137.81,,,25.46,89.27,19.23,74.77,20590,0.68,,,,,,,11127,1.67,,
163.5,137.8,,,25.47,89.3,19.24,74.8,20640,0.68,,,,,,,11128,1.66,,
163.55,137.75,,,25.48,89.32,19.25,74.82,20680,0.68,,,,,,,11129,1.66,,
163.6,137.7,,,25.49,89.34,19.28,74.89,20720,0.68,,,,,,,11130,1.66,,
163.67,137.63,,,25.5,89.37,19.29,74.91,20730,0.68,,,,,,,11131,1.66,,
163.69,137.61,,,25.51,89.39,19.3,74.93,20740,0.68,,,,,,,11133,1.66,,
163.7,137.6,,,25.53,89.44,19.32,74.98,20750,0.68,,,,,,,11134,1.66,,
163.73,137.56,,,25.54,89.46,19.33,75,20770,0.68,,,,,,,11136,1.66,,
163.8,137.49,,,25.55,89.48,19.34,75.03,20810,0.68,,,,,,,11137,1.66,,
163.87,137.42,,,25.56,89.51,19.35,75.05,20830,0.68,,,,,,,11138,1.66,,
163.88,137.41,,,25.58,89.55,19.36,75.07,20870,0.67,,,,,,,11139,1.66,,
163.9,137.39,,,25.59,89.58,19.38,75.12,20890,0.67,,,,,,,11140,1.66,,
163.98,137.31,,,25.63,89.67,19.39,75.14,20900,0.67,,,,,,,11141,1.66,,
163.99,137.3,,,25.64,89.69,19.4,75.17,20920,0.67,,,,,,,11142,1.66,,
164,137.29,,,25.67,89.76,19.42,75.21,20960,0.67,,,,,,,11143,1.66,,
164.06,137.23,,,25.7,89.83,19.43,75.24,20980,0.67,,,,,,,11144,1.66,,
164.1,137.19,,,25.71,89.86,19.45,75.28,20990,0.67,,,,,,,11145,1.66,,
164.2,137.09,,,25.72,89.88,19.47,75.33,21020,0.67,,,,,,,11147,1.66,,
164.26,137.03,,,25.73,89.91,19.48,75.35,21030,0.67,,,,,,,11148,1.66,,
164.27,137.02,,,25.75,89.95,19.49,75.37,21080,0.67,,,,,,,11149,1.66,,
164.3,136.99,,,25.77,90,19.5,75.4,21110,0.67,,,,,,,11150,1.66,,
164.33,136.96,,,25.79,90.05,19.51,75.42,21140,0.66,,,,,,,11151,1.66,,
164.39,136.9,,,25.81,90.09,19.53,75.47,21190,0.66,,,,,,,11152,1.66,,
164.4,136.89,,,25.82,90.12,19.55,75.51,21220,0.66,,,,,,,11153,1.66,,
164.5,136.79,,,25.83,90.14,19.56,75.54,21260,0.66,,,,,,,11154,1.66,,
164.53,136.76,,,25.84,90.16,19.58,75.58,21280,0.66,,,,,,,11155,1.66,,
164.56,136.73,,,25.85,90.19,19.6,75.63,21310,0.66,,,,,,,11156,1.66,,
164.6,136.69,,,25.86,90.21,19.63,75.7,21360,0.66,,,,,,,11157,1.66,,
164.63,136.66,,,25.93,90.37,19.64,75.72,21380,0.66,,,,,,,11159,1.66,,
164.65,136.64,,,25.94,90.4,19.65,75.75,21430,0.66,,,,,,,11160,1.66,,
164.7,136.59,,,25.95,90.42,19.66,75.77,21450,0.65,,,,,,,11161,1.66,,
164.72,136.57,,,25.97,90.47,19.67,75.79,21470,0.65,,,,,,,11162,1.66,,
164.8,136.49,,,25.99,90.51,19.69,75.84,21500,0.65,,,,,,,11163,1.66,,
164.86,136.43,,,26,90.54,19.7,75.86,21530,0.65,,,,,,,11164,1.66,,
164.9,136.39,,,26.01,90.56,19.72,75.91,21560,0.65,,,,,,,11165,1.66,,
164.98,136.31,,,26.03,90.61,19.73,75.93,21590,0.65,,,,,,,11166,1.66,,
165,136.29,,,26.06,90.68,19.75,75.98,21620,0.65,,,,,,,11167,1.66,,
165.02,136.27,,,26.1,90.77,19.77,76.02,21630,0.65,,,,,,,11168,1.65,,
165.05,136.24,,,26.13,90.84,19.78,76.05,21650,0.65,,,,,,,11169,1.65,,
165.1,136.19,,,26.16,90.91,19.8,76.09,21700,0.65,,,,,,,11170,1.65,,
165.15,136.14,,,26.17,90.94,19.82,76.14,21730,0.65,,,,,,,11171,1.65,,
165.19,136.1,,,26.18,90.96,19.84,76.19,21780,0.64,,,,,,,11172,1.65,,
165.2,136.09,,,26.19,90.98,19.85,76.21,21790,0.64,,,,,,,11174,1.65,,
165.3,135.99,,,26.2,91.01,19.87,76.25,21810,0.64,,,,,,,11176,1.65,,
165.31,135.98,,,26.23,91.08,19.89,76.3,21830,0.64,,,,,,,11177,1.65,,
165.38,135.91,,,26.24,91.1,19.91,76.35,21850,0.64,,,,,,,11178,1.65,,
165.4,135.89,,,26.25,91.12,19.93,76.39,21870,0.64,,,,,,,11179,1.65,,
165.44,135.85,,,26.27,91.17,19.94,76.42,21930,0.64,,,,,,,11180,1.65,,
165.5,135.79,,,26.33,91.31,19.95,76.44,21960,0.64,,,,,,,11181,1.65,,
165.52,135.77,,,26.34,91.33,19.98,76.51,21990,0.64,,,,,,,11182,1.65,,
165.6,135.69,,,26.38,91.43,19.99,76.53,22010,0.64,,,,,,,11183,1.65,,
165.64,135.65,,,26.39,91.45,20,76.56,22040,0.64,,,,,,,11184,1.65,,
165.7,135.59,,,26.42,91.52,20.01,76.58,22070,0.64,,,,,,,11186,1.65,,
165.71,135.58,,,26.43,91.55,20.02,76.6,22090,0.64,,,,,,,11188,1.65,,
165.73,135.56,,,26.44,91.57,20.03,76.63,22140,0.63,,,,,,,11189,1.65,,
165.78,135.51,,,26.45,91.59,20.04,76.65,22150,0.63,,,,,,,11190,1.65,,
165.8,135.49,,,26.46,91.62,20.06,76.7,22190,0.63,,,,,,,11191,1.65,,
165.85,135.44,,,26.47,91.64,20.07,76.72,22230,0.63,,,,,,,11192,1.65,,
165.9,135.4,,,26.48,91.66,20.08,76.74,22280,0.63,,,,,,,11193,1.65,,
165.96,135.34,,,26.5,91.71,20.09,76.76,22290,0.63,,,,,,,11194,1.65,,
166,135.3,,,26.52,91.76,20.11,76.81,22310,0.63,,,,,,,11195,1.65,,
166.03,135.27,,,26.55,91.83,20.12,76.83,22340,0.63,,,,,,,11196,1.65,,
166.04,135.26,,,26.57,91.87,20.14,76.88,22350,0.63,,,,,,,11197,1.65,,
166.1,135.2,,,26.62,91.99,20.16,76.93,22410,0.63,,,,,,,11198,1.65,,
166.17,135.13,,,26.63,92.01,20.17,76.95,22420,0.63,,,,,,,11200,1.65,,
166.18,135.12,,,26.64,92.04,20.18,76.97,22500,0.62,,,,,,,11201,1.65,,
166.2,135.1,,,26.66,92.08,20.19,77,22530,0.62,,,,,,,11202,1.65,,
166.3,135,,,26.67,92.11,20.21,77.04,22580,0.62,,,,,,,11203,1.65,,
166.33,134.97,,,26.68,92.13,20.22,77.07,22610,0.62,,,,,,,11204,1.65,,
166.38,134.92,,,26.69,92.16,20.23,77.09,22660,0.62,,,,,,,11205,1.65,,
166.4,134.9,,,26.7,92.18,20.24,77.11,22670,0.62,,,,,,,11206,1.65,,
166.5,134.81,,,26.74,92.27,20.27,77.18,22720,0.62,,,,,,,11207,1.65,,
166.51,134.8,,,26.75,92.3,20.29,77.23,22780,0.62,,,,,,,11208,1.64,,
166.56,134.75,,,26.76,92.32,20.3,77.25,22820,0.61,,,,,,,11209,1.64,,
166.6,134.71,,,26.77,92.34,20.32,77.3,22840,0.61,,,,,,,11211,1.64,,
166.63,134.68,,,26.78,92.37,20.35,77.37,22890,0.61,,,,,,,11212,1.64,,
166.7,134.61,,,26.81,92.44,20.36,77.39,22900,0.61,,,,,,,11214,1.64,,
166.71,134.6,,,26.84,92.51,20.37,77.41,22940,0.61,,,,,,,11215,1.64,,
166.8,134.51,,,26.85,92.53,20.38,77.44,23010,0.61,,,,,,,11216,1.64,,
166.84,134.47,,,26.88,92.6,20.4,77.48,23050,0.61,,,,,,,11217,1.64,,
166.9,134.42,,,26.89,92.62,20.42,77.53,23070,0.61,,,,,,,11218,1.64,,
166.93,134.39,,,26.9,92.65,20.43,77.55,23130,0.61,,,,,,,11219,1.64,,
166.95,134.37,,,26.92,92.69,20.44,77.58,23150,0.61,,,,,,,11220,1.64,,
167,134.32,,,26.96,92.79,20.45,77.6,23160,0.61,,,,,,,11221,1.64,,
167.05,134.27,,,26.99,92.86,20.47,77.65,23210,0.6,,,,,,,11223,1.64,,
167.1,134.22,,,27,92.88,20.48,77.67,23240,0.6,,,,,,,11224,1.64,,
167.18,134.14,,,27.02,92.93,20.5,77.72,23280,0.6,,,,,,,11226,1.64,,
167.2,134.12,,,27.07,93.05,20.51,77.74,23290,0.6,,,,,,,11227,1.64,,
167.22,134.1,,,27.08,93.07,20.54,77.81,23300,0.6,,,,,,,11228,1.64,,
167.29,134.04,,,27.09,93.09,20.57,77.88,23310,0.6,,,,,,,11229,1.64,,
167.3,134.03,,,27.1,93.12,20.59,77.92,23350,0.6,,,,,,,11230,1.64,,
167.34,133.99,,,27.12,93.16,20.6,77.95,23370,0.6,,,,,,,11231,1.64,,
167.39,133.94,,,27.13,93.19,20.62,77.99,23380,0.6,,,,,,,11232,1.64,,
167.4,133.93,,,27.14,93.21,20.63,78.02,23440,0.6,,,,,,,11234,1.64,,
167.5,133.83,,,27.16,93.26,20.64,78.04,23470,0.6,,,,,,,11235,1.64,,
167.52,133.81,,,27.19,93.33,20.65,78.06,23510,0.6,,,,,,,11236,1.64,,
167.53,133.8,,,27.21,93.38,20.66,78.09,23550,0.6,,,,,,,11237,1.64,,
167.6,133.74,,,27.23,93.42,20.67,78.11,23590,0.59,,,,,,,11238,1.64,,
167.62,133.72,,,27.24,93.45,20.68,78.13,23650,0.59,,,,,,,11239,1.64,,
167.7,133.64,,,27.25,93.47,20.7,78.18,23710,0.59,,,,,,,11240,1.64,,
167.73,133.61,,,27.29,93.56,20.71,78.2,23730,0.59,,,,,,,11241,1.64,,
167.74,133.6,,,27.3,93.59,20.73,78.25,23740,0.59,,,,,,,11242,1.64,,
167.8,133.54,,,27.32,93.63,20.74,78.27,23750,0.59,,,,,,,11244,1.64,,
167.83,133.51,,,27.34,93.68,20.75,78.3,23790,0.59,,,,,,,11245,1.64,,
167.86,133.49,,,27.35,93.7,20.77,78.34,23860,0.59,,,,,,,11246,1.64,,
167.9,133.45,,,27.36,93.73,20.78,78.36,23870,0.59,,,,,,,11247,1.64,,
167.96,133.39,,,27.37,93.75,20.79,78.39,23940,0.59,,,,,,,11248,1.64,,
168,133.35,,,27.39,93.8,20.8,78.41,23960,0.59,,,,,,,11249,1.63,,
168.08,133.27,,,27.41,93.85,20.82,78.46,24010,0.58,,,,,,,11250,1.63,,
168.1,133.25,,,27.43,93.89,20.85,78.53,24050,0.58,,,,,,,11251,1.63,,
168.13,133.23,,,27.44,93.92,20.86,78.55,24100,0.58,,,,,,,11252,1.63,,
168.2,133.16,,,27.46,93.96,20.88,78.6,24140,0.58,,,,,,,11254,1.63,,
168.3,133.06,,,27.47,93.99,20.91,78.67,24170,0.58,,,,,,,11255,1.63,,
168.4,132.97,,,27.48,94.01,20.92,78.69,24240,0.58,,,,,,,11256,1.63,,
168.42,132.95,,,27.5,94.06,20.93,78.71,24250,0.58,,,,,,,11257,1.63,,
168.44,132.93,,,27.51,94.08,20.94,78.74,24270,0.58,,,,,,,11258,1.63,,
168.5,132.87,,,27.54,94.15,20.95,78.76,24320,0.58,,,,,,,11260,1.63,,
168.53,132.84,,,27.55,94.17,20.96,78.78,24380,0.58,,,,,,,11261,1.63,,
168.54,132.83,,,27.56,94.2,20.97,78.81,24390,0.58,,,,,,,11262,1.63,,
168.6,132.78,,,27.61,94.32,20.99,78.85,24460,0.57,,,,,,,11263,1.63,,
168.64,132.74,,,27.62,94.34,21,78.88,24510,0.57,,,,,,,11265,1.63,,
168.7,132.68,,,27.67,94.46,21.01,78.9,24540,0.57,,,,,,,11266,1.63,,
168.74,132.64,,,27.69,94.5,21.02,78.92,24580,0.57,,,,,,,11267,1.63,,
168.77,132.61,,,27.7,94.53,21.03,78.95,24640,0.57,,,,,,,11268,1.63,,
168.8,132.59,,,27.71,94.55,21.06,79.01,24650,0.57,,,,,,,11270,1.63,,
168.88,132.51,,,27.72,94.57,21.07,79.04,24710,0.57,,,,,,,11271,1.63,,
168.9,132.49,,,27.78,94.71,21.09,79.08,24730,0.57,,,,,,,11273,1.63,,
168.93,132.46,,,27.79,94.74,21.11,79.13,24800,0.57,,,,,,,11274,1.63,,
168.97,132.42,,,27.8,94.76,21.12,79.15,24820,0.57,,,,,,,11275,1.63,,
169,132.4,,,27.82,94.81,21.13,79.18,24850,0.57,,,,,,,11276,1.63,,
169.05,132.35,,,27.85,94.88,21.14,79.2,24870,0.56,,,,,,,11277,1.63,,
169.1,132.3,,,27.88,94.95,21.15,79.22,24930,0.56,,,,,,,11278,1.63,,
169.12,132.28,,,27.89,94.97,21.16,79.25,24940,0.56,,,,,,,11280,1.63,,
169.2,132.21,,,27.9,95,21.18,79.29,24980,0.56,,,,,,,11281,1.63,,
169.24,132.17,,,27.96,95.14,21.2,79.34,25030,0.56,,,,,,,11282,1.63,,
169.3,132.11,,,27.97,95.16,21.21,79.36,25060,0.56,,,,,,,11283,1.63,,
169.32,132.09,,,27.99,95.21,21.22,79.39,25160,0.56,,,,,,,11284,1.63,,
169.33,132.08,,,28.01,95.26,21.23,79.41,25170,0.56,,,,,,,11285,1.63,,
169.35,132.06,,,28.02,95.28,21.24,79.43,25220,0.56,,,,,,,11286,1.63,,
169.4,132.02,,,28.03,95.3,21.27,79.5,25250,0.56,,,,,,,11288,1.63,,
169.46,131.96,,,28.05,95.35,21.3,79.57,25270,0.56,,,,,,,11289,1.63,,
169.5,131.92,,,28.06,95.37,21.31,79.6,25350,0.55,,,,,,,11290,1.63,,
169.58,131.85,,,28.08,95.42,21.32,79.62,25360,0.55,,,,,,,11291,1.62,,
169.6,131.83,,,28.09,95.44,21.33,79.64,25410,0.55,,,,,,,11292,1.62,,
169.65,131.78,,,28.13,95.54,21.34,79.67,25490,0.55,,,,,,,11293,1.62,,
169.66,131.77,,,28.14,95.56,21.36,79.71,25540,0.55,,,,,,,11294,1.62,,
169.7,131.73,,,28.16,95.61,21.37,79.73,25610,0.55,,,,,,,11295,1.62,,
169.74,131.7,,,28.2,95.7,21.4,79.8,25620,0.55,,,,,,,11297,1.62,,
169.8,131.64,,,28.21,95.73,21.43,79.87,25640,0.55,,,,,,,11298,1.62,,
169.81,131.63,,,28.23,95.77,21.44,79.9,25660,0.55,,,,,,,11299,1.62,,
169.9,131.55,,,28.24,95.8,21.46,79.94,25690,0.55,,,,,,,11300,1.62,,
169.94,131.51,,,28.25,95.82,21.47,79.97,25730,0.55,,,,,,,11301,1.62,,
169.97,131.48,,,28.26,95.84,21.48,79.99,25770,0.55,,,,,,,11303,1.62,,
170,131.45,,,28.28,95.89,21.49,80.01,25820,0.55,,,,,,,11304,1.62,,
170.1,131.36,,,28.29,95.91,21.5,80.04,25840,0.54,,,,,,,11305,1.62,,
170.15,131.31,,,28.3,95.94,21.51,80.06,25850,0.54,,,,,,,11306,1.62,,
170.16,131.3,,,28.35,96.05,21.52,80.08,25930,0.54,,,,,,,11307,1.62,,
170.2,131.26,,,28.38,96.13,21.54,80.13,25950,0.54,,,,,,,11308,1.62,,
170.28,131.19,,,28.4,96.17,21.55,80.15,25970,0.54,,,,,,,11310,1.62,,
170.3,131.17,,,28.41,96.2,21.56,80.18,26040,0.54,,,,,,,11311,1.62,,
170.34,131.13,,,28.42,96.22,21.58,80.22,26080,0.54,,,,,,,11312,1.62,,
170.4,131.08,,,28.45,96.29,21.6,80.27,26120,0.54,,,,,,,11313,1.62,,
170.5,130.98,,,28.46,96.31,21.61,80.29,26140,0.54,,,,,,,11315,1.62,,
170.51,130.97,,,28.49,96.38,21.65,80.39,26170,0.54,,,,,,,11316,1.62,,
170.55,130.94,,,28.5,96.41,21.66,80.41,26220,0.54,,,,,,,11318,1.62,,
170.59,130.9,,,28.52,96.45,21.68,80.46,26250,0.54,,,,,,,11319,1.62,,
170.6,130.89,,,28.53,96.48,21.71,80.53,26290,0.54,,,,,,,11320,1.62,,
170.65,130.84,,,28.55,96.53,21.72,80.55,26300,0.54,,,,,,,11321,1.62,,
170.68,130.82,,,28.58,96.6,21.74,80.59,26330,0.54,,,,,,,11323,1.62,,
170.7,130.8,,,28.6,96.64,21.75,80.62,26410,0.53,,,,,,,11324,1.62,,
170.8,130.7,,,28.61,96.67,21.77,80.66,26440,0.53,,,,,,,11326,1.62,,
170.86,130.65,,,28.62,96.69,21.78,80.69,26460,0.53,,,,,,,11327,1.62,,
170.9,130.61,,,28.65,96.76,21.81,80.76,26530,0.53,,,,,,,11328,1.62,,
170.91,130.6,,,28.68,96.83,21.82,80.78,26540,0.53,,,,,,,11329,1.62,,
170.96,130.56,,,28.73,96.95,21.84,80.83,26550,0.53,,,,,,,11330,1.62,,
171,130.52,,,28.74,96.97,21.87,80.9,26560,0.53,,,,,,,11332,1.62,,
171.01,130.51,,,28.75,97,21.88,80.92,26580,0.53,,,,,,,11333,1.61,,
171.03,130.49,,,28.76,97.02,21.9,80.97,26600,0.53,,,,,,,11334,1.61,,
171.1,130.43,,,28.78,97.07,21.91,80.99,26630,0.53,,,,,,,11335,1.61,,
171.2,130.33,,,28.82,97.16,21.92,81.01,26710,0.53,,,,,,,11336,1.61,,
171.22,130.32,,,28.83,97.18,21.94,81.06,26770,0.53,,,,,,,11337,1.61,,
171.23,130.31,,,28.86,97.26,21.96,81.11,26850,0.53,,,,,,,11338,1.61,,
171.3,130.24,,,28.87,97.28,21.97,81.13,26870,0.53,,,,,,,11340,1.61,,
171.36,130.19,,,28.92,97.4,21.98,81.15,26880,0.53,,,,,,,11341,1.61,,
171.37,130.18,,,28.93,97.42,22,81.2,26910,0.52,,,,,,,11342,1.61,,
171.4,130.15,,,28.94,97.44,22.01,81.22,26920,0.52,,,,,,,11343,1.61,,
171.5,130.06,,,28.96,97.49,22.03,81.27,27000,0.52,,,,,,,11344,1.61,,
171.53,130.03,,,28.97,97.51,22.04,81.29,27060,0.52,,,,,,,11346,1.61,,
171.58,129.98,,,28.99,97.56,22.07,81.36,27080,0.52,,,,,,,11347,1.61,,
171.6,129.97,,,29.03,97.66,22.1,81.43,27100,0.52,,,,,,,11348,1.61,,
171.7,129.87,,,29.04,97.68,22.11,81.46,27160,0.52,,,,,,,11349,1.61,,
171.72,129.85,,,29.06,97.73,22.12,81.48,27170,0.52,,,,,,,11350,1.61,,
171.77,129.81,,,29.07,97.75,22.14,81.53,27200,0.52,,,,,,,11351,1.61,,
171.8,129.78,,,29.1,97.82,22.18,81.62,27290,0.52,,,,,,,11353,1.61,,
171.83,129.75,,,29.12,97.87,22.19,81.64,27330,0.52,,,,,,,11354,1.61,,
171.84,129.74,,,29.13,97.89,22.2,81.66,27370,0.52,,,,,,,11355,1.61,,
171.9,129.69,,,29.17,97.99,22.21,81.69,27400,0.52,,,,,,,11356,1.61,,
171.93,129.66,,,29.18,98.01,22.22,81.71,27450,0.52,,,,,,,11357,1.61,,
171.95,129.64,,,29.22,98.1,22.24,81.76,27520,0.51,,,,,,,11358,1.61,,
172,129.6,,,29.23,98.13,22.25,81.78,27550,0.51,,,,,,,11359,1.61,,
172.03,129.57,,,29.26,98.2,22.26,81.8,27640,0.51,,,,,,,11360,1.61,,
172.06,129.54,,,29.28,98.24,22.27,81.83,27660,0.51,,,,,,,11362,1.61,,
172.1,129.51,,,29.3,98.29,22.3,81.9,27670,0.51,,,,,,,11363,1.61,,
172.2,129.42,,,29.31,98.32,22.31,81.92,27690,0.51,,,,,,,11364,1.61,,
172.24,129.38,,,29.33,98.36,22.32,81.94,27770,0.51,,,,,,,11365,1.61,,
172.3,129.32,,,29.38,98.48,22.33,81.97,27810,0.51,,,,,,,11366,1.61,,
172.36,129.27,,,29.39,98.5,22.34,81.99,27820,0.51,,,,,,,11367,1.61,,
172.38,129.25,,,29.4,98.53,22.37,82.06,27830,0.51,,,,,,,11369,1.61,,
172.4,129.23,,,29.41,98.55,22.38,82.08,27860,0.51,,,,,,,11370,1.61,,
172.46,129.18,,,29.43,98.6,22.41,82.15,27870,0.51,,,,,,,11372,1.61,,
172.5,129.14,,,29.44,98.62,22.45,82.25,27910,0.51,,,,,,,11373,1.61,,
172.52,129.12,,,29.46,98.67,22.46,82.27,27940,0.51,,,,,,,11374,1.61,,
172.6,129.05,,,29.47,98.69,22.48,82.32,27970,0.51,,,,,,,11375,1.61,,
172.63,129.02,,,29.48,98.72,22.52,82.41,28040,0.51,,,,,,,11377,1.6,,
172.7,128.96,,,29.5,98.76,22.54,82.46,28120,0.5,,,,,,,11379,1.6,,
172.72,128.94,,,29.52,98.81,22.55,82.48,28180,0.5,,,,,,,11380,1.6,,
172.74,128.92,,,29.53,98.83,22.56,82.5,28250,0.5,,,,,,,11381,1.6,,
172.8,128.87,,,29.54,98.86,22.57,82.53,28340,0.5,,,,,,,11382,1.6,,
172.85,128.82,,,29.55,98.88,22.59,82.57,28370,0.5,,,,,,,11383,1.6,,
172.9,128.78,,,29.57,98.93,22.6,82.6,28410,0.5,,,,,,,11385,1.6,,
172.92,128.76,,,29.59,98.98,22.62,82.64,28450,0.5,,,,,,,11386,1.6,,
173,128.69,,,29.6,99,22.63,82.67,28470,0.5,,,,,,,11387,1.6,,
173.02,128.67,,,29.62,99.05,22.64,82.69,28540,0.5,,,,,,,11388,1.6,,
173.09,128.61,,,29.63,99.07,22.66,82.74,28580,0.5,,,,,,,11389,1.6,,
173.1,128.6,,,29.64,99.09,22.67,82.76,28610,0.5,,,,,,,11390,1.6,,
173.2,128.51,,,29.66,99.14,22.71,82.85,28710,0.49,,,,,,,11391,1.6,,
173.21,128.5,,,29.67,99.16,22.74,82.92,28820,0.49,,,,,,,11392,1.6,,
173.3,128.42,,,29.69,99.21,22.75,82.95,28840,0.49,,,,,,,11394,1.6,,
173.33,128.39,,,29.7,99.23,22.77,82.99,28870,0.49,,,,,,,11395,1.6,,
173.38,128.34,,,29.71,99.26,22.79,83.04,28920,0.49,,,,,,,11396,1.6,,
173.4,128.33,,,29.73,99.31,22.8,83.06,28950,0.49,,,,,,,11397,1.6,,
173.46,128.27,,,29.74,99.33,22.81,83.08,29010,0.49,,,,,,,11398,1.6,,
173.5,128.24,,,29.77,99.4,22.82,83.11,29040,0.49,,,,,,,11399,1.6,,
173.53,128.21,,,29.79,99.45,22.85,83.18,29120,0.49,,,,,,,11401,1.6,,
173.6,128.15,,,29.8,99.47,22.87,83.22,29130,0.49,,,,,,,11402,1.6,,
173.7,128.06,,,29.81,99.49,22.88,83.25,29160,0.49,,,,,,,11403,1.6,,
173.74,128.02,,,29.82,99.52,22.9,83.29,29250,0.49,,,,,,,11404,1.6,,
173.75,128.01,,,29.85,99.59,22.92,83.34,29310,0.49,,,,,,,11405,1.6,,
173.8,127.97,,,29.89,99.68,22.93,83.36,29350,0.48,,,,,,,11406,1.6,,
173.82,127.95,,,29.92,99.75,22.94,83.39,29380,0.48,,,,,,,11408,1.6,,
173.83,127.94,,,29.93,99.78,22.95,83.41,29410,0.48,,,,,,,11410,1.6,,
173.86,127.91,,,29.96,99.85,22.96,83.43,29430,0.48,,,,,,,11411,1.6,,
173.9,127.88,,,29.97,99.87,22.97,83.46,29490,0.48,,,,,,,11412,1.6,,
174,127.79,,,30,99.94,23,83.53,29500,0.48,,,,,,,11413,1.6,,
174.1,127.7,,,30.01,99.97,23.03,83.6,29560,0.48,,,,,,,11415,1.6,,
174.12,127.68,,,30.02,99.99,23.04,83.62,29570,0.48,,,,,,,11416,1.6,,
174.16,127.65,,,30.03,100.01,23.07,83.69,29660,0.48,,,,,,,11417,1.6,,
174.19,127.62,,,30.06,100.08,23.1,83.76,29720,0.48,,,,,,,11418,1.6,,
174.2,127.61,,,30.08,100.13,23.11,83.78,29760,0.48,,,,,,,11419,1.6,,
174.3,127.52,,,30.1,100.18,23.12,83.81,29860,0.48,,,,,,,11421,1.59,,
174.4,127.43,,,30.12,100.23,23.14,83.85,29870,0.48,,,,,,,11422,1.59,,
174.49,127.35,,,30.13,100.25,23.15,83.88,29880,0.48,,,,,,,11423,1.59,,
174.5,127.34,,,30.14,100.27,23.17,83.92,29930,0.48,,,,,,,11424,1.59,,
174.52,127.32,,,30.15,100.3,23.18,83.95,29990,0.48,,,,,,,11425,1.59,,
174.56,127.29,,,30.19,100.39,23.19,83.97,30040,0.48,,,,,,,11427,1.59,,
174.57,127.28,,,30.2,100.41,23.22,84.04,30060,0.47,,,,,,,11428,1.59,,
174.58,127.27,,,30.21,100.44,23.23,84.06,30120,0.47,,,,,,,11429,1.59,,
174.6,127.25,,,30.22,100.46,23.25,84.11,30160,0.47,,,,,,,11430,1.59,,
174.7,127.16,,,30.27,100.58,23.27,84.16,30220,0.47,,,,,,,11431,1.59,,
174.8,127.08,,,30.29,100.63,23.28,84.18,30320,0.47,,,,,,,11433,1.59,,
174.85,127.03,,,30.33,100.72,23.3,84.23,30340,0.47,,,,,,,11434,1.59,,
174.87,127.01,,,30.35,100.77,23.31,84.25,30420,0.47,,,,,,,11435,1.59,,
174.9,126.99,,,30.36,100.79,23.32,84.27,30480,0.47,,,,,,,11436,1.59,,
174.93,126.96,,,30.37,100.82,23.33,84.3,30490,0.47,,,,,,,11437,1.59,,
174.94,126.95,,,30.38,100.84,23.35,84.34,30640,0.47,,,,,,,11438,1.59,,
175,126.9,,,30.39,100.86,23.36,84.37,30660,0.47,,,,,,,11440,1.59,,
175.1,126.81,,,30.42,100.93,23.39,84.44,30710,0.47,,,,,,,11441,1.59,,
175.18,126.74,,,30.44,100.98,23.41,84.48,30780,0.47,,,,,,,11442,1.59,,
175.2,126.72,,,30.47,101.05,23.44,84.55,30800,0.46,,,,,,,11443,1.59,,
175.25,126.68,,,30.49,101.1,23.45,84.58,30890,0.46,,,,,,,11444,1.59,,
175.3,126.63,,,30.51,101.15,23.46,84.6,30940,0.46,,,,,,,11446,1.59,,
175.32,126.62,,,30.53,101.19,23.49,84.67,30980,0.46,,,,,,,11447,1.59,,
175.4,126.55,,,30.54,101.22,23.51,84.72,31070,0.46,,,,,,,11448,1.59,,
175.42,126.53,,,30.55,101.24,23.52,84.74,31120,0.46,,,,,,,11449,1.59,,
175.5,126.46,,,30.56,101.26,23.53,84.76,31170,0.46,,,,,,,11450,1.59,,
175.51,126.45,,,30.57,101.29,23.56,84.83,31200,0.46,,,,,,,11452,1.59,,
175.6,126.37,,,30.59,101.34,23.58,84.88,31240,0.46,,,,,,,11454,1.59,,
175.63,126.34,,,30.61,101.38,23.6,84.93,31320,0.46,,,,,,,11455,1.59,,
175.67,126.31,,,30.62,101.41,23.61,84.95,31410,0.46,,,,,,,11456,1.59,,
175.69,126.29,,,30.64,101.45,23.62,84.97,31420,0.46,,,,,,,11457,1.59,,
175.7,126.28,,,30.65,101.48,23.64,85.02,31510,0.46,,,,,,,11458,1.59,,
175.8,126.2,,,30.68,101.55,23.65,85.04,31560,0.46,,,,,,,11460,1.59,,
175.85,126.15,,,30.74,101.69,23.66,85.07,31620,0.45,,,,,,,11461,1.59,,
175.9,126.11,,,30.76,101.74,23.69,85.14,31710,0.45,,,,,,,11462,1.59,,
176,126.02,,,30.77,101.76,23.7,85.16,31730,0.45,,,,,,,11463,1.59,,
176.01,126.01,,,30.78,101.78,23.72,85.21,31750,0.45,,,,,,,11464,1.58,,
176.05,125.98,,,30.84,101.93,23.73,85.23,31800,0.45,,,,,,,11466,1.58,,
176.06,125.97,,,30.87,102,23.75,85.28,31850,0.45,,,,,,,11467,1.58,,
176.1,125.93,,,30.88,102.02,23.78,85.35,31890,0.45,,,,,,,11468,1.58,,
176.19,125.85,,,30.92,102.11,23.79,85.37,31930,0.45,,,,,,,11469,1.58,,
176.2,125.85,,,30.93,102.14,23.8,85.39,32040,0.45,,,,,,,11471,1.58,,
176.28,125.78,,,30.95,102.19,23.83,85.46,32070,0.45,,,,,,,11472,1.58,,
176.3,125.76,,,30.96,102.21,23.86,85.53,32130,0.45,,,,,,,11473,1.58,,
176.39,125.68,,,30.97,102.23,23.87,85.56,32230,0.45,,,,,,,11474,1.58,,
176.4,125.67,,,30.98,102.26,23.88,85.58,32340,0.45,,,,,,,11475,1.58,,
176.42,125.65,,,30.99,102.28,23.92,85.67,32420,0.45,,,,,,,11476,1.58,,
176.44,125.64,,,31,102.3,23.93,85.7,32430,0.44,,,,,,,11478,1.58,,
176.5,125.59,,,31.02,102.35,23.96,85.77,32460,0.44,,,,,,,11479,1.58,,
176.53,125.56,,,31.03,102.37,23.97,85.79,32520,0.44,,,,,,,11480,1.58,,
176.6,125.5,,,31.1,102.54,23.98,85.81,32560,0.44,,,,,,,11481,1.58,,
176.7,125.41,,,31.11,102.56,23.99,85.84,32570,0.44,,,,,,,11482,1.58,,
176.77,125.35,,,31.13,102.61,24.01,85.88,32670,0.44,,,,,,,11483,1.58,,
176.8,125.32,,,31.16,102.68,24.02,85.91,32750,0.44,,,,,,,11485,1.58,,
176.81,125.32,,,31.17,102.71,24.04,85.95,32780,0.44,,,,,,,11486,1.58,,
176.88,125.26,,,31.18,102.73,24.05,85.98,32840,0.44,,,,,,,11487,1.58,,
176.9,125.24,,,31.23,102.85,24.07,86.02,32900,0.44,,,,,,,11488,1.58,,
177,125.15,,,31.24,102.87,24.1,86.09,32960,0.44,,,,,,,11490,1.58,,
177.1,125.07,,,31.25,102.89,24.12,86.14,33030,0.44,,,,,,,11491,1.58,,
177.14,125.03,,,31.27,102.94,24.13,86.16,33060,0.44,,,,,,,11492,1.58,,
177.16,125.01,,,31.28,102.97,24.14,86.19,33210,0.44,,,,,,,11493,1.58,,
177.19,124.99,,,31.3,103.01,24.16,86.23,33250,0.44,,,,,,,11494,1.58,,
177.2,124.98,,,31.31,103.04,24.19,86.3,33290,0.44,,,,,,,11495,1.58,,
177.21,124.97,,,31.33,103.08,24.21,86.35,33350,0.43,,,,,,,11497,1.58,,
177.3,124.89,,,31.35,103.13,24.23,86.4,33410,0.43,,,,,,,11498,1.58,,
177.4,124.81,,,31.37,103.18,24.24,86.42,33430,0.43,,,,,,,11499,1.58,,
177.5,124.72,,,31.39,103.23,24.25,86.44,33560,0.43,,,,,,,11500,1.58,,
177.54,124.69,,,31.42,103.3,24.26,86.47,33620,0.43,,,,,,,11502,1.58,,
177.56,124.67,,,31.45,103.37,24.27,86.49,33680,0.43,,,,,,,11503,1.58,,
177.57,124.66,,,31.49,103.46,24.28,86.51,33700,0.43,,,,,,,11504,1.58,,
177.58,124.65,,,31.54,103.58,24.31,86.58,33720,0.43,,,,,,,11505,1.58,,
177.6,124.64,,,31.55,103.6,24.32,86.61,33730,0.43,,,,,,,11506,1.58,,
177.7,124.55,,,31.56,103.63,24.33,86.63,33750,0.43,,,,,,,11508,1.57,,
177.8,124.46,,,31.57,103.65,24.34,86.65,33890,0.43,,,,,,,11509,1.57,,
177.9,124.38,,,31.6,103.72,24.36,86.7,33930,0.43,,,,,,,11510,1.57,,
177.91,124.37,,,31.61,103.75,24.4,86.79,34000,0.43,,,,,,,11511,1.57,,
177.93,124.35,,,31.63,103.79,24.41,86.82,34090,0.43,,,,,,,11513,1.57,,
177.94,124.34,,,31.64,103.82,24.43,86.86,34130,0.43,,,,,,,11514,1.57,,
178,124.29,,,31.65,103.84,24.44,86.89,34170,0.43,,,,,,,11515,1.57,,
178.01,124.29,,,31.67,103.89,24.45,86.91,34290,0.42,,,,,,,11516,1.57,,
178.1,124.21,,,31.68,103.91,24.46,86.93,34320,0.42,,,,,,,11517,1.57,,
178.2,124.12,,,31.7,103.96,24.47,86.96,34410,0.42,,,,,,,11518,1.57,,
178.26,124.07,,,31.72,104.01,24.5,87.03,34430,0.42,,,,,,,11519,1.57,,
178.3,124.04,,,31.73,104.03,24.52,87.07,34450,0.42,,,,,,,11521,1.57,,
178.32,124.02,,,31.75,104.08,24.53,87.1,34540,0.42,,,,,,,11522,1.57,,
178.39,123.96,,,31.76,104.1,24.57,87.19,34660,0.42,,,,,,,11523,1.57,,
178.4,123.95,,,31.79,104.17,24.59,87.24,34680,0.42,,,,,,,11524,1.57,,
178.45,123.91,,,31.8,104.2,24.6,87.26,34790,0.42,,,,,,,11525,1.57,,
178.5,123.87,,,31.83,104.27,24.61,87.28,34840,0.42,,,,,,,11527,1.57,,
178.6,123.78,,,31.84,104.29,24.62,87.31,34870,0.42,,,,,,,11528,1.57,,
178.61,123.77,,,31.87,104.36,24.64,87.36,34990,0.42,,,,,,,11529,1.57,,
178.7,123.7,,,31.91,104.46,24.67,87.43,35020,0.42,,,,,,,11530,1.57,,
178.71,123.69,,,31.92,104.48,24.7,87.5,35060,0.42,,,,,,,11531,1.57,,
178.78,123.63,,,31.95,104.55,24.72,87.54,35080,0.42,,,,,,,11533,1.57,,
178.8,123.61,,,31.97,104.6,24.73,87.57,35200,0.42,,,,,,,11534,1.57,,
178.89,123.54,,,31.98,104.62,24.76,87.64,35250,0.42,,,,,,,11535,1.57,,
178.9,123.53,,,32.02,104.72,24.77,87.66,35340,0.41,,,,,,,11536,1.57,,
178.96,123.48,,,32.05,104.79,24.79,87.71,35390,0.41,,,,,,,11537,1.57,,
179,123.45,,,32.06,104.81,24.8,87.73,35480,0.41,,,,,,,11539,1.57,,
179.08,123.38,,,32.09,104.88,24.82,87.78,35560,0.41,,,,,,,11540,1.57,,
179.1,123.36,,,32.1,104.91,24.86,87.87,35590,0.41,,,,,,,11541,1.57,,
179.11,123.35,,,32.11,104.93,24.89,87.94,35620,0.41,,,,,,,11542,1.57,,
179.17,123.3,,,32.12,104.95,24.92,88.01,35710,0.41,,,,,,,11543,1.57,,
179.2,123.28,,,32.15,105.02,24.93,88.03,35780,0.41,,,,,,,11545,1.57,,
179.3,123.19,,,32.17,105.07,24.96,88.1,35820,0.41,,,,,,,11546,1.57,,
179.31,123.18,,,32.19,105.12,24.97,88.13,35930,0.41,,,,,,,11547,1.57,,
179.33,123.17,,,32.2,105.14,24.98,88.15,35940,0.41,,,,,,,11548,1.57,,
179.4,123.11,,,32.22,105.19,24.99,88.17,36030,0.41,,,,,,,11550,1.57,,
179.47,123.05,,,32.24,105.24,25.01,88.22,36150,0.41,,,,,,,11552,1.57,,
179.5,123.02,,,32.25,105.26,25.02,88.24,36170,0.41,,,,,,,11553,1.56,,
179.51,123.02,,,32.27,105.31,25.04,88.29,36260,0.41,,,,,,,11555,1.56,,
179.56,122.97,,,32.28,105.33,25.07,88.36,36280,0.41,,,,,,,11557,1.56,,
179.6,122.94,,,32.29,105.36,25.08,88.38,36350,0.41,,,,,,,11558,1.56,,
179.66,122.89,,,32.3,105.38,25.1,88.43,36360,0.4,,,,,,,11559,1.56,,
179.7,122.86,,,32.32,105.43,25.11,88.45,36370,0.4,,,,,,,11560,1.56,,
179.78,122.79,,,32.34,105.47,25.12,88.48,36410,0.4,,,,,,,11562,1.56,,
179.8,122.77,,,32.35,105.5,25.17,88.59,36510,0.4,,,,,,,11563,1.56,,
179.85,122.73,,,32.37,105.55,25.18,88.62,36540,0.4,,,,,,,11564,1.56,,
179.9,122.69,,,32.4,105.62,25.2,88.66,36550,0.4,,,,,,,11565,1.56,,
179.91,122.68,,,32.42,105.66,25.21,88.69,36650,0.4,,,,,,,11566,1.56,,
179.96,122.64,,,32.44,105.71,25.23,88.73,36720,0.4,,,,,,,11567,1.56,,
180,122.61,,,32.45,105.73,25.26,88.8,36760,0.4,,,,,,,11569,1.56,,
180.1,122.52,,,32.49,105.83,25.27,88.83,36890,0.4,,,,,,,11570,1.56,,
180.2,122.44,,,32.52,105.9,25.28,88.85,36930,0.4,,,,,,,11571,1.56,,
180.3,122.36,,,32.54,105.95,25.3,88.9,37000,0.4,,,,,,,11572,1.56,,
180.4,122.27,,,32.56,106,25.33,88.97,37140,0.4,,,,,,,11573,1.56,,
180.5,122.19,,,32.58,106.04,25.37,89.06,37150,0.4,,,,,,,11575,1.56,,
180.6,122.11,,,32.59,106.07,25.38,89.09,37240,0.4,,,,,,,11576,1.56,,
180.7,122.02,,,32.62,106.14,25.39,89.11,37340,0.4,,,,,,,11577,1.56,,
180.8,121.94,,,32.66,106.23,25.4,89.13,37370,0.4,,,,,,,11578,1.56,,
180.9,121.86,,,32.68,106.28,25.41,89.16,37490,0.4,,,,,,,11580,1.56,,
181,121.78,,,32.71,106.35,25.44,89.23,37530,0.39,,,,,,,11581,1.56,,
181.1,121.69,,,32.72,106.37,25.46,89.27,37590,0.39,,,,,,,11582,1.56,,
181.2,121.61,,,32.74,106.42,25.47,89.3,37730,0.39,,,,,,,11583,1.56,,
181.3,121.53,,,32.75,106.45,25.48,89.32,37890,0.39,,,,,,,11584,1.56,,
181.4,121.45,,,32.78,106.52,25.49,89.34,37940,0.39,,,,,,,11585,1.56,,
181.5,121.37,,,32.79,106.54,25.51,89.39,37980,0.39,,,,,,,11586,1.56,,
181.6,121.28,,,32.8,106.56,25.52,89.41,38070,0.39,,,,,,,11588,1.56,,
181.7,121.2,,,32.81,106.59,25.55,89.48,38160,0.39,,,,,,,11589,1.56,,
181.8,121.12,,,32.82,106.61,25.56,89.51,38220,0.39,,,,,,,11590,1.56,,
181.9,121.04,,,32.83,106.64,25.6,89.6,38350,0.39,,,,,,,11592,1.56,,
182,120.96,,,32.88,106.75,25.63,89.67,38370,0.39,,,,,,,11594,1.56,,
182.1,120.88,,,32.91,106.82,25.64,89.69,38500,0.39,,,,,,,11595,1.56,,
182.2,120.79,,,32.97,106.97,25.66,89.74,38550,0.39,,,,,,,11596,1.56,,
182.3,120.71,,,32.98,106.99,25.67,89.76,38580,0.39,,,,,,,11597,1.56,,
182.4,120.63,,,32.99,107.01,25.68,89.79,38650,0.39,,,,,,,11599,1.55,,
182.5,120.55,,,33,107.04,25.73,89.91,38750,0.38,,,,,,,11600,1.55,,
182.6,120.47,,,33.04,107.13,25.76,89.98,38790,0.38,,,,,,,11601,1.55,,
182.7,120.39,,,33.05,107.16,25.77,90,38870,0.38,,,,,,,11602,1.55,,
182.8,120.31,,,33.08,107.23,25.78,90.02,39000,0.38,,,,,,,11604,1.55,,
182.9,120.23,,,33.09,107.25,25.79,90.05,39050,0.38,,,,,,,11605,1.55,,
183,120.15,,,33.12,107.32,25.8,90.07,39150,0.38,,,,,,,11606,1.55,,
183.1,120.07,,,33.14,107.37,25.83,90.14,39180,0.38,,,,,,,11607,1.55,,
183.2,119.99,,,33.17,107.44,25.84,90.16,39270,0.38,,,,,,,11608,1.55,,
183.3,119.91,,,33.19,107.49,25.86,90.21,39300,0.38,,,,,,,11610,1.55,,
183.4,119.82,,,33.21,107.54,25.87,90.23,39390,0.38,,,,,,,11611,1.55,,
183.5,119.74,,,33.22,107.56,25.89,90.28,39560,0.38,,,,,,,11612,1.55,,
183.6,119.66,,,33.25,107.63,25.91,90.33,39630,0.38,,,,,,,11613,1.55,,
183.7,119.58,,,33.31,107.77,25.94,90.4,39670,0.38,,,,,,,11615,1.55,,
183.8,119.5,,,33.32,107.8,25.96,90.44,39780,0.38,,,,,,,11616,1.55,,
183.9,119.42,,,33.33,107.82,25.98,90.49,39840,0.38,,,,,,,11618,1.55,,
184,119.35,,,33.34,107.84,26,90.54,39910,0.38,,,,,,,11619,1.55,,
184.1,119.27,,,33.35,107.87,26.02,90.58,40030,0.38,,,,,,,11621,1.55,,
184.2,119.19,,,33.37,107.92,26.03,90.61,40070,0.38,,,,,,,11622,1.55,,
184.3,119.11,,,33.38,107.94,26.04,90.63,40200,0.37,,,,,,,11623,1.55,,
184.4,119.03,,,33.42,108.03,26.05,90.65,40290,0.37,,,,,,,11625,1.55,,
184.5,118.95,,,33.45,108.11,26.06,90.68,40320,0.37,,,,,,,11626,1.55,,
184.6,118.87,,,33.46,108.13,26.08,90.73,40440,0.37,,,,,,,11627,1.55,,
184.7,118.79,,,33.47,108.15,26.11,90.8,40500,0.37,,,,,,,11628,1.55,,
184.8,118.71,,,33.48,108.18,26.12,90.82,40580,0.37,,,,,,,11629,1.55,,
184.9,118.63,,,33.5,108.22,26.16,90.91,40660,0.37,,,,,,,11630,1.55,,
185,118.55,,,33.51,108.25,26.19,90.98,40730,0.37,,,,,,,11631,1.55,,
185.1,118.47,,,33.55,108.34,26.2,91.01,40770,0.37,,,,,,,11633,1.55,,
185.2,118.39,,,33.58,108.41,26.21,91.03,40860,0.37,,,,,,,11634,1.55,,
185.3,118.32,,,33.59,108.44,26.22,91.05,40890,0.37,,,,,,,11635,1.55,,
185.4,118.24,,,33.61,108.49,26.23,91.08,40960,0.37,,,,,,,11636,1.55,,
185.5,118.16,,,33.64,108.56,26.27,91.17,41000,0.37,,,,,,,11637,1.55,,
185.6,118.08,,,33.65,108.58,26.28,91.19,41160,0.37,,,,,,,11639,1.55,,
185.7,118,,,33.66,108.6,26.29,91.22,41230,0.37,,,,,,,11640,1.55,,
185.8,117.92,,,33.69,108.68,26.35,91.36,41270,0.37,,,,,,,11641,1.55,,
185.9,117.85,,,33.7,108.7,26.36,91.38,41400,0.37,,,,,,,11643,1.55,,
186,117.77,,,33.71,108.72,26.4,91.48,41420,0.37,,,,,,,11645,1.55,,
186.1,117.69,,,33.77,108.87,26.41,91.5,41430,0.37,,,,,,,11646,1.54,,
186.2,117.61,,,33.79,108.91,26.42,91.52,41580,0.36,,,,,,,11647,1.54,,
186.3,117.54,,,33.8,108.94,26.47,91.64,41650,0.36,,,,,,,11648,1.54,,
186.4,117.46,,,33.82,108.98,26.48,91.66,41680,0.36,,,,,,,11649,1.54,,
186.5,117.38,,,33.83,109.01,26.49,91.69,41800,0.36,,,,,,,11651,1.54,,
186.6,117.3,,,33.85,109.06,26.51,91.73,41860,0.36,,,,,,,11652,1.54,,
186.7,117.23,,,33.86,109.08,26.52,91.76,41900,0.36,,,,,,,11653,1.54,,
186.8,117.15,,,33.87,109.1,26.54,91.8,41970,0.36,,,,,,,11654,1.54,,
186.9,117.07,,,33.88,109.13,26.56,91.85,42090,0.36,,,,,,,11656,1.54,,
187,116.99,,,33.9,109.17,26.58,91.9,42120,0.36,,,,,,,11657,1.54,,
187.1,116.92,,,33.91,109.2,26.59,91.92,42250,0.36,,,,,,,11658,1.54,,
187.2,116.84,,,33.92,109.22,26.6,91.94,42340,0.36,,,,,,,11659,1.54,,
187.3,116.76,,,33.94,109.27,26.61,91.97,42360,0.36,,,,,,,11660,1.54,,
187.4,116.69,,,33.97,109.34,26.62,91.99,42530,0.36,,,,,,,11662,1.54,,
187.5,116.61,,,33.98,109.36,26.68,92.13,42570,0.36,,,,,,,11663,1.54,,
187.6,116.53,,,33.99,109.39,26.7,92.18,42670,0.36,,,,,,,11664,1.54,,
187.7,116.46,,,34.03,109.48,26.73,92.25,42780,0.36,,,,,,,11665,1.54,,
187.8,116.38,,,34.06,109.55,26.74,92.27,42810,0.36,,,,,,,11667,1.54,,
187.9,116.3,,,34.11,109.67,26.75,92.3,42970,0.36,,,,,,,11668,1.54,,
188,116.23,,,34.12,109.7,26.76,92.32,43020,0.36,,,,,,,11669,1.54,,
188.1,116.15,,,34.13,109.72,26.77,92.34,43040,0.36,,,,,,,11670,1.54,,
188.2,116.07,,,34.14,109.74,26.78,92.37,43100,0.35,,,,,,,11672,1.54,,
188.3,116,,,34.15,109.77,26.81,92.44,43260,0.35,,,,,,,11674,1.54,,
188.4,115.92,,,34.16,109.79,26.82,92.46,43270,0.35,,,,,,,11675,1.54,,
188.5,115.85,,,34.2,109.89,26.84,92.51,43420,0.35,,,,,,,11676,1.54,,
188.6,115.77,,,34.26,110.03,26.88,92.6,43490,0.35,,,,,,,11678,1.54,,
188.7,115.7,,,34.27,110.05,26.91,92.67,43580,0.35,,,,,,,11679,1.54,,
188.8,115.62,,,34.28,110.08,26.93,92.72,43670,0.35,,,,,,,11681,1.54,,
188.9,115.54,,,34.29,110.1,26.94,92.74,43750,0.35,,,,,,,11682,1.54,,
189,115.47,,,34.3,110.12,26.95,92.77,43860,0.35,,,,,,,11684,1.54,,
189.1,115.39,,,34.31,110.15,26.97,92.81,43970,0.35,,,,,,,11685,1.54,,
189.2,115.32,,,34.35,110.24,27,92.88,44010,0.35,,,,,,,11686,1.54,,
189.3,115.24,,,34.4,110.36,27.02,92.93,44040,0.35,,,,,,,11687,1.54,,
189.4,115.17,,,34.43,110.43,27.03,92.95,44130,0.35,,,,,,,11688,1.54,,
189.5,115.09,,,34.44,110.46,27.05,93,44260,0.35,,,,,,,11690,1.54,,
189.6,115.02,,,34.46,110.5,27.06,93.02,44440,0.35,,,,,,,11691,1.54,,
189.8,114.87,,,34.47,110.53,27.08,93.07,44510,0.35,,,,,,,11692,1.54,,
189.9,114.79,,,34.5,110.6,27.12,93.16,44580,0.35,,,,,,,11694,1.53,,
190,114.72,,,34.51,110.62,27.13,93.19,44770,0.35,,,,,,,11695,1.53,,
190.1,114.64,,,34.52,110.65,27.15,93.23,44890,0.34,,,,,,,11696,1.53,,
190.2,114.57,,,34.54,110.69,27.16,93.26,44900,0.34,,,,,,,11697,1.53,,
190.3,114.5,,,34.6,110.84,27.18,93.31,45010,0.34,,,,,,,11698,1.53,,
190.4,114.42,,,34.63,110.91,27.22,93.4,45040,0.34,,,,,,,11699,1.53,,
190.5,114.35,,,34.64,110.93,27.23,93.42,45190,0.34,,,,,,,11701,1.53,,
190.6,114.27,,,34.65,110.96,27.24,93.45,45250,0.34,,,,,,,11702,1.53,,
190.7,114.2,,,34.66,110.98,27.3,93.59,45370,0.34,,,,,,,11704,1.53,,
190.8,114.12,,,34.67,111,27.31,93.61,45500,0.34,,,,,,,11705,1.53,,
190.9,114.05,,,34.71,111.1,27.33,93.66,45630,0.34,,,,,,,11706,1.53,,
191,113.98,,,34.72,111.12,27.35,93.7,45760,0.34,,,,,,,11707,1.53,,
191.1,113.9,,,34.75,111.19,27.37,93.75,45810,0.34,,,,,,,11708,1.53,,
191.2,113.83,,,34.76,111.22,27.38,93.77,45960,0.34,,,,,,,11710,1.53,,
191.3,113.76,,,34.78,111.27,27.41,93.85,46020,0.34,,,,,,,11711,1.53,,
191.4,113.68,,,34.79,111.29,27.42,93.87,46120,0.34,,,,,,,11712,1.53,,
191.5,113.61,,,34.8,111.31,27.44,93.92,46220,0.34,,,,,,,11714,1.53,,
191.6,113.54,,,34.82,111.36,27.46,93.96,46260,0.34,,,,,,,11715,1.53,,
191.7,113.46,,,34.83,111.38,27.47,93.99,46270,0.34,,,,,,,11716,1.53,,
191.8,113.39,,,34.87,111.48,27.52,94.1,46280,0.34,,,,,,,11717,1.53,,
191.9,113.32,,,34.89,111.53,27.53,94.13,46300,0.34,,,,,,,11719,1.53,,
192,113.24,,,34.91,111.57,27.54,94.15,46340,0.34,,,,,,,11721,1.53,,
192.1,113.17,,,34.93,111.62,27.55,94.17,46430,0.34,,,,,,,11722,1.53,,
192.2,113.1,,,34.94,111.65,27.59,94.27,46570,0.34,,,,,,,11723,1.53,,
192.3,113.02,,,34.96,111.69,27.61,94.32,46600,0.34,,,,,,,11725,1.53,,
192.4,112.95,,,34.98,111.74,27.63,94.36,46780,0.33,,,,,,,11726,1.53,,
192.5,112.88,,,34.99,111.76,27.64,94.39,46840,0.33,,,,,,,11727,1.53,,
192.6,112.81,,,35.04,111.88,27.65,94.41,46930,0.33,,,,,,,11728,1.53,,
192.7,112.73,,,35.05,111.91,27.67,94.46,46960,0.33,,,,,,,11730,1.53,,
192.8,112.66,,,35.06,111.93,27.69,94.5,47100,0.33,,,,,,,11731,1.53,,
192.9,112.59,,,35.09,112,27.74,94.62,47150,0.33,,,,,,,11732,1.53,,
193,112.52,,,35.1,112.03,27.76,94.67,47230,0.33,,,,,,,11733,1.53,,
193.1,112.44,,,35.11,112.05,27.8,94.76,47390,0.33,,,,,,,11735,1.53,,
193.2,112.37,,,35.12,112.07,27.82,94.81,47400,0.33,,,,,,,11736,1.53,,
193.3,112.3,,,35.13,112.1,27.83,94.83,47460,0.33,,,,,,,11737,1.53,,
193.4,112.23,,,35.14,112.12,27.87,94.93,47570,0.33,,,,,,,11738,1.53,,
193.5,112.16,,,35.17,112.19,27.88,94.95,47630,0.33,,,,,,,11740,1.53,,
193.6,112.08,,,35.2,112.26,27.89,94.97,47680,0.33,,,,,,,11741,1.52,,
193.7,112.01,,,35.22,112.31,27.91,95.02,47750,0.33,,,,,,,11742,1.52,,
193.8,111.94,,,35.24,112.36,27.93,95.07,47890,0.33,,,,,,,11743,1.52,,
193.9,111.87,,,35.25,112.38,27.94,95.09,47930,0.33,,,,,,,11744,1.52,,
194,111.8,,,35.26,112.41,27.97,95.16,48040,0.33,,,,,,,11745,1.52,,
194.1,111.73,,,35.27,112.43,27.99,95.21,48060,0.33,,,,,,,11747,1.52,,
194.2,111.66,,,35.28,112.45,28,95.23,48210,0.33,,,,,,,11748,1.52,,
194.3,111.58,,,35.29,112.48,28.04,95.33,48230,0.33,,,,,,,11749,1.52,,
194.4,111.51,,,35.35,112.62,28.05,95.35,48260,0.33,,,,,,,11750,1.52,,
194.5,111.44,,,35.36,112.65,28.1,95.47,48380,0.33,,,,,,,11752,1.52,,
194.6,111.37,,,35.37,112.67,28.11,95.49,48490,0.33,,,,,,,11753,1.52,,
194.7,111.3,,,35.38,112.69,28.12,95.51,48580,0.33,,,,,,,11754,1.52,,
194.8,111.23,,,35.41,112.76,28.13,95.54,48700,0.32,,,,,,,11756,1.52,,
194.9,111.16,,,35.43,112.81,28.14,95.56,48820,0.32,,,,,,,11757,1.52,,
195,111.09,,,35.44,112.84,28.15,95.58,48870,0.32,,,,,,,11758,1.52,,
195.1,111.02,,,35.46,112.88,28.16,95.61,49060,0.32,,,,,,,11759,1.52,,
195.2,110.95,,,35.51,113,28.2,95.7,49080,0.32,,,,,,,11760,1.52,,
195.3,110.88,,,35.52,113.03,28.25,95.82,49220,0.32,,,,,,,11762,1.52,,
195.4,110.81,,,35.53,113.05,28.27,95.87,49360,0.32,,,,,,,11763,1.52,,
195.5,110.74,,,35.55,113.1,28.28,95.89,49370,0.32,,,,,,,11764,1.52,,
195.6,110.67,,,35.56,113.12,28.3,95.94,49550,0.32,,,,,,,11766,1.52,,
195.7,110.59,,,35.58,113.17,28.32,95.98,49660,0.32,,,,,,,11767,1.52,,
195.8,110.52,,,35.59,113.19,28.33,96.01,49730,0.32,,,,,,,11768,1.52,,
195.9,110.45,,,35.6,113.22,28.34,96.03,49890,0.32,,,,,,,11770,1.52,,
196,110.38,,,35.61,113.24,28.36,96.08,49970,0.32,,,,,,,11771,1.52,,
196.1,110.31,,,35.62,113.26,28.38,96.13,50060,0.32,,,,,,,11772,1.52,,
196.2,110.25,,,35.67,113.38,28.43,96.24,50210,0.32,,,,,,,11773,1.52,,
196.3,110.18,,,35.71,113.48,28.44,96.27,50240,0.32,,,,,,,11774,1.52,,
196.4,110.11,,,35.75,113.57,28.49,96.38,50410,0.32,,,,,,,11776,1.52,,
196.5,110.04,,,35.78,113.65,28.5,96.41,50540,0.32,,,,,,,11777,1.52,,
196.6,109.97,,,35.79,113.67,28.51,96.43,50580,0.32,,,,,,,11778,1.52,,
196.7,109.9,,,35.82,113.74,28.52,96.45,50740,0.32,,,,,,,11779,1.52,,
196.8,109.83,,,35.83,113.76,28.54,96.5,50770,0.32,,,,,,,11780,1.52,,
196.9,109.76,,,35.84,113.79,28.55,96.53,50790,0.32,,,,,,,11782,1.52,,
197,109.69,,,35.86,113.84,28.56,96.55,50920,0.31,,,,,,,11783,1.52,,
197.1,109.62,,,35.87,113.86,28.57,96.57,51130,0.31,,,,,,,11784,1.52,,
197.2,109.55,,,35.89,113.91,28.59,96.62,51280,0.31,,,,,,,11785,1.52,,
197.3,109.48,,,35.9,113.93,28.64,96.74,51430,0.31,,,,,,,11787,1.52,,
197.4,109.41,,,35.95,114.05,28.67,96.81,51440,0.31,,,,,,,11789,1.51,,
197.5,109.34,,,35.96,114.07,28.68,96.83,51580,0.31,,,,,,,11791,1.51,,
197.6,109.28,,,35.98,114.12,28.7,96.88,51650,0.31,,,,,,,11792,1.51,,
197.7,109.21,,,35.99,114.15,28.74,96.97,51690,0.31,,,,,,,11793,1.51,,
197.8,109.14,,,36.01,114.19,28.75,97,51830,0.31,,,,,,,11794,1.51,,
197.9,109.07,,,36.05,114.29,28.76,97.02,51990,0.31,,,,,,,11795,1.51,,
198,109,,,36.08,114.36,28.77,97.04,52040,0.31,,,,,,,11796,1.51,,
198.1,108.93,,,36.1,114.41,28.78,97.07,52180,0.31,,,,,,,11797,1.51,,
198.2,108.86,,,36.11,114.43,28.8,97.11,52330,0.31,,,,,,,11799,1.51,,
198.3,108.8,,,36.13,114.48,28.81,97.14,52550,0.31,,,,,,,11800,1.51,,
198.4,108.73,,,36.15,114.53,28.84,97.21,52640,0.31,,,,,,,11802,1.51,,
198.5,108.66,,,36.17,114.57,28.91,97.37,52660,0.31,,,,,,,11803,1.51,,
198.6,108.59,,,36.19,114.62,28.92,97.4,52740,0.31,,,,,,,11804,1.51,,
198.7,108.52,,,36.2,114.65,28.93,97.42,52850,0.31,,,,,,,11805,1.51,,
198.8,108.46,,,36.21,114.67,28.94,97.44,52890,0.31,,,,,,,11806,1.51,,
198.9,108.39,,,36.23,114.72,28.95,97.47,52930,0.31,,,,,,,11808,1.51,,
199,108.32,,,36.26,114.79,28.98,97.54,53150,0.31,,,,,,,11809,1.51,,
199.1,108.25,,,36.28,114.84,29.01,97.61,53250,0.3,,,,,,,11810,1.51,,
199.2,108.18,,,36.31,114.91,29.02,97.63,53320,0.3,,,,,,,11812,1.51,,
199.3,108.12,,,36.35,115,29.04,97.68,53360,0.3,,,,,,,11813,1.51,,
199.4,108.05,,,36.36,115.03,29.06,97.73,53540,0.3,,,,,,,11814,1.51,,
199.5,107.98,,,36.38,115.08,29.07,97.75,53910,0.3,,,,,,,11815,1.51,,
199.6,107.91,,,36.39,115.1,29.1,97.82,54220,0.3,,,,,,,11817,1.51,,
199.7,107.85,,,36.4,115.12,29.13,97.89,54520,0.3,,,,,,,11818,1.51,,
199.8,107.78,,,36.41,115.15,29.15,97.94,54910,0.3,,,,,,,11819,1.51,,
199.9,107.71,,,36.43,115.19,29.18,98.01,55180,0.3,,,,,,,11821,1.51,,
200,107.65,,,36.44,115.22,29.19,98.03,55350,0.3,,,,,,,11822,1.51,,
200.1,107.58,,,36.45,115.24,29.2,98.06,55520,0.3,,,,,,,11823,1.51,,
200.2,107.51,,,36.46,115.27,29.24,98.15,55830,0.3,,,,,,,11824,1.51,,
200.3,107.44,,,36.49,115.34,29.28,98.24,55940,0.29,,,,,,,11825,1.51,,
200.4,107.38,,,36.5,115.36,29.32,98.34,56180,0.29,,,,,,,11827,1.51,,
200.5,107.31,,,36.51,115.39,29.33,98.36,56520,0.29,,,,,,,11828,1.51,,
200.6,107.24,,,36.53,115.43,29.34,98.39,56690,0.29,,,,,,,11829,1.51,,
200.7,107.18,,,36.55,115.48,29.35,98.41,56760,0.29,,,,,,,11830,1.51,,
200.8,107.11,,,36.57,115.53,29.36,98.43,56800,0.29,,,,,,,11832,1.51,,
200.9,107.04,,,36.61,115.62,29.37,98.46,56820,0.29,,,,,,,11833,1.51,,
201,106.98,,,36.63,115.67,29.39,98.5,56930,0.29,,,,,,,11834,1.51,,
201.1,106.91,,,36.64,115.7,29.42,98.57,56940,0.29,,,,,,,11835,1.51,,
201.2,106.85,,,36.65,115.72,29.43,98.6,56970,0.29,,,,,,,11836,1.51,,
201.3,106.78,,,36.66,115.74,29.45,98.65,56980,0.29,,,,,,,11837,1.51,,
201.4,106.71,,,36.69,115.81,29.46,98.67,56990,0.29,,,,,,,11838,1.51,,
201.5,106.65,,,36.7,115.84,29.5,98.76,57000,0.29,,,,,,,11839,1.5,,
201.6,106.58,,,36.73,115.91,29.52,98.81,57010,0.29,,,,,,,11840,1.5,,
201.7,106.52,,,36.76,115.98,29.55,98.88,57030,0.29,,,,,,,11842,1.5,,
201.8,106.45,,,36.79,116.05,29.57,98.93,57050,0.29,,,,,,,11843,1.5,,
201.9,106.38,,,36.81,116.1,29.6,99,57070,0.29,,,,,,,11844,1.5,,
202,106.32,,,36.82,116.12,29.64,99.09,57110,0.29,,,,,,,11845,1.5,,
202.1,106.25,,,36.83,116.15,29.65,99.12,57170,0.29,,,,,,,11847,1.5,,
202.2,106.19,,,36.84,116.17,29.67,99.16,57220,0.29,,,,,,,11848,1.5,,
202.3,106.12,,,36.86,116.22,29.71,99.26,57540,0.29,,,,,,,11849,1.5,,
202.4,106.06,,,36.88,116.27,29.72,99.28,57880,0.29,,,,,,,11850,1.5,,
202.5,105.99,,,36.91,116.34,29.74,99.33,58260,0.29,,,,,,,11852,1.5,,
202.6,105.93,,,36.94,116.41,29.76,99.38,58590,0.29,,,,,,,11853,1.5,,
202.7,105.86,,,36.96,116.46,29.79,99.45,58930,0.28,,,,,,,11854,1.5,,
202.8,105.79,,,36.97,116.48,29.83,99.54,59260,0.28,,,,,,,11855,1.5,,
202.9,105.73,,,36.98,116.51,29.86,99.61,59510,0.28,,,,,,,11857,1.5,,
203,105.66,,,37.02,116.6,29.88,99.66,60050,0.28,,,,,,,11858,1.5,,
203.1,105.6,,,37.03,116.63,29.91,99.73,60390,0.28,,,,,,,11859,1.5,,
203.2,105.53,,,37.06,116.7,29.93,99.78,60740,0.28,,,,,,,11860,1.5,,
203.3,105.47,,,37.08,116.75,29.94,99.8,61120,0.28,,,,,,,11862,1.5,,
203.4,105.41,,,37.09,116.77,29.96,99.85,61160,0.28,,,,,,,11863,1.5,,
203.5,105.34,,,37.1,116.79,29.99,99.92,61290,0.28,,,,,,,11864,1.5,,
203.6,105.28,,,37.12,116.84,30,99.94,61320,0.28,,,,,,,11866,1.5,,
203.7,105.21,,,37.13,116.86,30.03,100.01,61340,0.28,,,,,,,11867,1.5,,
203.8,105.15,,,37.2,117.03,30.08,100.13,61380,0.28,,,,,,,11868,1.5,,
203.9,105.08,,,37.22,117.08,30.09,100.15,61470,0.28,,,,,,,11869,1.5,,
204,105.02,,,37.24,117.13,30.1,100.18,61480,0.28,,,,,,,11870,1.5,,
204.1,104.95,,,37.25,117.15,30.13,100.25,61880,0.28,,,,,,,11872,1.5,,
204.2,104.89,,,37.26,117.18,30.15,100.3,62010,0.28,,,,,,,11873,1.5,,
204.3,104.83,,,37.29,117.25,30.16,100.32,62110,0.27,,,,,,,11874,1.5,,
204.4,104.76,,,37.3,117.27,30.17,100.34,62130,0.27,,,,,,,11875,1.5,,
204.5,104.7,,,37.33,117.34,30.19,100.39,62170,0.27,,,,,,,11876,1.5,,
204.6,104.63,,,37.35,117.39,30.21,100.44,62190,0.27,,,,,,,11878,1.5,,
204.7,104.57,,,37.36,117.41,30.22,100.46,62230,0.27,,,,,,,11879,1.5,,
204.9,104.44,,,37.37,117.44,30.28,100.6,62290,0.27,,,,,,,11881,1.5,,
205,104.38,,,37.38,117.46,30.29,100.63,62300,0.27,,,,,,,11882,1.5,,
205.1,104.31,,,37.39,117.49,30.3,100.65,62550,0.27,,,,,,,11884,1.5,,
205.2,104.25,,,37.4,117.51,30.31,100.67,62610,0.27,,,,,,,11885,1.5,,
205.3,104.19,,,37.41,117.53,30.32,100.7,62720,0.27,,,,,,,11886,1.5,,
205.4,104.12,,,37.45,117.63,30.33,100.72,62740,0.27,,,,,,,11888,1.5,,
205.5,104.06,,,37.47,117.68,30.35,100.77,62790,0.27,,,,,,,11889,1.49,,
205.6,104,,,37.49,117.72,30.36,100.79,62820,0.27,,,,,,,11890,1.49,,
205.7,103.93,,,37.5,117.75,30.38,100.84,62830,0.27,,,,,,,11891,1.49,,
205.8,103.87,,,37.51,117.77,30.43,100.96,62870,0.27,,,,,,,11893,1.49,,
205.9,103.81,,,37.53,117.82,30.44,100.98,62930,0.27,,,,,,,11894,1.49,,
206.1,103.68,,,37.54,117.84,30.47,101.05,63020,0.27,,,,,,,11895,1.49,,
206.2,103.62,,,37.6,117.99,30.48,101.08,63410,0.27,,,,,,,11896,1.49,,
206.3,103.55,,,37.61,118.01,30.5,101.12,63550,0.27,,,,,,,11897,1.49,,
206.4,103.49,,,37.64,118.08,30.53,101.19,63780,0.27,,,,,,,11899,1.49,,
206.5,103.43,,,37.65,118.11,30.56,101.26,64200,0.27,,,,,,,11900,1.49,,
206.6,103.37,,,37.67,118.15,30.57,101.29,64610,0.27,,,,,,,11901,1.49,,
206.7,103.3,,,37.68,118.18,30.58,101.31,65020,0.27,,,,,,,11903,1.49,,
206.9,103.18,,,37.69,118.2,30.59,101.34,65390,0.27,,,,,,,11904,1.49,,
207,103.12,,,37.74,118.32,30.62,101.41,65780,0.26,,,,,,,11905,1.49,,
207.1,103.05,,,37.75,118.35,30.63,101.43,65810,0.26,,,,,,,11906,1.49,,
207.2,102.99,,,37.78,118.42,30.66,101.5,66190,0.26,,,,,,,11908,1.49,,
207.3,102.93,,,37.79,118.44,30.7,101.59,66630,0.26,,,,,,,11909,1.49,,
207.4,102.87,,,37.81,118.49,30.73,101.67,67030,0.26,,,,,,,11910,1.49,,
207.5,102.81,,,37.82,118.51,30.74,101.69,67420,0.26,,,,,,,11911,1.49,,
207.7,102.68,,,37.83,118.54,30.77,101.76,67820,0.26,,,,,,,11912,1.49,,
207.8,102.62,,,37.85,118.58,30.79,101.81,68050,0.26,,,,,,,11913,1.49,,
207.9,102.56,,,37.89,118.68,30.84,101.93,68090,0.26,,,,,,,11914,1.49,,
208,102.5,,,37.92,118.75,30.88,102.02,68230,0.26,,,,,,,11915,1.49,,
208.1,102.43,,,37.93,118.78,30.89,102.04,68670,0.26,,,,,,,11917,1.49,,
208.2,102.37,,,37.94,118.8,30.9,102.07,68960,0.26,,,,,,,11919,1.49,,
208.3,102.31,,,37.95,118.82,30.91,102.09,69150,0.26,,,,,,,11920,1.49,,
208.4,102.25,,,37.96,118.85,30.94,102.16,69560,0.26,,,,,,,11921,1.49,,
208.5,102.19,,,37.98,118.9,30.95,102.19,70030,0.25,,,,,,,11923,1.49,,
208.6,102.13,,,38.01,118.97,30.96,102.21,70430,0.25,,,,,,,11924,1.49,,
208.7,102.06,,,38.04,119.04,30.99,102.28,70890,0.25,,,,,,,11925,1.49,,
208.8,102,,,38.07,119.11,31,102.3,71320,0.25,,,,,,,11926,1.49,,
208.9,101.94,,,38.08,119.13,31.02,102.35,71790,0.25,,,,,,,11928,1.49,,
209,101.88,,,38.1,119.18,31.03,102.37,72230,0.25,,,,,,,11929,1.49,,
209.1,101.82,,,38.12,119.23,31.05,102.42,72710,0.25,,,,,,,11930,1.49,,
209.2,101.76,,,38.13,119.25,31.07,102.47,73140,0.25,,,,,,,11931,1.49,,
209.3,101.7,,,38.16,119.33,31.09,102.52,73620,0.25,,,,,,,11933,1.49,,
209.4,101.64,,,38.17,119.35,31.1,102.54,74150,0.25,,,,,,,11934,1.49,,
209.5,101.58,,,38.19,119.4,31.15,102.66,74560,0.24,,,,,,,11935,1.49,,
209.6,101.51,,,38.2,119.42,31.2,102.78,75060,0.24,,,,,,,11936,1.49,,
209.7,101.45,,,38.21,119.45,31.21,102.8,75560,0.24,,,,,,,11938,1.49,,
209.8,101.39,,,38.22,119.47,31.22,102.82,75930,0.24,,,,,,,11939,1.48,,
209.9,101.33,,,38.24,119.52,31.23,102.85,76090,0.24,,,,,,,11940,1.48,,
210,101.27,,,38.26,119.56,31.24,102.87,76170,0.24,,,,,,,11942,1.48,,
210.1,101.21,,,38.28,119.61,31.25,102.89,76390,0.24,,,,,,,11943,1.48,,
210.2,101.15,,,38.34,119.76,31.27,102.94,76430,0.24,,,,,,,11944,1.48,,
210.3,101.09,,,38.35,119.78,31.29,102.99,76510,0.24,,,,,,,11945,1.48,,
210.4,101.03,,,38.39,119.88,31.33,103.08,76740,0.24,,,,,,,11946,1.48,,
210.5,100.97,,,38.4,119.9,31.37,103.18,76990,0.24,,,,,,,11948,1.48,,
210.6,100.91,,,38.41,119.92,31.38,103.2,77000,0.24,,,,,,,11949,1.48,,
210.7,100.85,,,38.42,119.95,31.39,103.23,77210,0.24,,,,,,,11950,1.48,,
210.8,100.79,,,38.49,120.11,31.41,103.27,77550,0.24,,,,,,,11952,1.48,,
210.9,100.73,,,38.54,120.23,31.42,103.3,77820,0.24,,,,,,,11953,1.48,,
211,100.67,,,38.55,120.26,31.44,103.34,77980,0.24,,,,,,,11954,1.48,,
211.1,100.61,,,38.58,120.33,31.48,103.44,78140,0.24,,,,,,,11955,1.48,,
211.2,100.55,,,38.59,120.35,31.49,103.46,78420,0.24,,,,,,,11956,1.48,,
211.3,100.49,,,38.61,120.4,31.51,103.51,78480,0.24,,,,,,,11958,1.48,,
211.4,100.43,,,38.62,120.43,31.54,103.58,78740,0.24,,,,,,,11959,1.48,,
211.5,100.37,,,38.63,120.45,31.56,103.63,78930,0.24,,,,,,,11960,1.48,,
211.6,100.31,,,38.64,120.47,31.57,103.65,79040,0.24,,,,,,,11962,1.48,,
211.8,100.19,,,38.68,120.57,31.6,103.72,79350,0.24,,,,,,,11963,1.48,,
211.9,100.13,,,38.69,120.59,31.65,103.84,79490,0.24,,,,,,,11964,1.48,,
212,100.07,,,38.71,120.64,31.67,103.89,79600,0.24,,,,,,,11965,1.48,,
212.1,100.01,,,38.75,120.74,31.69,103.94,79710,0.24,,,,,,,11967,1.48,,
212.2,99.95,,,38.76,120.76,31.7,103.96,79920,0.23,,,,,,,11968,1.48,,
212.3,99.89,,,38.77,120.78,31.71,103.98,79980,0.23,,,,,,,11969,1.48,,
212.4,99.84,,,38.78,120.81,31.72,104.01,80270,0.23,,,,,,,11970,1.48,,
212.5,99.78,,,38.82,120.9,31.75,104.08,80520,0.23,,,,,,,11972,1.48,,
212.6,99.72,,,38.83,120.93,31.82,104.24,80530,0.23,,,,,,,11973,1.48,,
212.7,99.66,,,38.87,121.02,31.86,104.34,80570,0.23,,,,,,,11974,1.48,,
212.8,99.6,,,38.88,121.05,31.87,104.36,80730,0.23,,,,,,,11976,1.48,,
212.9,99.54,,,38.89,121.07,31.88,104.39,80810,0.23,,,,,,,11977,1.48,,
213,99.48,,,38.9,121.1,31.93,104.5,81070,0.23,,,,,,,11978,1.48,,
213.1,99.42,,,38.92,121.14,31.95,104.55,81200,0.23,,,,,,,11979,1.48,,
213.2,99.36,,,38.96,121.24,31.96,104.57,81520,0.23,,,,,,,11980,1.48,,
213.3,99.31,,,38.97,121.26,31.97,104.6,81630,0.23,,,,,,,11982,1.48,,
213.4,99.25,,,38.99,121.31,32.01,104.69,81770,0.23,,,,,,,11983,1.48,,
213.5,99.19,,,39,121.34,32.03,104.74,82150,0.23,,,,,,,11984,1.48,,
213.6,99.13,,,39.02,121.38,32.04,104.76,82160,0.23,,,,,,,11985,1.48,,
213.7,99.07,,,39.03,121.41,32.05,104.79,82330,0.23,,,,,,,11987,1.48,,
213.8,99.01,,,39.04,121.43,32.06,104.81,82400,0.23,,,,,,,11988,1.48,,
213.9,98.95,,,39.05,121.45,32.08,104.86,82530,0.23,,,,,,,11989,1.48,,
214,98.9,,,39.06,121.48,32.11,104.93,82640,0.23,,,,,,,11991,1.47,,
214.1,98.84,,,39.1,121.57,32.14,105,82760,0.23,,,,,,,11992,1.47,,
214.2,98.78,,,39.12,121.62,32.16,105.05,82770,0.23,,,,,,,11993,1.47,,
214.3,98.72,,,39.13,121.65,32.17,105.07,82930,0.23,,,,,,,11995,1.47,,
214.4,98.66,,,39.14,121.67,32.18,105.1,83150,0.23,,,,,,,11996,1.47,,
214.5,98.61,,,39.16,121.72,32.2,105.14,83210,0.23,,,,,,,11997,1.47,,
214.6,98.55,,,39.18,121.77,32.22,105.19,83460,0.23,,,,,,,11998,1.47,,
214.7,98.49,,,39.19,121.79,32.23,105.21,83740,0.23,,,,,,,11999,1.47,,
214.8,98.43,,,39.23,121.89,32.24,105.24,83780,0.23,,,,,,,12001,1.47,,
214.9,98.37,,,39.24,121.91,32.28,105.33,84100,0.23,,,,,,,12002,1.47,,
215,98.32,,,39.25,121.93,32.3,105.38,84240,0.23,,,,,,,12003,1.47,,
215.1,98.26,,,39.27,121.98,32.31,105.4,84460,0.23,,,,,,,12005,1.47,,
215.2,98.2,,,39.29,122.03,32.32,105.43,84790,0.23,,,,,,,12006,1.47,,
215.3,98.14,,,39.31,122.08,32.34,105.47,84810,0.23,,,,,,,12007,1.47,,
215.4,98.09,,,39.32,122.1,32.36,105.52,85140,0.23,,,,,,,12009,1.47,,
215.5,98.03,,,39.33,122.13,32.39,105.59,85350,0.23,,,,,,,12010,1.47,,
215.6,97.97,,,39.37,122.22,32.41,105.64,85450,0.23,,,,,,,12012,1.47,,
215.7,97.91,,,39.39,122.27,32.42,105.66,85480,0.23,,,,,,,12014,1.47,,
215.8,97.86,,,39.41,122.32,32.43,105.69,85660,0.23,,,,,,,12015,1.47,,
215.9,97.8,,,39.42,122.34,32.46,105.76,85730,0.23,,,,,,,12016,1.47,,
216,97.74,,,39.44,122.39,32.51,105.88,85920,0.23,,,,,,,12018,1.47,,
216.1,97.69,,,39.45,122.41,32.53,105.92,85930,0.23,,,,,,,12019,1.47,,
216.2,97.63,,,39.46,122.44,32.55,105.97,85980,0.22,,,,,,,12020,1.47,,
216.3,97.57,,,39.47,122.46,32.59,106.07,86240,0.22,,,,,,,12021,1.47,,
216.4,97.52,,,39.51,122.56,32.6,106.09,86540,0.22,,,,,,,12023,1.47,,
216.5,97.46,,,39.52,122.58,32.61,106.11,86630,0.22,,,,,,,12024,1.47,,
216.6,97.4,,,39.53,122.6,32.63,106.16,86950,0.22,,,,,,,12025,1.47,,
216.7,97.35,,,39.55,122.65,32.67,106.26,87030,0.22,,,,,,,12027,1.47,,
216.8,97.29,,,39.57,122.7,32.68,106.28,87420,0.22,,,,,,,12028,1.47,,
217,97.18,,,39.58,122.72,32.7,106.33,87590,0.22,,,,,,,12029,1.47,,
217.1,97.12,,,39.6,122.77,32.71,106.35,87880,0.22,,,,,,,12030,1.47,,
217.2,97.06,,,39.61,122.8,32.75,106.45,88210,0.22,,,,,,,12032,1.47,,
217.3,97.01,,,39.64,122.87,32.77,106.49,88320,0.22,,,,,,,12033,1.47,,
217.4,96.95,,,39.65,122.89,32.78,106.52,88820,0.22,,,,,,,12034,1.47,,
217.5,96.89,,,39.68,122.96,32.8,106.56,89230,0.22,,,,,,,12036,1.47,,
217.6,96.84,,,39.71,123.04,32.82,106.61,89370,0.22,,,,,,,12037,1.47,,
217.7,96.78,,,39.74,123.11,32.87,106.73,89450,0.22,,,,,,,12038,1.47,,
217.8,96.72,,,39.75,123.13,32.9,106.8,89770,0.22,,,,,,,12040,1.47,,
217.9,96.67,,,39.76,123.16,32.91,106.82,89910,0.22,,,,,,,12042,1.47,,
218,96.61,,,39.79,123.23,32.92,106.85,90250,0.22,,,,,,,12043,1.46,,
218.1,96.56,,,39.8,123.25,32.94,106.9,90540,0.22,,,,,,,12045,1.46,,
218.2,96.5,,,39.81,123.28,32.96,106.94,90550,0.22,,,,,,,12046,1.46,,
218.3,96.44,,,39.83,123.32,32.98,106.99,90630,0.22,,,,,,,12047,1.46,,
218.4,96.39,,,39.84,123.35,33.02,107.09,90690,0.22,,,,,,,12048,1.46,,
218.5,96.33,,,39.85,123.37,33.04,107.13,91150,0.22,,,,,,,12049,1.46,,
218.6,96.28,,,39.88,123.44,33.05,107.16,91290,0.22,,,,,,,12051,1.46,,
218.7,96.22,,,39.89,123.47,33.08,107.23,91700,0.22,,,,,,,12052,1.46,,
218.8,96.17,,,39.9,123.49,33.11,107.3,91730,0.22,,,,,,,12053,1.46,,
218.9,96.11,,,39.92,123.54,33.14,107.37,92210,0.22,,,,,,,12054,1.46,,
219,96.06,,,39.93,123.56,33.15,107.39,92360,0.22,,,,,,,12056,1.46,,
219.1,96,,,39.94,123.59,33.17,107.44,92610,0.22,,,,,,,12057,1.46,,
219.2,95.94,,,39.98,123.68,33.19,107.49,92900,0.22,,,,,,,12058,1.46,,
219.3,95.89,,,39.99,123.71,33.2,107.51,93180,0.21,,,,,,,12060,1.46,,
219.4,95.83,,,40.02,123.78,33.22,107.56,93600,0.21,,,,,,,12061,1.46,,
219.5,95.78,,,40.04,123.83,33.28,107.7,93630,0.21,,,,,,,12062,1.46,,
219.6,95.72,,,40.06,123.88,33.29,107.73,94160,0.21,,,,,,,12064,1.46,,
219.7,95.67,,,40.07,123.9,33.31,107.77,94170,0.21,,,,,,,12065,1.46,,
219.8,95.61,,,40.09,123.95,33.32,107.8,94650,0.21,,,,,,,12066,1.46,,
219.9,95.56,,,40.11,124,33.33,107.82,94810,0.21,,,,,,,12068,1.46,,
220,95.5,,,40.16,124.11,33.37,107.92,95150,0.21,,,,,,,12069,1.46,,
220.1,95.45,,,40.18,124.16,33.39,107.96,95440,0.21,,,,,,,12070,1.46,,
220.2,95.39,,,40.19,124.19,33.4,107.99,95710,0.21,,,,,,,12071,1.46,,
220.3,95.34,,,40.21,124.23,33.42,108.03,95980,0.21,,,,,,,12073,1.46,,
220.4,95.28,,,40.22,124.26,33.43,108.06,96110,0.21,,,,,,,12074,1.46,,
220.5,95.23,,,40.23,124.28,33.46,108.13,96670,0.21,,,,,,,12075,1.46,,
220.7,95.12,,,40.24,124.31,33.47,108.15,96700,0.21,,,,,,,12077,1.46,,
220.8,95.07,,,40.26,124.35,33.48,108.18,97130,0.21,,,,,,,12078,1.46,,
220.9,95.01,,,40.27,124.38,33.49,108.2,97330,0.21,,,,,,,12079,1.46,,
221,94.96,,,40.29,124.43,33.55,108.34,97690,0.21,,,,,,,12080,1.46,,
221.1,94.9,,,40.32,124.5,33.56,108.37,97980,0.21,,,,,,,12082,1.46,,
221.2,94.85,,,40.33,124.52,33.61,108.49,98120,0.21,,,,,,,12083,1.46,,
221.3,94.79,,,40.37,124.62,33.62,108.51,98610,0.21,,,,,,,12084,1.46,,
221.4,94.74,,,40.39,124.67,33.64,108.56,98660,0.21,,,,,,,12085,1.46,,
221.5,94.69,,,40.42,124.74,33.65,108.58,99090,0.21,,,,,,,12087,1.46,,
221.6,94.63,,,40.43,124.76,33.66,108.6,99300,0.21,,,,,,,12088,1.46,,
221.7,94.58,,,40.44,124.79,33.68,108.65,99640,0.21,,,,,,,12090,1.46,,
221.8,94.52,,,40.45,124.81,33.73,108.77,99940,0.21,,,,,,,12091,1.46,,
221.9,94.47,,,40.46,124.83,33.74,108.79,100190,0.21,,,,,,,12092,1.46,,
222,94.42,,,40.47,124.86,33.75,108.82,100620,0.21,,,,,,,12093,1.46,,
222.1,94.36,,,40.48,124.88,33.77,108.87,100720,0.21,,,,,,,12095,1.46,,
222.2,94.31,,,40.49,124.91,33.79,108.91,101180,0.21,,,,,,,12096,1.45,,
222.3,94.25,,,40.5,124.93,33.8,108.94,101310,0.2,,,,,,,12097,1.45,,
222.4,94.2,,,40.52,124.98,33.82,108.98,101660,0.2,,,,,,,12099,1.45,,
222.5,94.15,,,40.56,125.07,33.83,109.01,101980,0.2,,,,,,,12100,1.45,,
222.6,94.09,,,40.58,125.12,33.86,109.08,102150,0.2,,,,,,,12101,1.45,,
222.7,94.04,,,40.59,125.15,33.88,109.13,102630,0.2,,,,,,,12102,1.45,,
222.8,93.99,,,40.61,125.19,33.89,109.15,102660,0.2,,,,,,,12104,1.45,,
223,93.88,,,40.63,125.24,33.9,109.17,103180,0.2,,,,,,,12105,1.45,,
223.1,93.83,,,40.65,125.29,33.92,109.22,103320,0.2,,,,,,,12106,1.45,,
223.2,93.77,,,40.66,125.31,33.93,109.25,103720,0.2,,,,,,,12108,1.45,,
223.3,93.72,,,40.68,125.36,33.95,109.29,104010,0.2,,,,,,,12109,1.45,,
223.4,93.67,,,40.69,125.39,33.99,109.39,104120,0.2,,,,,,,12110,1.45,,
223.5,93.61,,,40.7,125.41,34,109.41,104700,0.2,,,,,,,12112,1.45,,
223.6,93.56,,,40.71,125.43,34.03,109.48,104760,0.2,,,,,,,12113,1.45,,
223.7,93.51,,,40.73,125.48,34.07,109.58,105150,0.2,,,,,,,12114,1.45,,
223.8,93.45,,,40.74,125.51,34.09,109.63,105430,0.2,,,,,,,12115,1.45,,
223.9,93.4,,,40.76,125.55,34.11,109.67,105700,0.2,,,,,,,12117,1.45,,
224,93.35,,,40.77,125.58,34.12,109.7,106120,0.2,,,,,,,12118,1.45,,
224.1,93.29,,,40.8,125.65,34.13,109.72,106160,0.2,,,,,,,12119,1.45,,
224.2,93.24,,,40.83,125.72,34.16,109.79,106770,0.2,,,,,,,12121,1.45,,
224.3,93.19,,,40.86,125.79,34.17,109.82,106840,0.2,,,,,,,12123,1.45,,
224.4,93.14,,,40.88,125.84,34.18,109.84,107200,0.2,,,,,,,12124,1.45,,
224.5,93.08,,,40.89,125.87,34.2,109.89,107240,0.2,,,,,,,12126,1.45,,
224.6,93.03,,,40.92,125.94,34.24,109.98,107650,0.2,,,,,,,12127,1.45,,
224.7,92.98,,,40.93,125.96,34.27,110.05,107670,0.2,,,,,,,12128,1.45,,
224.8,92.93,,,40.95,126.01,34.29,110.1,108170,0.2,,,,,,,12130,1.45,,
224.9,92.87,,,40.96,126.03,34.31,110.15,108280,0.2,,,,,,,12131,1.45,,
225,92.82,,,40.97,126.06,34.32,110.17,108670,0.2,,,,,,,12132,1.45,,
225.1,92.77,,,40.99,126.11,34.33,110.2,109030,0.2,,,,,,,12133,1.45,,
225.2,92.72,,,41.02,126.18,34.34,110.22,109240,0.2,,,,,,,12135,1.45,,
225.3,92.66,,,41.03,126.2,34.36,110.27,109680,0.2,,,,,,,12136,1.45,,
225.4,92.61,,,41.05,126.25,34.37,110.29,109730,0.2,,,,,,,12137,1.45,,
225.5,92.56,,,41.06,126.28,34.38,110.31,110230,0.2,,,,,,,12139,1.45,,
225.6,92.51,,,41.09,126.35,34.44,110.46,110530,0.2,,,,,,,12140,1.45,,
225.7,92.46,,,41.12,126.42,34.45,110.48,110730,0.2,,,,,,,12141,1.45,,
225.8,92.4,,,41.13,126.44,34.47,110.53,111250,0.19,,,,,,,12142,1.45,,
225.9,92.35,,,41.14,126.47,34.49,110.58,111260,0.19,,,,,,,12143,1.45,,
226,92.3,,,41.15,126.49,34.51,110.62,111710,0.19,,,,,,,12145,1.45,,
226.1,92.25,,,41.18,126.56,34.52,110.65,111940,0.19,,,,,,,12146,1.45,,
226.2,92.2,,,41.21,126.64,34.54,110.69,112010,0.19,,,,,,,12147,1.45,,
226.3,92.14,,,41.23,126.68,34.57,110.77,112260,0.19,,,,,,,12148,1.45,,
226.4,92.09,,,41.25,126.73,34.58,110.79,112740,0.19,,,,,,,12149,1.45,,
226.5,92.04,,,41.27,126.78,34.6,110.84,112800,0.19,,,,,,,12150,1.44,,
226.6,91.99,,,41.33,126.92,34.61,110.86,113320,0.19,,,,,,,12152,1.44,,
226.7,91.94,,,41.35,126.97,34.63,110.91,113510,0.19,,,,,,,12153,1.44,,
226.8,91.89,,,41.36,127,34.64,110.93,113870,0.19,,,,,,,12154,1.44,,
227,91.78,,,41.38,127.04,34.65,110.96,114290,0.19,,,,,,,12155,1.44,,
227.1,91.73,,,41.39,127.07,34.67,111,114430,0.19,,,,,,,12156,1.44,,
227.2,91.68,,,41.4,127.09,34.72,111.12,114890,0.19,,,,,,,12158,1.44,,
227.3,91.63,,,41.41,127.12,34.74,111.17,115080,0.19,,,,,,,12159,1.44,,
227.4,91.58,,,41.43,127.16,34.78,111.27,115550,0.19,,,,,,,12160,1.44,,
227.5,91.53,,,41.45,127.21,34.8,111.31,115830,0.19,,,,,,,12162,1.44,,
227.6,91.48,,,41.46,127.24,34.81,111.34,116080,0.19,,,,,,,12163,1.44,,
227.7,91.42,,,41.48,127.28,34.82,111.36,116600,0.19,,,,,,,12164,1.44,,
227.8,91.37,,,41.49,127.31,34.84,111.41,116660,0.19,,,,,,,12165,1.44,,
227.9,91.32,,,41.5,127.33,34.85,111.43,117200,0.19,,,,,,,12167,1.44,,
228,91.27,,,41.51,127.36,34.88,111.5,117410,0.19,,,,,,,12168,1.44,,
228.1,91.22,,,41.53,127.4,34.89,111.53,117750,0.19,,,,,,,12169,1.44,,
228.3,91.12,,,41.55,127.45,34.93,111.62,118150,0.19,,,,,,,12171,1.44,,
228.4,91.07,,,41.56,127.48,34.98,111.74,118430,0.19,,,,,,,12172,1.44,,
228.5,91.02,,,41.59,127.55,35,111.79,119010,0.19,,,,,,,12173,1.44,,
228.6,90.97,,,41.6,127.57,35.01,111.81,119030,0.19,,,,,,,12174,1.44,,
228.7,90.92,,,41.61,127.6,35.03,111.86,119580,0.19,,,,,,,12176,1.44,,
228.8,90.87,,,41.62,127.62,35.07,111.96,119840,0.19,,,,,,,12177,1.44,,
228.9,90.81,,,41.63,127.64,35.08,111.98,120240,0.19,,,,,,,12178,1.44,,
229,90.76,,,41.64,127.67,35.09,112,120600,0.19,,,,,,,12180,1.44,,
229.1,90.71,,,41.65,127.69,35.11,112.05,120870,0.19,,,,,,,12181,1.44,,
229.2,90.66,,,41.67,127.74,35.14,112.12,121410,0.19,,,,,,,12182,1.44,,
229.3,90.61,,,41.68,127.76,35.15,112.15,121480,0.19,,,,,,,12183,1.44,,
229.4,90.56,,,41.69,127.79,35.17,112.19,121740,0.19,,,,,,,12185,1.44,,
229.5,90.51,,,41.72,127.86,35.19,112.24,122160,0.19,,,,,,,12186,1.44,,
229.6,90.46,,,41.75,127.93,35.2,112.26,122280,0.19,,,,,,,12187,1.44,,
229.7,90.41,,,41.76,127.96,35.24,112.36,122750,0.18,,,,,,,12188,1.44,,
229.8,90.36,,,41.77,127.98,35.25,112.38,123140,0.18,,,,,,,12190,1.44,,
229.9,90.31,,,41.78,128.01,35.26,112.41,123470,0.18,,,,,,,12191,1.44,,
230,90.26,,,41.79,128.03,35.29,112.48,123950,0.18,,,,,,,12193,1.44,,
230.1,90.21,,,41.83,128.13,35.31,112.53,124110,0.18,,,,,,,12194,1.44,,
230.2,90.16,,,41.85,128.17,35.33,112.57,124700,0.18,,,,,,,12195,1.44,,
230.3,90.11,,,41.87,128.22,35.37,112.67,124730,0.18,,,,,,,12196,1.44,,
230.4,90.06,,,41.88,128.25,35.38,112.69,124940,0.18,,,,,,,12198,1.44,,
230.5,90.01,,,41.9,128.29,35.4,112.74,125110,0.18,,,,,,,12199,1.44,,
230.6,89.96,,,41.92,128.34,35.41,112.76,125510,0.18,,,,,,,12200,1.44,,
230.7,89.91,,,41.95,128.41,35.43,112.81,125680,0.18,,,,,,,12201,1.44,,
230.8,89.86,,,41.96,128.44,35.46,112.88,126130,0.18,,,,,,,12203,1.44,,
230.9,89.81,,,41.97,128.46,35.49,112.95,126520,0.18,,,,,,,12204,1.44,,
231.1,89.71,,,41.98,128.49,35.51,113,126820,0.18,,,,,,,12205,1.43,,
231.3,89.62,,,42.01,128.56,35.55,113.1,127360,0.18,,,,,,,12206,1.43,,
231.4,89.57,,,42.02,128.58,35.56,113.12,127550,0.18,,,,,,,12208,1.43,,
231.5,89.52,,,42.03,128.61,35.57,113.15,128210,0.18,,,,,,,12209,1.43,,
231.6,89.47,,,42.04,128.63,35.58,113.17,128390,0.18,,,,,,,12211,1.43,,
231.7,89.42,,,42.11,128.8,35.61,113.24,129040,0.18,,,,,,,12212,1.43,,
231.8,89.37,,,42.13,128.85,35.64,113.31,129120,0.18,,,,,,,12213,1.43,,
231.9,89.32,,,42.14,128.87,35.65,113.34,129810,0.18,,,,,,,12214,1.43,,
232,89.27,,,42.15,128.9,35.66,113.36,130050,0.18,,,,,,,12216,1.43,,
232.1,89.22,,,42.18,128.97,35.67,113.38,130350,0.18,,,,,,,12217,1.43,,
232.2,89.17,,,42.19,128.99,35.72,113.5,130550,0.18,,,,,,,12218,1.43,,
232.3,89.12,,,42.22,129.06,35.74,113.55,130810,0.18,,,,,,,12219,1.43,,
232.4,89.07,,,42.23,129.09,35.76,113.6,131330,0.18,,,,,,,12221,1.43,,
232.5,89.03,,,42.27,129.18,35.77,113.62,131800,0.18,,,,,,,12222,1.43,,
232.6,88.98,,,42.28,129.21,35.8,113.69,132140,0.18,,,,,,,12224,1.43,,
232.8,88.88,,,42.29,129.23,35.81,113.72,132690,0.18,,,,,,,12225,1.43,,
232.9,88.83,,,42.33,129.33,35.86,113.84,132930,0.18,,,,,,,12226,1.43,,
233,88.78,,,42.36,129.4,35.88,113.88,133640,0.18,,,,,,,12227,1.43,,
233.1,88.73,,,42.37,129.42,35.9,113.93,133650,0.18,,,,,,,12229,1.43,,
233.2,88.69,,,42.39,129.47,35.92,113.98,134420,0.18,,,,,,,12230,1.43,,
233.3,88.64,,,42.4,129.5,35.93,114,134580,0.18,,,,,,,12231,1.43,,
233.4,88.59,,,42.45,129.62,35.94,114.03,135230,0.18,,,,,,,12232,1.43,,
233.5,88.54,,,42.48,129.69,35.95,114.05,135410,0.18,,,,,,,12234,1.43,,
233.6,88.49,,,42.49,129.71,35.97,114.1,135930,0.18,,,,,,,12235,1.43,,
233.7,88.44,,,42.5,129.74,36.01,114.19,136010,0.18,,,,,,,12237,1.43,,
233.8,88.39,,,42.52,129.79,36.03,114.24,136360,0.18,,,,,,,12238,1.43,,
233.9,88.35,,,42.53,129.81,36.04,114.26,136830,0.17,,,,,,,12239,1.43,,
234,88.3,,,42.59,129.95,36.06,114.31,137400,0.17,,,,,,,12240,1.43,,
234.1,88.25,,,42.63,130.05,36.08,114.36,137760,0.17,,,,,,,12241,1.43,,
234.2,88.2,,,42.64,130.07,36.13,114.48,138230,0.17,,,,,,,12243,1.43,,
234.3,88.15,,,42.65,130.1,36.15,114.53,138490,0.17,,,,,,,12244,1.43,,
234.4,88.11,,,42.7,130.22,36.16,114.55,139130,0.17,,,,,,,12245,1.43,,
234.5,88.06,,,42.75,130.34,36.18,114.6,139300,0.17,,,,,,,12247,1.43,,
234.6,88.01,,,42.76,130.36,36.19,114.62,140180,0.17,,,,,,,12248,1.43,,
234.7,87.96,,,42.77,130.39,36.2,114.65,140200,0.17,,,,,,,12249,1.43,,
234.8,87.91,,,42.78,130.41,36.22,114.69,140950,0.17,,,,,,,12250,1.43,,
234.9,87.87,,,42.83,130.53,36.24,114.74,141050,0.17,,,,,,,12252,1.43,,
235,87.82,,,42.84,130.56,36.27,114.81,141850,0.17,,,,,,,12253,1.43,,
235.2,87.72,,,42.88,130.65,36.28,114.84,142170,0.17,,,,,,,12255,1.43,,
235.3,87.67,,,42.9,130.7,36.31,114.91,142590,0.17,,,,,,,12256,1.43,,
235.4,87.63,,,42.93,130.77,36.34,114.98,143110,0.17,,,,,,,12257,1.43,,
235.5,87.58,,,43,130.94,36.38,115.08,143580,0.17,,,,,,,12258,1.43,,
235.6,87.53,,,43.01,130.97,36.39,115.1,144140,0.17,,,,,,,12259,1.43,,
235.7,87.48,,,43.02,130.99,36.41,115.15,144470,0.17,,,,,,,12260,1.42,,
235.8,87.44,,,43.05,131.06,36.43,115.19,145010,0.17,,,,,,,12261,1.42,,
235.9,87.39,,,43.06,131.09,36.44,115.22,145370,0.17,,,,,,,12262,1.42,,
236,87.34,,,43.07,131.11,36.46,115.27,146090,0.17,,,,,,,12264,1.42,,
236.1,87.3,,,43.12,131.23,36.48,115.31,146140,0.17,,,,,,,12265,1.42,,
236.2,87.25,,,43.14,131.28,36.49,115.34,147050,0.17,,,,,,,12266,1.42,,
236.3,87.2,,,43.15,131.3,36.53,115.43,147130,0.17,,,,,,,12267,1.42,,
236.4,87.15,,,43.17,131.35,36.54,115.46,148060,0.17,,,,,,,12269,1.42,,
236.6,87.06,,,43.18,131.37,36.55,115.48,148090,0.17,,,,,,,12270,1.42,,
236.7,87.01,,,43.25,131.54,36.59,115.58,149130,0.17,,,,,,,12271,1.42,,
236.8,86.97,,,43.26,131.57,36.61,115.62,150500,0.17,,,,,,,12273,1.42,,
236.9,86.92,,,43.27,131.59,36.62,115.65,150900,0.17,,,,,,,12274,1.42,,
237.1,86.82,,,43.31,131.69,36.64,115.7,151000,0.17,,,,,,,12275,1.42,,
237.2,86.78,,,43.32,131.71,36.67,115.77,151400,0.17,,,,,,,12277,1.42,,
237.3,86.73,,,43.34,131.76,36.7,115.84,151500,0.17,,,,,,,12279,1.42,,
237.4,86.68,,,43.37,131.83,36.74,115.93,151800,0.17,,,,,,,12281,1.42,,
237.5,86.64,,,43.39,131.88,36.75,115.96,152200,0.17,,,,,,,12283,1.42,,
237.6,86.59,,,43.41,131.93,36.76,115.98,153200,0.17,,,,,,,12284,1.42,,
237.7,86.54,,,43.42,131.95,36.77,116.01,153500,0.17,,,,,,,12286,1.42,,
237.9,86.45,,,43.46,132.05,36.79,116.05,153800,0.16,,,,,,,12287,1.42,,
238,86.4,,,43.49,132.12,36.8,116.08,154600,0.16,,,,,,,12288,1.42,,
238.1,86.36,,,43.51,132.17,36.85,116.2,155600,0.16,,,,,,,12289,1.42,,
238.2,86.31,,,43.54,132.24,36.9,116.32,156400,0.16,,,,,,,12291,1.42,,
238.3,86.26,,,43.55,132.27,36.91,116.34,157300,0.16,,,,,,,12292,1.42,,
238.4,86.22,,,43.57,132.31,36.92,116.36,157900,0.16,,,,,,,12294,1.42,,
238.5,86.17,,,43.61,132.41,36.94,116.41,158400,0.16,,,,,,,12295,1.42,,
238.6,86.13,,,43.63,132.46,37,116.55,158600,0.16,,,,,,,12296,1.42,,
238.7,86.08,,,43.64,132.48,37.01,116.58,159700,0.16,,,,,,,12297,1.42,,
238.8,86.03,,,43.65,132.51,37.03,116.63,161000,0.16,,,,,,,12299,1.42,,
238.9,85.99,,,43.66,132.53,37.05,116.67,161300,0.16,,,,,,,12300,1.42,,
239,85.94,,,43.73,132.7,37.08,116.75,162300,0.16,,,,,,,12302,1.42,,
239.1,85.9,,,43.75,132.75,37.09,116.77,162700,0.16,,,,,,,12304,1.42,,
239.2,85.85,,,43.76,132.77,37.15,116.91,162900,0.16,,,,,,,12305,1.42,,
239.4,85.76,,,43.78,132.82,37.16,116.94,163600,0.16,,,,,,,12306,1.42,,
239.5,85.71,,,43.8,132.87,37.17,116.96,163800,0.16,,,,,,,12308,1.42,,
239.6,85.67,,,43.83,132.94,37.18,116.98,164200,0.16,,,,,,,12309,1.42,,
239.7,85.62,,,43.84,132.97,37.2,117.03,165300,0.16,,,,,,,12310,1.42,,
239.8,85.57,,,43.87,133.04,37.23,117.1,165400,0.16,,,,,,,12312,1.42,,
239.9,85.53,,,43.88,133.06,37.28,117.22,165800,0.16,,,,,,,12313,1.42,,
240,85.48,,,43.91,133.13,37.3,117.27,166900,0.16,,,,,,,12314,1.42,,
240.2,85.39,,,43.94,133.21,37.31,117.29,167400,0.16,,,,,,,12316,1.42,,
240.3,85.35,,,43.96,133.26,37.36,117.41,167700,0.16,,,,,,,12317,1.41,,
240.4,85.3,,,43.97,133.28,37.38,117.46,168200,0.16,,,,,,,12318,1.41,,
240.5,85.25,,,43.98,133.3,37.39,117.49,168900,0.16,,,,,,,12319,1.41,,
240.7,85.16,,,43.99,133.33,37.43,117.58,169600,0.16,,,,,,,12321,1.41,,
240.8,85.12,,,44,133.35,37.44,117.6,169700,0.16,,,,,,,12322,1.41,,
240.9,85.07,,,44.01,133.38,37.45,117.63,170100,0.16,,,,,,,12323,1.41,,
241,85.03,,,44.04,133.45,37.46,117.65,170600,0.16,,,,,,,12324,1.41,,
241.1,84.98,,,44.08,133.54,37.5,117.75,172100,0.16,,,,,,,12326,1.41,,
241.2,84.94,,,44.11,133.62,37.52,117.8,172200,0.16,,,,,,,12327,1.41,,
241.3,84.89,,,44.12,133.64,37.53,117.82,172300,0.16,,,,,,,12328,1.41,,
241.4,84.85,,,44.13,133.67,37.55,117.87,174000,0.16,,,,,,,12330,1.41,,
241.5,84.8,,,44.14,133.69,37.56,117.89,174400,0.16,,,,,,,12331,1.41,,
241.6,84.76,,,44.19,133.81,37.57,117.92,175200,0.15,,,,,,,12332,1.41,,
241.7,84.71,,,44.23,133.91,37.61,118.01,175600,0.15,,,,,,,12334,1.41,,
241.8,84.67,,,44.24,133.93,37.65,118.11,176000,0.15,,,,,,,12335,1.41,,
241.9,84.62,,,44.25,133.96,37.68,118.18,176100,0.15,,,,,,,12336,1.41,,
242,84.58,,,44.27,134,37.72,118.27,176600,0.15,,,,,,,12337,1.41,,
242.1,84.53,,,44.31,134.1,37.75,118.35,177400,0.15,,,,,,,12339,1.41,,
242.2,84.49,,,44.34,134.17,37.76,118.37,177700,0.15,,,,,,,12340,1.41,,
242.4,84.4,,,44.35,134.2,37.77,118.39,178800,0.15,,,,,,,12341,1.41,,
242.5,84.35,,,44.36,134.22,37.79,118.44,179000,0.15,,,,,,,12343,1.41,,
242.6,84.31,,,44.38,134.27,37.8,118.46,180200,0.15,,,,,,,12344,1.41,,
242.7,84.26,,,44.43,134.39,37.81,118.49,180700,0.15,,,,,,,12345,1.41,,
242.8,84.22,,,44.44,134.41,37.82,118.51,181400,0.15,,,,,,,12347,1.41,,
242.9,84.17,,,44.46,134.46,37.86,118.61,182400,0.15,,,,,,,12348,1.41,,
243,84.13,,,44.47,134.49,37.88,118.66,182800,0.15,,,,,,,12349,1.41,,
243.1,84.09,,,44.49,134.53,37.91,118.73,183000,0.15,,,,,,,12351,1.41,,
243.2,84.04,,,44.51,134.58,37.92,118.75,183700,0.15,,,,,,,12353,1.41,,
243.3,84,,,44.53,134.63,37.93,118.78,184600,0.15,,,,,,,12354,1.41,,
243.4,83.95,,,44.54,134.66,37.95,118.82,185200,0.15,,,,,,,12356,1.41,,
243.5,83.91,,,44.57,134.73,37.96,118.85,186200,0.15,,,,,,,12357,1.41,,
243.6,83.86,,,44.58,134.75,37.98,118.9,186300,0.15,,,,,,,12358,1.41,,
243.7,83.82,,,44.59,134.78,38.04,119.04,186800,0.15,,,,,,,12359,1.41,,
243.9,83.73,,,44.62,134.85,38.05,119.06,187500,0.15,,,,,,,12361,1.41,,
244,83.69,,,44.63,134.87,38.06,119.09,187800,0.15,,,,,,,12362,1.41,,
244.1,83.64,,,44.65,134.92,38.07,119.11,188700,0.15,,,,,,,12363,1.41,,
244.3,83.56,,,44.66,134.94,38.09,119.16,189100,0.15,,,,,,,12365,1.41,,
244.4,83.51,,,44.68,134.99,38.11,119.21,190100,0.15,,,,,,,12366,1.41,,
244.5,83.47,,,44.69,135.02,38.18,119.37,190300,0.15,,,,,,,12367,1.41,,
244.6,83.42,,,44.71,135.07,38.2,119.42,191000,0.15,,,,,,,12369,1.41,,
244.7,83.38,,,44.78,135.23,38.21,119.45,192100,0.15,,,,,,,12370,1.41,,
244.8,83.34,,,44.81,135.31,38.24,119.52,192800,0.15,,,,,,,12372,1.41,,
244.9,83.29,,,44.83,135.36,38.25,119.54,193500,0.15,,,,,,,12373,1.41,,
245,83.25,,,44.88,135.48,38.3,119.66,194000,0.15,,,,,,,12374,1.4,,
245.1,83.2,,,44.89,135.5,38.32,119.71,194200,0.15,,,,,,,12375,1.4,,
245.3,83.12,,,44.9,135.52,38.34,119.76,195100,0.15,,,,,,,12376,1.4,,
245.5,83.03,,,44.92,135.57,38.35,119.78,195400,0.15,,,,,,,12377,1.4,,
245.6,82.99,,,44.94,135.62,38.37,119.83,196200,0.15,,,,,,,12378,1.4,,
245.7,82.94,,,45,135.77,38.38,119.85,197000,0.15,,,,,,,12379,1.4,,
245.8,82.9,,,45.03,135.84,38.39,119.88,197900,0.15,,,,,,,12381,1.4,,
246,82.81,,,45.06,135.91,38.42,119.95,198700,0.15,,,,,,,12382,1.4,,
246.1,82.77,,,45.07,135.94,38.43,119.97,199300,0.15,,,,,,,12383,1.4,,
246.2,82.73,,,45.12,136.06,38.49,120.11,199500,0.15,,,,,,,12384,1.4,,
246.3,82.68,,,45.13,136.08,38.5,120.14,199600,0.15,,,,,,,12386,1.4,,
246.4,82.64,,,45.15,136.13,38.53,120.21,200800,0.15,,,,,,,12387,1.4,,
246.5,82.6,,,45.17,136.18,38.55,120.26,201000,0.15,,,,,,,12388,1.4,,
246.6,82.55,,,45.18,136.2,38.58,120.33,202000,0.15,,,,,,,12390,1.4,,
246.7,82.51,,,45.2,136.25,38.59,120.35,202400,0.15,,,,,,,12391,1.4,,
246.9,82.43,,,45.23,136.32,38.6,120.38,202800,0.14,,,,,,,12392,1.4,,
247,82.38,,,45.26,136.39,38.62,120.43,204700,0.14,,,,,,,12394,1.4,,
247.1,82.34,,,45.29,136.47,38.63,120.45,205300,0.14,,,,,,,12395,1.4,,
247.2,82.3,,,45.3,136.49,38.64,120.47,206300,0.14,,,,,,,12396,1.4,,
247.3,82.25,,,45.34,136.59,38.65,120.5,206400,0.14,,,,,,,12397,1.4,,
247.5,82.17,,,45.35,136.61,38.67,120.55,206800,0.14,,,,,,,12399,1.4,,
247.6,82.13,,,45.37,136.66,38.68,120.57,208100,0.14,,,,,,,12400,1.4,,
247.7,82.08,,,45.38,136.68,38.69,120.59,208800,0.14,,,,,,,12401,1.4,,
247.8,82.04,,,45.39,136.71,38.72,120.67,209400,0.14,,,,,,,12403,1.4,,
247.9,82,,,45.4,136.73,38.77,120.78,209500,0.14,,,,,,,12404,1.4,,
248,81.95,,,45.41,136.76,38.78,120.81,210400,0.14,,,,,,,12405,1.4,,
248.1,81.91,,,45.42,136.78,38.79,120.83,211800,0.14,,,,,,,12406,1.4,,
248.2,81.87,,,45.46,136.88,38.81,120.88,212200,0.14,,,,,,,12408,1.4,,
248.3,81.83,,,45.48,136.93,38.82,120.9,213300,0.14,,,,,,,12409,1.4,,
248.4,81.78,,,45.51,137,38.87,121.02,213700,0.14,,,,,,,12411,1.4,,
248.5,81.74,,,45.52,137.02,38.9,121.1,214100,0.14,,,,,,,12412,1.4,,
248.6,81.7,,,45.55,137.1,38.91,121.12,214900,0.14,,,,,,,12413,1.4,,
248.7,81.66,,,45.57,137.14,38.93,121.17,215600,0.14,,,,,,,12414,1.4,,
248.8,81.62,,,45.59,137.19,38.94,121.19,215800,0.14,,,,,,,12415,1.4,,
248.9,81.57,,,45.62,137.26,38.95,121.22,217100,0.14,,,,,,,12416,1.4,,
249.1,81.49,,,45.64,137.31,38.96,121.24,217300,0.14,,,,,,,12417,1.4,,
249.2,81.45,,,45.66,137.36,38.98,121.29,218400,0.14,,,,,,,12418,1.4,,
249.3,81.4,,,45.69,137.43,39.03,121.41,219800,0.14,,,,,,,12419,1.4,,
249.4,81.36,,,45.7,137.46,39.05,121.45,220100,0.14,,,,,,,12420,1.4,,
249.5,81.32,,,45.72,137.51,39.07,121.5,220200,0.14,,,,,,,12422,1.4,,
249.6,81.28,,,45.74,137.55,39.08,121.53,220600,0.14,,,,,,,12423,1.4,,
249.7,81.24,,,45.78,137.65,39.1,121.57,223100,0.14,,,,,,,12424,1.4,,
249.8,81.19,,,45.79,137.68,39.11,121.6,224100,0.14,,,,,,,12426,1.4,,
249.9,81.15,,,45.8,137.7,39.13,121.65,224700,0.14,,,,,,,12427,1.4,,
250,81.11,,,45.84,137.8,39.15,121.69,225800,0.14,,,,,,,12428,1.4,,
250.1,81.07,,,45.85,137.82,39.19,121.79,226100,0.14,,,,,,,12430,1.4,,
250.2,81.03,,,45.87,137.87,39.22,121.86,226300,0.14,,,,,,,12431,1.4,,
250.3,80.99,,,45.89,137.92,39.24,121.91,227600,0.14,,,,,,,12432,1.39,,
250.4,80.94,,,45.91,137.97,39.25,121.93,227900,0.14,,,,,,,12433,1.39,,
250.5,80.9,,,45.92,137.99,39.26,121.96,229000,0.14,,,,,,,12435,1.39,,
250.7,80.82,,,45.95,138.06,39.28,122.01,229300,0.14,,,,,,,12436,1.39,,
250.8,80.78,,,45.96,138.09,39.33,122.13,231300,0.14,,,,,,,12437,1.39,,
250.9,80.74,,,46.02,138.23,39.37,122.22,232700,0.14,,,,,,,12439,1.39,,
251,80.69,,,46.06,138.33,39.38,122.25,233400,0.14,,,,,,,12440,1.39,,
251.1,80.65,,,46.12,138.47,39.39,122.27,235100,0.14,,,,,,,12441,1.39,,
251.2,80.61,,,46.13,138.5,39.43,122.37,235800,0.14,,,,,,,12443,1.39,,
251.3,80.57,,,46.15,138.55,39.45,122.41,236200,0.14,,,,,,,12444,1.39,,
251.4,80.53,,,46.16,138.57,39.46,122.44,236800,0.14,,,,,,,12446,1.39,,
251.5,80.49,,,46.17,138.59,39.5,122.53,237000,0.14,,,,,,,12447,1.39,,
251.6,80.45,,,46.22,138.72,39.51,122.56,237600,0.14,,,,,,,12448,1.39,,
251.7,80.4,,,46.23,138.74,39.53,122.6,239900,0.13,,,,,,,12450,1.39,,
251.8,80.36,,,46.24,138.76,39.56,122.68,242200,0.13,,,,,,,12451,1.39,,
251.9,80.32,,,46.28,138.86,39.6,122.77,245200,0.13,,,,,,,12452,1.39,,
252,80.28,,,46.33,138.98,39.62,122.82,247000,0.13,,,,,,,12453,1.39,,
252.1,80.24,,,46.34,139.01,39.64,122.87,252300,0.13,,,,,,,12455,1.39,,
252.2,80.2,,,46.35,139.03,39.65,122.89,307800,0.12,,,,,,,12456,1.39,,
252.3,80.16,,,46.38,139.1,39.66,122.92,318600,0.12,,,,,,,12458,1.39,,
252.4,80.12,,,46.41,139.18,39.67,122.94,325500,0.12,,,,,,,12459,1.39,,
252.5,80.08,,,46.44,139.25,39.69,122.99,342200,0.12,,,,,,,12460,1.39,,
252.6,80.04,,,46.46,139.3,39.73,123.08,347400,0.12,,,,,,,12462,1.39,,
252.8,79.95,,,46.48,139.35,39.74,123.11,358300,0.11,,,,,,,12463,1.39,,
252.9,79.91,,,46.49,139.37,39.78,123.2,377100,0.11,,,,,,,12464,1.39,,
253,79.87,,,46.5,139.39,39.79,123.23,389500,0.11,,,,,,,12465,1.39,,
253.1,79.83,,,46.54,139.49,39.8,123.25,418200,0.11,,,,,,,12467,1.39,,
253.2,79.79,,,46.57,139.56,39.81,123.28,430700,0.11,,,,,,,12468,1.39,,
253.3,79.75,,,46.59,139.61,39.84,123.35,464900,0.1,,,,,,,12470,1.39,,
253.4,79.71,,,46.64,139.73,39.85,123.37,476100,0.1,,,,,,,12471,1.39,,
253.5,79.67,,,46.66,139.78,39.87,123.42,485900,0.1,,,,,,,12472,1.39,,
253.6,79.63,,,46.67,139.81,39.9,123.49,508600,0.1,,,,,,,12474,1.39,,
253.7,79.59,,,46.68,139.83,39.92,123.54,533600,0.1,,,,,,,12475,1.39,,
253.8,79.55,,,46.69,139.85,39.93,123.56,559900,0.1,,,,,,,12476,1.39,,
253.9,79.51,,,46.73,139.95,39.95,123.61,608800,0.09,,,,,,,12478,1.39,,
254,79.47,,,46.74,139.97,39.96,123.64,609500,0.09,,,,,,,12479,1.39,,
254.2,79.39,,,46.79,140.1,40,123.73,615900,0.09,,,,,,,12480,1.39,,
254.3,79.34,,,46.8,140.12,40.02,123.78,618100,0.09,,,,,,,12481,1.39,,
254.4,79.3,,,46.83,140.19,40.06,123.88,620700,0.09,,,,,,,12483,1.39,,
254.5,79.26,,,46.84,140.22,40.07,123.9,624300,0.09,,,,,,,12484,1.39,,
254.6,79.22,,,46.85,140.24,40.08,123.92,628800,0.09,,,,,,,12485,1.39,,
254.7,79.18,,,46.87,140.29,40.09,123.95,633700,0.09,,,,,,,12487,1.39,,
254.8,79.14,,,46.9,140.36,40.12,124.02,637700,0.09,,,,,,,12488,1.39,,
254.9,79.1,,,46.91,140.39,40.13,124.04,641500,0.09,,,,,,,12490,1.39,,
255,79.06,,,46.93,140.44,40.14,124.07,643900,0.09,,,,,,,12491,1.39,,
255.1,79.02,,,46.94,140.46,40.16,124.11,648000,0.09,,,,,,,12492,1.38,,
255.2,78.98,,,47,140.6,40.18,124.16,649300,0.09,,,,,,,12494,1.38,,
255.3,78.94,,,47.01,140.63,40.19,124.19,652600,0.09,,,,,,,12495,1.38,,
255.5,78.86,,,47.03,140.68,40.21,124.23,658900,0.09,,,,,,,12496,1.38,,
255.6,78.82,,,47.08,140.8,40.22,124.26,662800,0.09,,,,,,,12497,1.38,,
255.7,78.78,,,47.09,140.82,40.25,124.33,666100,0.09,,,,,,,12499,1.38,,
255.8,78.74,,,47.1,140.85,40.27,124.38,670900,0.09,,,,,,,12500,1.38,,
255.9,78.7,,,47.12,140.9,40.3,124.45,675400,0.09,,,,,,,12501,1.38,,
256,78.66,,,47.13,140.92,40.32,124.5,679100,0.09,,,,,,,12503,1.38,,
256.2,78.58,,,47.15,140.97,40.35,124.57,680500,0.09,,,,,,,12504,1.38,,
256.3,78.54,,,47.16,140.99,40.36,124.59,684600,0.09,,,,,,,12505,1.38,,
256.4,78.51,,,47.2,141.09,40.38,124.64,867700,0.08,,,,,,,12507,1.38,,
256.5,78.47,,,47.22,141.14,40.39,124.67,876000,0.08,,,,,,,12508,1.38,,
256.6,78.43,,,47.25,141.21,40.4,124.69,878700,0.08,,,,,,,12510,1.38,,
256.7,78.39,,,47.3,141.33,40.41,124.71,1037500,0.08,,,,,,,12511,1.38,,
256.8,78.35,,,47.31,141.36,40.42,124.74,1763200,0.06,,,,,,,12512,1.38,,
256.9,78.31,,,47.33,141.4,40.46,124.83,1798800,0.06,,,,,,,12514,1.38,,
257,78.27,,,47.4,141.57,40.49,124.91,1814800,0.06,,,,,,,12515,1.38,,
257.2,78.19,,,47.41,141.6,40.5,124.93,2000100,0.06,,,,,,,12516,1.38,,
257.4,78.11,,,47.42,141.62,40.53,125,,,,,,,,,12518,1.38,,
257.5,78.07,,,47.44,141.67,40.57,125.1,,,,,,,,,12519,1.38,,
257.6,78.03,,,47.46,141.72,40.59,125.15,,,,,,,,,12520,1.38,,
257.7,77.99,,,47.47,141.74,40.6,125.17,,,,,,,,,12522,1.38,,
257.8,77.95,,,47.49,141.79,40.62,125.22,,,,,,,,,12523,1.38,,
258,77.88,,,47.5,141.82,40.63,125.24,,,,,,,,,12524,1.38,,
258.1,77.84,,,47.55,141.94,40.66,125.31,,,,,,,,,12525,1.38,,
258.2,77.8,,,47.56,141.96,40.68,125.36,,,,,,,,,12527,1.38,,
258.3,77.76,,,47.59,142.03,40.69,125.39,,,,,,,,,12528,1.38,,
258.4,77.72,,,47.6,142.06,40.71,125.43,,,,,,,,,12530,1.38,,
258.5,77.68,,,47.65,142.18,40.73,125.48,,,,,,,,,12531,1.38,,
258.6,77.64,,,47.67,142.23,40.77,125.58,,,,,,,,,12532,1.38,,
258.8,77.56,,,47.68,142.25,40.79,125.63,,,,,,,,,12534,1.38,,
258.9,77.52,,,47.7,142.3,40.8,125.65,,,,,,,,,12535,1.38,,
259,77.49,,,47.73,142.37,40.83,125.72,,,,,,,,,12536,1.38,,
259.1,77.45,,,47.74,142.4,40.86,125.79,,,,,,,,,12537,1.38,,
259.2,77.41,,,47.75,142.42,40.9,125.89,,,,,,,,,12539,1.38,,
259.4,77.33,,,47.76,142.45,40.92,125.94,,,,,,,,,12540,1.38,,
259.5,77.29,,,47.77,142.47,40.93,125.96,,,,,,,,,12542,1.38,,
259.6,77.25,,,47.8,142.54,40.94,125.99,,,,,,,,,12543,1.38,,
259.8,77.18,,,47.85,142.67,40.95,126.01,,,,,,,,,12544,1.38,,
259.9,77.14,,,47.86,142.69,40.96,126.03,,,,,,,,,12546,1.38,,
260,77.1,,,47.87,142.71,40.99,126.11,,,,,,,,,12547,1.38,,
260.2,77.02,,,47.91,142.81,41.01,126.16,,,,,,,,,12548,1.38,,
260.3,76.98,,,47.93,142.86,41.04,126.23,,,,,,,,,12550,1.38,,
260.4,76.95,,,47.94,142.88,41.05,126.25,,,,,,,,,12551,1.38,,
260.5,76.91,,,47.95,142.91,41.06,126.28,,,,,,,,,12552,1.37,,
260.6,76.87,,,47.97,142.96,41.08,126.32,,,,,,,,,12554,1.37,,
260.7,76.83,,,48,143.03,41.1,126.37,,,,,,,,,12555,1.37,,
260.8,76.79,,,48.01,143.05,41.12,126.42,,,,,,,,,12556,1.37,,
260.9,76.76,,,48.04,143.13,41.13,126.44,,,,,,,,,12558,1.37,,
261,76.72,,,48.06,143.17,41.16,126.52,,,,,,,,,12559,1.37,,
261.1,76.68,,,48.07,143.2,41.17,126.54,,,,,,,,,12560,1.37,,
261.2,76.64,,,48.08,143.22,41.18,126.56,,,,,,,,,12561,1.37,,
261.4,76.56,,,48.09,143.25,41.2,126.61,,,,,,,,,12563,1.37,,
261.5,76.53,,,48.11,143.3,41.22,126.66,,,,,,,,,12564,1.37,,
261.6,76.49,,,48.14,143.37,41.25,126.73,,,,,,,,,12566,1.37,,
261.7,76.45,,,48.18,143.47,41.27,126.78,,,,,,,,,12567,1.37,,
261.9,76.38,,,48.19,143.49,41.29,126.83,,,,,,,,,12568,1.37,,
262,76.34,,,48.22,143.56,41.3,126.85,,,,,,,,,12569,1.37,,
262.1,76.3,,,48.23,143.59,41.31,126.88,,,,,,,,,12571,1.37,,
262.2,76.26,,,48.24,143.61,41.34,126.95,,,,,,,,,12572,1.37,,
262.3,76.22,,,48.27,143.68,41.36,127,,,,,,,,,12573,1.37,,
262.4,76.19,,,48.29,143.73,41.38,127.04,,,,,,,,,12574,1.37,,
262.5,76.15,,,48.32,143.81,41.39,127.07,,,,,,,,,12575,1.37,,
262.7,76.07,,,48.33,143.83,41.41,127.12,,,,,,,,,12577,1.37,,
262.8,76.04,,,48.36,143.9,41.42,127.14,,,,,,,,,12578,1.37,,
262.9,76,,,48.39,143.98,41.43,127.16,,,,,,,,,12580,1.37,,
263,75.96,,,48.4,144,41.44,127.19,,,,,,,,,12581,1.37,,
263.1,75.92,,,48.41,144.02,41.45,127.21,,,,,,,,,12582,1.37,,
263.2,75.89,,,48.42,144.05,41.46,127.24,,,,,,,,,12583,1.37,,
263.3,75.85,,,48.43,144.07,41.48,127.28,,,,,,,,,12585,1.37,,
263.4,75.81,,,48.44,144.1,41.51,127.36,,,,,,,,,12586,1.37,,
263.5,75.77,,,48.48,144.19,41.53,127.4,,,,,,,,,12587,1.37,,
263.6,75.74,,,48.5,144.24,41.56,127.48,,,,,,,,,12589,1.37,,
263.8,75.66,,,48.51,144.27,41.57,127.5,,,,,,,,,12590,1.37,,
263.9,75.62,,,48.52,144.29,41.58,127.52,,,,,,,,,12591,1.37,,
264.1,75.55,,,48.54,144.34,41.64,127.67,,,,,,,,,12593,1.37,,
264.2,75.51,,,48.56,144.39,41.69,127.79,,,,,,,,,12594,1.37,,
264.3,75.48,,,48.58,144.44,41.7,127.81,,,,,,,,,12595,1.37,,
264.4,75.44,,,48.6,144.49,41.72,127.86,,,,,,,,,12597,1.37,,
264.6,75.36,,,48.62,144.53,41.73,127.89,,,,,,,,,12598,1.37,,
264.8,75.29,,,48.63,144.56,41.75,127.93,,,,,,,,,12599,1.37,,
264.9,75.25,,,48.64,144.58,41.77,127.98,,,,,,,,,12601,1.37,,
265,75.22,,,48.7,144.73,41.81,128.08,,,,,,,,,12602,1.37,,
265.1,75.18,,,48.71,144.75,41.83,128.13,,,,,,,,,12603,1.37,,
265.2,75.14,,,48.72,144.78,41.84,128.15,,,,,,,,,12605,1.37,,
265.4,75.07,,,48.73,144.8,41.85,128.17,,,,,,,,,12606,1.37,,
265.5,75.03,,,48.75,144.85,41.9,128.29,,,,,,,,,12607,1.37,,
265.6,75,,,48.81,145,41.93,128.37,,,,,,,,,12609,1.37,,
265.7,74.96,,,48.83,145.04,41.96,128.44,,,,,,,,,12610,1.37,,
265.8,74.92,,,48.84,145.07,41.97,128.46,,,,,,,,,12611,1.37,,
265.9,74.89,,,48.86,145.12,41.98,128.49,,,,,,,,,12613,1.36,,
266,74.85,,,48.89,145.19,41.99,128.51,,,,,,,,,12614,1.36,,
266.1,74.81,,,48.91,145.24,42.01,128.56,,,,,,,,,12615,1.36,,
266.3,74.74,,,48.94,145.31,42.02,128.58,,,,,,,,,12617,1.36,,
266.5,74.67,,,48.95,145.34,42.06,128.68,,,,,,,,,12618,1.36,,
266.6,74.63,,,48.97,145.38,42.07,128.7,,,,,,,,,12619,1.36,,
266.7,74.59,,,48.98,145.41,42.09,128.75,,,,,,,,,12621,1.36,,
266.9,74.52,,,49.02,145.51,42.12,128.82,,,,,,,,,12622,1.36,,
267.1,74.45,,,49.03,145.53,42.15,128.9,,,,,,,,,12623,1.36,,
267.4,74.34,,,49.05,145.58,42.16,128.92,,,,,,,,,12625,1.36,,
267.5,74.3,,,49.06,145.6,42.18,128.97,,,,,,,,,12626,1.36,,
267.6,74.27,,,49.08,145.65,42.19,128.99,,,,,,,,,12627,1.36,,
267.7,74.23,,,49.09,145.68,42.2,129.02,,,,,,,,,12629,1.36,,
267.8,74.2,,,49.11,145.72,42.21,129.04,,,,,,,,,12630,1.36,,
267.9,74.16,,,49.12,145.75,42.22,129.06,,,,,,,,,12632,1.36,,
268,74.12,,,49.16,145.85,42.23,129.09,,,,,,,,,12634,1.36,,
268.1,74.09,,,49.19,145.92,42.25,129.14,,,,,,,,,12635,1.36,,
268.2,74.05,,,49.21,145.97,42.27,129.18,,,,,,,,,12637,1.36,,
268.4,73.98,,,49.22,145.99,42.28,129.21,,,,,,,,,12638,1.36,,
268.5,73.94,,,49.25,146.06,42.3,129.26,,,,,,,,,12639,1.36,,
268.6,73.91,,,49.27,146.11,42.35,129.38,,,,,,,,,12640,1.36,,
268.7,73.87,,,49.3,146.19,42.38,129.45,,,,,,,,,12642,1.36,,
268.8,73.84,,,49.32,146.23,42.4,129.5,,,,,,,,,12643,1.36,,
268.9,73.8,,,49.34,146.28,42.41,129.52,,,,,,,,,12645,1.36,,
269.1,73.73,,,49.35,146.31,42.42,129.54,,,,,,,,,12646,1.36,,
269.2,73.69,,,49.36,146.33,42.43,129.57,,,,,,,,,12647,1.36,,
269.3,73.66,,,49.38,146.38,42.47,129.67,,,,,,,,,12648,1.36,,
269.4,73.62,,,49.4,146.43,42.49,129.71,,,,,,,,,12650,1.36,,
269.5,73.59,,,49.42,146.48,42.5,129.74,,,,,,,,,12651,1.36,,
269.6,73.55,,,49.48,146.62,42.51,129.76,,,,,,,,,12652,1.36,,
269.7,73.52,,,49.49,146.65,42.53,129.81,,,,,,,,,12653,1.36,,
269.8,73.48,,,49.52,146.72,42.54,129.83,,,,,,,,,12655,1.36,,
269.9,73.44,,,49.53,146.75,42.56,129.88,,,,,,,,,12656,1.36,,
270,73.41,,,49.57,146.84,42.57,129.91,,,,,,,,,12658,1.36,,
270.2,73.34,,,49.61,146.94,42.6,129.98,,,,,,,,,12659,1.36,,
270.4,73.27,,,49.63,146.99,42.63,130.05,,,,,,,,,12660,1.36,,
270.6,73.2,,,49.64,147.01,42.64,130.07,,,,,,,,,12661,1.36,,
270.7,73.16,,,49.65,147.04,42.66,130.12,,,,,,,,,12663,1.36,,
270.9,73.09,,,49.66,147.06,42.69,130.19,,,,,,,,,12664,1.36,,
271.1,73.02,,,49.71,147.18,42.7,130.22,,,,,,,,,12665,1.36,,
271.2,72.99,,,49.72,147.21,42.73,130.29,,,,,,,,,12667,1.36,,
271.3,72.95,,,49.73,147.23,42.76,130.36,,,,,,,,,12668,1.36,,
271.4,72.92,,,49.74,147.26,42.77,130.39,,,,,,,,,12669,1.36,,
271.5,72.88,,,49.76,147.3,42.78,130.41,,,,,,,,,12671,1.36,,
271.6,72.85,,,49.79,147.38,42.82,130.51,,,,,,,,,12672,1.36,,
271.7,72.81,,,49.83,147.47,42.84,130.56,,,,,,,,,12674,1.36,,
271.8,72.78,,,49.84,147.5,42.85,130.58,,,,,,,,,12675,1.35,,
271.9,72.74,,,49.86,147.55,42.86,130.6,,,,,,,,,12676,1.35,,
272,72.71,,,49.87,147.57,42.89,130.68,,,,,,,,,12677,1.35,,
272.2,72.64,,,49.88,147.6,42.9,130.7,,,,,,,,,12679,1.35,,
272.3,72.6,,,49.93,147.72,42.96,130.84,,,,,,,,,12680,1.35,,
272.4,72.57,,,49.94,147.74,42.97,130.87,,,,,,,,,12682,1.35,,
272.5,72.53,,,49.95,147.77,42.98,130.89,,,,,,,,,12683,1.35,,
272.7,72.46,,,49.99,147.86,43,130.94,,,,,,,,,12684,1.35,,
272.9,72.39,,,50.01,147.91,43.02,130.99,,,,,,,,,12685,1.35,,
273,72.36,,,50.03,147.96,43.03,131.01,,,,,,,,,12687,1.35,,
273.1,72.32,,,50.04,147.99,43.04,131.04,,,,,,,,,12688,1.35,,
273.2,72.29,,,50.06,148.03,43.07,131.11,,,,,,,,,12689,1.35,,
273.3,72.26,,,50.07,148.06,43.11,131.21,,,,,,,,,12691,1.35,,
273.4,72.22,,,50.08,148.08,43.12,131.23,,,,,,,,,12692,1.35,,
273.5,72.19,,,50.09,148.11,43.13,131.25,,,,,,,,,12694,1.35,,
273.6,72.15,,,50.1,148.13,43.15,131.3,,,,,,,,,12695,1.35,,
273.8,72.08,,,50.13,148.2,43.16,131.33,,,,,,,,,12696,1.35,,
273.9,72.05,,,50.15,148.25,43.17,131.35,,,,,,,,,12698,1.35,,
274,72.01,,,50.18,148.33,43.2,131.42,,,,,,,,,12699,1.35,,
274.1,71.98,,,50.19,148.35,43.21,131.45,,,,,,,,,12700,1.35,,
274.2,71.95,,,50.21,148.4,43.22,131.47,,,,,,,,,12702,1.35,,
274.3,71.91,,,50.23,148.45,43.23,131.5,,,,,,,,,12703,1.35,,
274.5,71.84,,,50.28,148.57,43.24,131.52,,,,,,,,,12704,1.35,,
274.6,71.81,,,50.29,148.59,43.28,131.62,,,,,,,,,12706,1.35,,
274.7,71.78,,,50.3,148.62,43.29,131.64,,,,,,,,,12707,1.35,,
275,71.67,,,50.33,148.69,43.3,131.66,,,,,,,,,12708,1.35,,
275.1,71.64,,,50.36,148.76,43.31,131.69,,,,,,,,,12710,1.35,,
275.2,71.61,,,50.4,148.86,43.36,131.81,,,,,,,,,12711,1.35,,
275.3,71.57,,,50.41,148.89,43.38,131.86,,,,,,,,,12712,1.35,,
275.4,71.54,,,50.42,148.91,43.4,131.91,,,,,,,,,12714,1.35,,
275.5,71.5,,,50.43,148.93,43.41,131.93,,,,,,,,,12715,1.35,,
275.6,71.47,,,50.45,148.98,43.42,131.95,,,,,,,,,12716,1.35,,
275.7,71.44,,,50.46,149.01,43.46,132.05,,,,,,,,,12718,1.35,,
275.8,71.4,,,50.53,149.18,43.47,132.07,,,,,,,,,12719,1.35,,
275.9,71.37,,,50.54,149.2,43.48,132.1,,,,,,,,,12721,1.35,,
276.1,71.3,,,50.55,149.23,43.49,132.12,,,,,,,,,12722,1.35,,
276.2,71.27,,,50.57,149.28,43.51,132.17,,,,,,,,,12724,1.35,,
276.3,71.23,,,50.63,149.42,43.52,132.19,,,,,,,,,12725,1.35,,
276.4,71.2,,,50.64,149.45,43.54,132.24,,,,,,,,,12726,1.35,,
276.6,71.13,,,50.65,149.47,43.55,132.27,,,,,,,,,12727,1.35,,
276.7,71.1,,,50.68,149.54,43.61,132.41,,,,,,,,,12729,1.35,,
276.8,71.07,,,50.69,149.57,43.63,132.46,,,,,,,,,12730,1.35,,
277.1,70.96,,,50.73,149.67,43.64,132.48,,,,,,,,,12731,1.35,,
277.2,70.93,,,50.75,149.71,43.67,132.56,,,,,,,,,12733,1.35,,
277.3,70.9,,,50.76,149.74,43.68,132.58,,,,,,,,,12734,1.35,,
277.4,70.86,,,50.77,149.76,43.69,132.6,,,,,,,,,12735,1.35,,
277.6,70.8,,,50.8,149.84,43.7,132.63,,,,,,,,,12737,1.35,,
277.7,70.76,,,50.81,149.86,43.71,132.65,,,,,,,,,12738,1.34,,
277.8,70.73,,,50.82,149.88,43.73,132.7,,,,,,,,,12739,1.34,,
277.9,70.7,,,50.89,150.06,43.74,132.72,,,,,,,,,12741,1.34,,
278,70.66,,,50.91,150.1,43.75,132.75,,,,,,,,,12742,1.34,,
278.1,70.63,,,50.92,150.13,43.76,132.77,,,,,,,,,12743,1.34,,
278.3,70.56,,,50.93,150.15,43.79,132.85,,,,,,,,,12745,1.34,,
278.4,70.53,,,50.97,150.25,43.8,132.87,,,,,,,,,12746,1.34,,
278.5,70.5,,,51.01,150.35,43.82,132.92,,,,,,,,,12748,1.34,,
278.7,70.43,,,51.02,150.37,43.84,132.97,,,,,,,,,12749,1.34,,
278.8,70.4,,,51.03,150.4,43.85,132.99,,,,,,,,,12750,1.34,,
279,70.33,,,51.06,150.47,43.86,133.01,,,,,,,,,12751,1.34,,
279.2,70.27,,,51.08,150.52,43.88,133.06,,,,,,,,,12753,1.34,,
279.4,70.2,,,51.1,150.57,43.89,133.09,,,,,,,,,12754,1.34,,
279.5,70.17,,,51.11,150.59,43.92,133.16,,,,,,,,,12755,1.34,,
279.6,70.14,,,51.12,150.62,43.94,133.21,,,,,,,,,12757,1.34,,
279.8,70.07,,,51.15,150.69,43.95,133.23,,,,,,,,,12758,1.34,,
279.9,70.04,,,51.21,150.83,43.98,133.3,,,,,,,,,12759,1.34,,
280.2,69.94,,,51.24,150.91,44,133.35,,,,,,,,,12761,1.34,,
280.3,69.91,,,51.27,150.98,44.01,133.38,,,,,,,,,12762,1.34,,
280.4,69.87,,,51.3,151.05,44.04,133.45,,,,,,,,,12764,1.34,,
280.6,69.81,,,51.31,151.08,44.05,133.47,,,,,,,,,12765,1.34,,
280.7,69.78,,,51.34,151.15,44.07,133.52,,,,,,,,,12766,1.34,,
280.8,69.74,,,51.35,151.18,44.1,133.59,,,,,,,,,12768,1.34,,
280.9,69.71,,,51.36,151.2,44.13,133.67,,,,,,,,,12769,1.34,,
281.2,69.61,,,51.39,151.27,44.14,133.69,,,,,,,,,12770,1.34,,
281.4,69.55,,,51.4,151.3,44.17,133.76,,,,,,,,,12771,1.34,,
281.5,69.52,,,51.41,151.32,44.2,133.83,,,,,,,,,12773,1.34,,
281.7,69.45,,,51.44,151.4,44.21,133.86,,,,,,,,,12774,1.34,,
281.8,69.42,,,51.45,151.42,44.22,133.88,,,,,,,,,12776,1.34,,
281.9,69.39,,,51.48,151.49,44.24,133.93,,,,,,,,,12777,1.34,,
282,69.36,,,51.49,151.52,44.27,134,,,,,,,,,12778,1.34,,
282.2,69.29,,,51.5,151.54,44.28,134.03,,,,,,,,,12779,1.34,,
282.3,69.26,,,51.52,151.59,44.29,134.05,,,,,,,,,12781,1.34,,
282.4,69.23,,,51.54,151.64,44.3,134.08,,,,,,,,,12782,1.34,,
282.7,69.13,,,51.59,151.76,44.34,134.17,,,,,,,,,12784,1.34,,
282.8,69.1,,,51.6,151.79,44.36,134.22,,,,,,,,,12785,1.34,,
282.9,69.07,,,51.62,151.83,44.38,134.27,,,,,,,,,12786,1.34,,
283,69.03,,,51.66,151.93,44.42,134.37,,,,,,,,,12787,1.34,,
283.2,68.97,,,51.67,151.96,44.45,134.44,,,,,,,,,12789,1.34,,
283.3,68.94,,,51.7,152.03,44.46,134.46,,,,,,,,,12791,1.34,,
283.4,68.91,,,51.71,152.05,44.47,134.49,,,,,,,,,12792,1.34,,
283.5,68.87,,,51.73,152.1,44.48,134.51,,,,,,,,,12793,1.34,,
283.6,68.84,,,51.74,152.13,44.51,134.58,,,,,,,,,12794,1.34,,
283.7,68.81,,,51.79,152.25,44.54,134.66,,,,,,,,,12796,1.34,,
283.9,68.75,,,51.82,152.32,44.58,134.75,,,,,,,,,12797,1.34,,
284,68.72,,,51.83,152.35,44.6,134.8,,,,,,,,,12799,1.34,,
284.1,68.68,,,51.84,152.37,44.61,134.82,,,,,,,,,12800,1.34,,
284.2,68.65,,,51.85,152.4,44.62,134.85,,,,,,,,,12801,1.34,,
284.4,68.59,,,51.89,152.49,44.64,134.9,,,,,,,,,12803,1.33,,
284.5,68.56,,,51.9,152.52,44.66,134.94,,,,,,,,,12804,1.33,,
284.6,68.53,,,51.94,152.61,44.68,134.99,,,,,,,,,12805,1.33,,
284.7,68.49,,,51.96,152.66,44.7,135.04,,,,,,,,,12807,1.33,,
284.9,68.43,,,51.97,152.69,44.71,135.07,,,,,,,,,12808,1.33,,
285,68.4,,,51.98,152.71,44.72,135.09,,,,,,,,,12809,1.33,,
285.2,68.34,,,52.01,152.79,44.77,135.21,,,,,,,,,12811,1.33,,
285.3,68.31,,,52.02,152.81,44.79,135.26,,,,,,,,,12812,1.33,,
285.4,68.27,,,52.06,152.91,44.8,135.28,,,,,,,,,12813,1.33,,
285.6,68.21,,,52.08,152.96,44.82,135.33,,,,,,,,,12815,1.33,,
285.7,68.18,,,52.09,152.98,44.84,135.38,,,,,,,,,12816,1.33,,
285.9,68.12,,,52.13,153.08,44.91,135.55,,,,,,,,,12817,1.33,,
286.2,68.02,,,52.17,153.18,44.92,135.57,,,,,,,,,12819,1.33,,
286.4,67.96,,,52.18,153.2,44.93,135.6,,,,,,,,,12820,1.33,,
286.6,67.9,,,52.19,153.22,44.94,135.62,,,,,,,,,12822,1.33,,
286.7,67.87,,,52.21,153.27,44.96,135.67,,,,,,,,,12824,1.33,,
286.9,67.81,,,52.24,153.35,45.03,135.84,,,,,,,,,12825,1.33,,
287,67.78,,,52.26,153.4,45.06,135.91,,,,,,,,,12827,1.33,,
287.2,67.71,,,52.29,153.47,45.07,135.94,,,,,,,,,12828,1.33,,
287.4,67.65,,,52.3,153.49,45.11,136.03,,,,,,,,,12830,1.33,,
287.5,67.62,,,52.32,153.54,45.12,136.06,,,,,,,,,12831,1.33,,
287.6,67.59,,,52.35,153.62,45.14,136.1,,,,,,,,,12833,1.33,,
287.7,67.56,,,52.36,153.64,45.15,136.13,,,,,,,,,12834,1.33,,
287.9,67.5,,,52.41,153.76,45.16,136.15,,,,,,,,,12835,1.33,,
288,67.47,,,52.44,153.83,45.18,136.2,,,,,,,,,12836,1.33,,
288.3,67.37,,,52.45,153.86,45.19,136.23,,,,,,,,,12837,1.33,,
288.5,67.31,,,52.46,153.88,45.22,136.3,,,,,,,,,12839,1.33,,
288.6,67.28,,,52.48,153.93,45.28,136.44,,,,,,,,,12841,1.33,,
288.7,67.25,,,52.49,153.96,45.3,136.49,,,,,,,,,12842,1.33,,
288.8,67.22,,,52.5,153.98,45.34,136.59,,,,,,,,,12843,1.33,,
289,67.16,,,52.52,154.03,45.36,136.64,,,,,,,,,12845,1.33,,
289.1,67.13,,,52.55,154.1,45.39,136.71,,,,,,,,,12846,1.33,,
289.2,67.1,,,52.56,154.13,45.4,136.73,,,,,,,,,12848,1.33,,
289.3,67.07,,,52.61,154.25,45.41,136.76,,,,,,,,,12849,1.33,,
289.5,67.01,,,52.64,154.32,45.42,136.78,,,,,,,,,12851,1.33,,
289.8,66.92,,,52.67,154.4,45.45,136.85,,,,,,,,,12852,1.33,,
289.9,66.89,,,52.69,154.45,45.48,136.93,,,,,,,,,12853,1.33,,
290,66.86,,,52.73,154.54,45.5,136.97,,,,,,,,,12855,1.33,,
290.1,66.83,,,52.74,154.57,45.51,137,,,,,,,,,12856,1.33,,
290.2,66.8,,,52.75,154.59,45.52,137.02,,,,,,,,,12857,1.33,,
290.4,66.73,,,52.79,154.69,45.53,137.05,,,,,,,,,12859,1.33,,
290.6,66.67,,,52.82,154.76,45.54,137.07,,,,,,,,,12860,1.33,,
290.8,66.61,,,52.83,154.79,45.57,137.14,,,,,,,,,12861,1.33,,
290.9,66.58,,,52.85,154.84,45.63,137.29,,,,,,,,,12863,1.33,,
291,66.55,,,52.86,154.86,45.64,137.31,,,,,,,,,12864,1.33,,
291.1,66.52,,,52.91,154.98,45.65,137.34,,,,,,,,,12865,1.33,,
291.2,66.49,,,52.92,155.01,45.68,137.41,,,,,,,,,12867,1.33,,
291.3,66.46,,,52.93,155.03,45.74,137.55,,,,,,,,,12868,1.32,,
291.4,66.43,,,52.98,155.15,45.75,137.58,,,,,,,,,12870,1.32,,
291.7,66.34,,,53.01,155.23,45.76,137.6,,,,,,,,,12871,1.32,,
292,66.25,,,53.02,155.25,45.77,137.63,,,,,,,,,12872,1.32,,
292.2,66.19,,,53.03,155.28,45.78,137.65,,,,,,,,,12874,1.32,,
292.3,66.17,,,53.09,155.42,45.79,137.68,,,,,,,,,12875,1.32,,
292.4,66.14,,,53.1,155.45,45.83,137.77,,,,,,,,,12877,1.32,,
292.5,66.11,,,53.11,155.47,45.87,137.87,,,,,,,,,12878,1.32,,
292.6,66.08,,,53.12,155.5,45.88,137.89,,,,,,,,,12879,1.32,,
292.8,66.02,,,53.14,155.54,45.9,137.94,,,,,,,,,12880,1.32,,
292.9,65.99,,,53.16,155.59,45.99,138.16,,,,,,,,,12882,1.32,,
293,65.96,,,53.2,155.69,46,138.18,,,,,,,,,12883,1.32,,
293.1,65.93,,,53.24,155.79,46.06,138.33,,,,,,,,,12884,1.32,,
293.3,65.87,,,53.25,155.81,46.1,138.43,,,,,,,,,12886,1.32,,
293.4,65.84,,,53.29,155.91,46.11,138.45,,,,,,,,,12887,1.32,,
293.5,65.81,,,53.31,155.96,46.12,138.47,,,,,,,,,12889,1.32,,
293.6,65.78,,,53.35,156.06,46.13,138.5,,,,,,,,,12890,1.32,,
293.8,65.72,,,53.37,156.11,46.22,138.72,,,,,,,,,12891,1.32,,
293.9,65.69,,,53.38,156.13,46.23,138.74,,,,,,,,,12893,1.32,,
294,65.66,,,53.43,156.25,46.25,138.79,,,,,,,,,12894,1.32,,
294.2,65.6,,,53.44,156.28,46.3,138.91,,,,,,,,,12896,1.32,,
294.4,65.54,,,53.46,156.33,46.32,138.96,,,,,,,,,12897,1.32,,
294.7,65.46,,,53.47,156.35,46.33,138.98,,,,,,,,,12898,1.32,,
294.8,65.43,,,53.48,156.38,46.34,139.01,,,,,,,,,12900,1.32,,
294.9,65.4,,,53.51,156.45,46.35,139.03,,,,,,,,,12901,1.32,,
295,65.37,,,53.52,156.47,46.37,139.08,,,,,,,,,12902,1.32,,
295.2,65.31,,,53.54,156.52,46.44,139.25,,,,,,,,,12904,1.32,,
295.4,65.25,,,53.56,156.57,46.45,139.27,,,,,,,,,12905,1.32,,
295.5,65.22,,,53.59,156.64,46.46,139.3,,,,,,,,,12907,1.32,,
295.8,65.14,,,53.6,156.67,46.51,139.42,,,,,,,,,12908,1.32,,
295.9,65.11,,,53.65,156.79,46.54,139.49,,,,,,,,,12910,1.32,,
296,65.08,,,53.67,156.84,46.56,139.54,,,,,,,,,12911,1.32,,
296.1,65.05,,,53.7,156.91,46.58,139.59,,,,,,,,,12912,1.32,,
296.3,64.99,,,53.71,156.94,46.64,139.73,,,,,,,,,12914,1.32,,
296.4,64.96,,,53.74,157.01,46.65,139.76,,,,,,,,,12915,1.32,,
296.6,64.9,,,53.76,157.06,46.68,139.83,,,,,,,,,12916,1.32,,
296.9,64.82,,,53.78,157.11,46.69,139.85,,,,,,,,,12918,1.32,,
297.1,64.76,,,53.83,157.23,46.73,139.95,,,,,,,,,12919,1.32,,
297.2,64.73,,,53.84,157.26,46.75,140,,,,,,,,,12921,1.32,,
297.3,64.7,,,53.87,157.33,46.78,140.07,,,,,,,,,12922,1.32,,
297.4,64.67,,,53.88,157.35,46.79,140.1,,,,,,,,,12923,1.32,,
297.5,64.65,,,53.92,157.45,46.81,140.14,,,,,,,,,12925,1.32,,
297.6,64.62,,,53.93,157.48,46.88,140.31,,,,,,,,,12926,1.32,,
297.7,64.59,,,53.94,157.5,46.89,140.34,,,,,,,,,12927,1.32,,
297.8,64.56,,,53.96,157.55,46.9,140.36,,,,,,,,,12929,1.32,,
298,64.5,,,53.97,157.57,46.92,140.41,,,,,,,,,12930,1.32,,
298.3,64.42,,,54.01,157.67,46.93,140.44,,,,,,,,,12932,1.32,,
298.4,64.39,,,54.02,157.7,46.95,140.48,,,,,,,,,12933,1.32,,
298.6,64.33,,,54.06,157.79,46.97,140.53,,,,,,,,,12935,1.31,,
298.7,64.3,,,54.07,157.82,46.99,140.58,,,,,,,,,12936,1.31,,
298.8,64.28,,,54.08,157.84,47.01,140.63,,,,,,,,,12937,1.31,,
298.9,64.25,,,54.09,157.87,47.04,140.7,,,,,,,,,12938,1.31,,
299,64.22,,,54.11,157.92,47.06,140.75,,,,,,,,,12940,1.31,,
299.1,64.19,,,54.17,158.06,47.08,140.8,,,,,,,,,12941,1.31,,
299.2,64.16,,,54.18,158.09,47.12,140.9,,,,,,,,,12943,1.31,,
299.4,64.11,,,54.19,158.11,47.13,140.92,,,,,,,,,12944,1.31,,
299.7,64.02,,,54.2,158.14,47.15,140.97,,,,,,,,,12946,1.31,,
299.8,63.99,,,54.21,158.16,47.2,141.09,,,,,,,,,12947,1.31,,
299.9,63.96,,,54.22,158.18,47.21,141.11,,,,,,,,,12948,1.31,,
300,63.94,,,54.24,158.23,47.23,141.16,,,,,,,,,12950,1.31,,
300.1,63.91,,,54.28,158.33,47.26,141.23,,,,,,,,,12951,1.31,,
300.3,63.85,,,54.29,158.36,47.27,141.26,,,,,,,,,12952,1.31,,
300.6,63.77,,,54.3,158.38,47.29,141.31,,,,,,,,,12954,1.31,,
300.9,63.68,,,54.32,158.43,47.3,141.33,,,,,,,,,12955,1.31,,
301,63.66,,,54.35,158.5,47.31,141.36,,,,,,,,,12957,1.31,,
301.2,63.6,,,54.37,158.55,47.34,141.43,,,,,,,,,12958,1.31,,
301.3,63.57,,,54.38,158.58,47.37,141.5,,,,,,,,,12959,1.31,,
301.4,63.55,,,54.4,158.63,47.38,141.53,,,,,,,,,12961,1.31,,
301.5,63.52,,,54.45,158.75,47.45,141.7,,,,,,,,,12962,1.31,,
301.6,63.49,,,54.46,158.77,47.47,141.74,,,,,,,,,12964,1.31,,
301.8,63.43,,,54.47,158.8,47.49,141.79,,,,,,,,,12965,1.31,,
302.1,63.35,,,54.48,158.82,47.5,141.82,,,,,,,,,12966,1.31,,
302.2,63.32,,,54.51,158.89,47.53,141.89,,,,,,,,,12968,1.31,,
302.3,63.3,,,54.53,158.94,47.56,141.96,,,,,,,,,12969,1.31,,
302.6,63.21,,,54.55,158.99,47.57,141.99,,,,,,,,,12971,1.31,,
302.7,63.18,,,54.57,159.04,47.61,142.08,,,,,,,,,12972,1.31,,
302.8,63.16,,,54.61,159.14,47.62,142.11,,,,,,,,,12973,1.31,,
302.9,63.13,,,54.62,159.16,47.66,142.2,,,,,,,,,12975,1.31,,
303.2,63.05,,,54.63,159.19,47.67,142.23,,,,,,,,,12976,1.31,,
303.4,62.99,,,54.64,159.21,47.72,142.35,,,,,,,,,12977,1.31,,
303.5,62.96,,,54.69,159.34,47.78,142.5,,,,,,,,,12979,1.31,,
303.6,62.94,,,54.72,159.41,47.79,142.52,,,,,,,,,12980,1.31,,
303.7,62.91,,,54.73,159.43,47.8,142.54,,,,,,,,,12981,1.31,,
303.8,62.88,,,54.74,159.46,47.82,142.59,,,,,,,,,12983,1.31,,
303.9,62.86,,,54.76,159.51,47.83,142.62,,,,,,,,,12984,1.31,,
304.1,62.8,,,54.77,159.53,47.84,142.64,,,,,,,,,12986,1.31,,
304.2,62.77,,,54.82,159.65,47.85,142.67,,,,,,,,,12988,1.31,,
304.3,62.75,,,54.85,159.73,47.88,142.74,,,,,,,,,12989,1.31,,
304.4,62.72,,,54.86,159.75,47.89,142.76,,,,,,,,,12990,1.31,,
304.7,62.64,,,54.9,159.85,47.94,142.88,,,,,,,,,12992,1.31,,
304.9,62.58,,,54.91,159.87,47.95,142.91,,,,,,,,,12993,1.31,,
305,62.56,,,54.93,159.92,47.98,142.98,,,,,,,,,12994,1.31,,
305.3,62.47,,,54.95,159.97,47.99,143,,,,,,,,,12996,1.31,,
305.5,62.42,,,54.96,160,48.05,143.15,,,,,,,,,12997,1.31,,
305.6,62.39,,,55,160.09,48.08,143.22,,,,,,,,,12999,1.31,,
305.8,62.34,,,55.03,160.17,48.1,143.27,,,,,,,,,13000,1.31,,
305.9,62.31,,,55.06,160.24,48.11,143.3,,,,,,,,,13001,1.31,,
306,62.29,,,55.07,160.27,48.16,143.42,,,,,,,,,13003,1.3,,
306.2,62.23,,,55.08,160.29,48.17,143.44,,,,,,,,,13005,1.3,,
306.3,62.21,,,55.13,160.41,48.2,143.51,,,,,,,,,13006,1.3,,
306.5,62.15,,,55.17,160.51,48.21,143.54,,,,,,,,,13007,1.3,,
306.7,62.1,,,55.18,160.54,48.23,143.59,,,,,,,,,13009,1.3,,
306.8,62.07,,,55.19,160.56,48.27,143.68,,,,,,,,,13010,1.3,,
306.9,62.04,,,55.2,160.58,48.28,143.71,,,,,,,,,13012,1.3,,
307,62.02,,,55.21,160.61,48.29,143.73,,,,,,,,,13013,1.3,,
307.1,61.99,,,55.23,160.66,48.3,143.76,,,,,,,,,13014,1.3,,
307.4,61.91,,,55.25,160.71,48.31,143.78,,,,,,,,,13016,1.3,,
307.7,61.83,,,55.26,160.73,48.32,143.81,,,,,,,,,13017,1.3,,
307.8,61.8,,,55.3,160.83,48.35,143.88,,,,,,,,,13019,1.3,,
308.1,61.72,,,55.32,160.88,48.38,143.95,,,,,,,,,13020,1.3,,
308.3,61.67,,,55.34,160.93,48.39,143.98,,,,,,,,,13021,1.3,,
308.4,61.65,,,55.35,160.95,48.41,144.02,,,,,,,,,13023,1.3,,
308.5,61.62,,,55.41,161.1,48.42,144.05,,,,,,,,,13024,1.3,,
308.7,61.57,,,55.43,161.15,48.47,144.17,,,,,,,,,13026,1.3,,
309,61.49,,,55.44,161.17,48.5,144.24,,,,,,,,,13027,1.3,,
309.1,61.46,,,55.51,161.34,48.51,144.27,,,,,,,,,13029,1.3,,
309.3,61.41,,,55.52,161.37,48.52,144.29,,,,,,,,,13030,1.3,,
309.6,61.33,,,55.53,161.39,48.53,144.32,,,,,,,,,13031,1.3,,
309.8,61.28,,,55.59,161.54,48.54,144.34,,,,,,,,,13033,1.3,,
309.9,61.25,,,55.6,161.56,48.6,144.49,,,,,,,,,13034,1.3,,
310.1,61.2,,,55.61,161.59,48.61,144.51,,,,,,,,,13035,1.3,,
310.2,61.17,,,55.63,161.64,48.63,144.56,,,,,,,,,13037,1.3,,
310.5,61.09,,,55.65,161.69,48.64,144.58,,,,,,,,,13038,1.3,,
310.6,61.07,,,55.66,161.71,48.65,144.61,,,,,,,,,13040,1.3,,
310.8,61.02,,,55.69,161.79,48.68,144.68,,,,,,,,,13042,1.3,,
310.9,60.99,,,55.73,161.88,48.72,144.78,,,,,,,,,13043,1.3,,
311,60.96,,,55.74,161.91,48.73,144.8,,,,,,,,,13044,1.3,,
311.1,60.94,,,55.78,162.01,48.74,144.83,,,,,,,,,13046,1.3,,
311.2,60.91,,,55.8,162.05,48.83,145.04,,,,,,,,,13047,1.3,,
311.3,60.89,,,55.83,162.13,48.84,145.07,,,,,,,,,13049,1.3,,
311.4,60.86,,,55.85,162.18,48.85,145.09,,,,,,,,,13050,1.3,,
311.5,60.83,,,55.86,162.2,48.89,145.19,,,,,,,,,13051,1.3,,
311.8,60.76,,,55.87,162.23,48.9,145.21,,,,,,,,,13053,1.3,,
311.9,60.73,,,55.88,162.25,48.93,145.29,,,,,,,,,13055,1.3,,
312.1,60.68,,,55.89,162.28,48.94,145.31,,,,,,,,,13056,1.3,,
312.2,60.65,,,55.91,162.32,48.95,145.34,,,,,,,,,13057,1.3,,
312.4,60.6,,,55.93,162.37,48.97,145.38,,,,,,,,,13058,1.3,,
312.5,60.58,,,55.95,162.42,48.98,145.41,,,,,,,,,13060,1.3,,
312.8,60.5,,,55.96,162.45,49.04,145.55,,,,,,,,,13061,1.3,,
312.9,60.47,,,55.99,162.52,49.06,145.6,,,,,,,,,13063,1.3,,
313.1,60.42,,,56.03,162.62,49.12,145.75,,,,,,,,,13064,1.3,,
313.2,60.4,,,56.06,162.69,49.15,145.82,,,,,,,,,13066,1.3,,
313.4,60.35,,,56.12,162.84,49.17,145.87,,,,,,,,,13067,1.3,,
313.6,60.29,,,56.17,162.96,49.19,145.92,,,,,,,,,13068,1.3,,
313.7,60.27,,,56.19,163.01,49.2,145.94,,,,,,,,,13070,1.29,,
314,60.19,,,56.2,163.04,49.25,146.06,,,,,,,,,13071,1.29,,
314.1,60.17,,,56.21,163.06,49.26,146.09,,,,,,,,,13073,1.29,,
314.3,60.12,,,56.22,163.08,49.27,146.11,,,,,,,,,13074,1.29,,
314.4,60.09,,,56.23,163.11,49.28,146.14,,,,,,,,,13075,1.29,,
314.5,60.07,,,56.25,163.16,49.33,146.26,,,,,,,,,13077,1.29,,
314.7,60.02,,,56.28,163.23,49.35,146.31,,,,,,,,,13079,1.29,,
314.9,59.96,,,56.29,163.26,49.36,146.33,,,,,,,,,13080,1.29,,
315,59.94,,,56.31,163.31,49.37,146.36,,,,,,,,,13081,1.29,,
315.3,59.86,,,56.35,163.4,49.4,146.43,,,,,,,,,13083,1.29,,
315.4,59.84,,,56.37,163.45,49.42,146.48,,,,,,,,,13084,1.29,,
315.6,59.79,,,56.39,163.5,49.47,146.6,,,,,,,,,13086,1.29,,
315.7,59.76,,,56.4,163.53,49.48,146.62,,,,,,,,,13087,1.29,,
315.9,59.71,,,56.41,163.55,49.51,146.7,,,,,,,,,13088,1.29,,
316,59.69,,,56.45,163.65,49.55,146.79,,,,,,,,,13090,1.29,,
316.3,59.61,,,56.46,163.67,49.56,146.82,,,,,,,,,13091,1.29,,
316.4,59.59,,,56.47,163.7,49.57,146.84,,,,,,,,,13093,1.29,,
316.7,59.51,,,56.5,163.77,49.58,146.87,,,,,,,,,13094,1.29,,
317,59.44,,,56.52,163.82,49.63,146.99,,,,,,,,,13096,1.29,,
317.1,59.41,,,56.54,163.87,49.69,147.13,,,,,,,,,13097,1.29,,
317.3,59.36,,,56.59,163.99,49.71,147.18,,,,,,,,,13098,1.29,,
317.4,59.34,,,56.6,164.02,49.72,147.21,,,,,,,,,13100,1.29,,
317.5,59.31,,,56.63,164.09,49.74,147.26,,,,,,,,,13101,1.29,,
317.6,59.29,,,56.64,164.12,49.75,147.28,,,,,,,,,13103,1.29,,
317.7,59.26,,,56.69,164.24,49.76,147.3,,,,,,,,,13104,1.29,,
317.9,59.21,,,56.71,164.29,49.77,147.33,,,,,,,,,13105,1.29,,
318,59.19,,,56.77,164.43,49.79,147.38,,,,,,,,,13107,1.29,,
318.2,59.14,,,56.78,164.46,49.85,147.52,,,,,,,,,13108,1.29,,
318.3,59.12,,,56.8,164.51,49.86,147.55,,,,,,,,,13109,1.29,,
318.5,59.07,,,56.81,164.53,49.89,147.62,,,,,,,,,13111,1.29,,
318.7,59.02,,,56.83,164.58,49.9,147.65,,,,,,,,,13113,1.29,,
318.8,58.99,,,56.87,164.68,49.91,147.67,,,,,,,,,13114,1.29,,
319,58.94,,,56.88,164.7,49.97,147.82,,,,,,,,,13116,1.29,,
319.1,58.92,,,56.92,164.8,50,147.89,,,,,,,,,13117,1.29,,
319.2,58.89,,,56.95,164.88,50.01,147.91,,,,,,,,,13119,1.29,,
319.3,58.87,,,56.96,164.9,50.03,147.96,,,,,,,,,13120,1.29,,
319.4,58.85,,,57.03,165.07,50.04,147.99,,,,,,,,,13122,1.29,,
319.5,58.82,,,57.05,165.12,50.08,148.08,,,,,,,,,13123,1.29,,
319.7,58.77,,,57.06,165.15,50.1,148.13,,,,,,,,,13124,1.29,,
320,58.7,,,57.13,165.32,50.13,148.2,,,,,,,,,13126,1.29,,
320.1,58.67,,,57.14,165.34,50.15,148.25,,,,,,,,,13127,1.29,,
320.3,58.63,,,57.19,165.47,50.2,148.38,,,,,,,,,13128,1.29,,
320.6,58.55,,,57.21,165.51,50.21,148.4,,,,,,,,,13130,1.29,,
320.7,58.53,,,57.23,165.56,50.22,148.42,,,,,,,,,13131,1.29,,
320.8,58.5,,,57.24,165.59,50.23,148.45,,,,,,,,,13133,1.29,,
321,58.46,,,57.25,165.61,50.24,148.47,,,,,,,,,13134,1.29,,
321.1,58.43,,,57.26,165.64,50.26,148.52,,,,,,,,,13136,1.29,,
321.4,58.36,,,57.28,165.69,50.3,148.62,,,,,,,,,13137,1.29,,
321.7,58.29,,,57.29,165.71,50.31,148.64,,,,,,,,,13138,1.29,,
321.9,58.24,,,57.32,165.78,50.34,148.72,,,,,,,,,13140,1.28,,
322.1,58.19,,,57.33,165.81,50.35,148.74,,,,,,,,,13141,1.28,,
322.4,58.12,,,57.34,165.83,50.4,148.86,,,,,,,,,13143,1.28,,
322.5,58.09,,,57.36,165.88,50.42,148.91,,,,,,,,,13145,1.28,,
322.6,58.07,,,57.37,165.91,50.43,148.93,,,,,,,,,13146,1.28,,
322.8,58.02,,,57.41,166.01,50.44,148.96,,,,,,,,,13148,1.28,,
323.1,57.95,,,57.45,166.1,50.45,148.98,,,,,,,,,13149,1.28,,
323.2,57.93,,,57.46,166.13,50.46,149.01,,,,,,,,,13150,1.28,,
323.3,57.9,,,57.49,166.2,50.51,149.13,,,,,,,,,13152,1.28,,
323.5,57.86,,,57.5,166.23,50.54,149.2,,,,,,,,,13154,1.28,,
323.8,57.78,,,57.52,166.28,50.57,149.28,,,,,,,,,13155,1.28,,
324.1,57.71,,,57.54,166.33,50.61,149.37,,,,,,,,,13156,1.28,,
324.2,57.69,,,57.55,166.35,50.63,149.42,,,,,,,,,13158,1.28,,
324.3,57.67,,,57.56,166.37,50.66,149.49,,,,,,,,,13159,1.28,,
324.5,57.62,,,57.59,166.45,50.67,149.52,,,,,,,,,13161,1.28,,
324.9,57.52,,,57.6,166.47,50.69,149.57,,,,,,,,,13162,1.28,,
325,57.5,,,57.61,166.5,50.71,149.62,,,,,,,,,13164,1.28,,
325.2,57.45,,,57.62,166.52,50.75,149.71,,,,,,,,,13165,1.28,,
325.6,57.36,,,57.64,166.57,50.78,149.79,,,,,,,,,13167,1.28,,
325.8,57.31,,,57.66,166.62,50.79,149.81,,,,,,,,,13168,1.28,,
325.9,57.29,,,57.68,166.67,50.8,149.84,,,,,,,,,13170,1.28,,
326.1,57.24,,,57.7,166.72,50.81,149.86,,,,,,,,,13171,1.28,,
326.2,57.22,,,57.76,166.87,50.87,150.01,,,,,,,,,13172,1.28,,
326.3,57.2,,,57.78,166.92,50.89,150.06,,,,,,,,,13174,1.28,,
326.7,57.1,,,57.79,166.94,50.91,150.1,,,,,,,,,13175,1.28,,
326.8,57.08,,,57.85,167.09,50.93,150.15,,,,,,,,,13177,1.28,,
327,57.03,,,57.86,167.11,50.97,150.25,,,,,,,,,13178,1.28,,
327.4,56.94,,,57.88,167.16,51,150.32,,,,,,,,,13179,1.28,,
327.5,56.92,,,57.93,167.28,51.01,150.35,,,,,,,,,13181,1.28,,
327.6,56.89,,,57.94,167.31,51.03,150.4,,,,,,,,,13183,1.28,,
327.7,56.87,,,57.95,167.33,51.05,150.44,,,,,,,,,13184,1.28,,
327.9,56.82,,,57.97,167.38,51.11,150.59,,,,,,,,,13186,1.28,,
328.1,56.78,,,58,167.46,51.13,150.64,,,,,,,,,13187,1.28,,
328.2,56.75,,,58.02,167.51,51.14,150.66,,,,,,,,,13188,1.28,,
328.4,56.71,,,58.04,167.55,51.15,150.69,,,,,,,,,13190,1.28,,
328.8,56.62,,,58.05,167.58,51.2,150.81,,,,,,,,,13192,1.28,,
328.9,56.59,,,58.07,167.63,51.21,150.83,,,,,,,,,13193,1.28,,
329.2,56.52,,,58.1,167.7,51.22,150.86,,,,,,,,,13194,1.28,,
329.3,56.5,,,58.11,167.73,51.23,150.88,,,,,,,,,13196,1.28,,
329.4,56.48,,,58.15,167.82,51.25,150.93,,,,,,,,,13198,1.28,,
329.5,56.46,,,58.17,167.87,51.26,150.96,,,,,,,,,13199,1.28,,
329.6,56.43,,,58.18,167.9,51.28,151.01,,,,,,,,,13200,1.28,,
329.8,56.39,,,58.19,167.92,51.31,151.08,,,,,,,,,13202,1.28,,
329.9,56.36,,,58.22,168,51.33,151.13,,,,,,,,,13203,1.28,,
330.1,56.32,,,58.26,168.1,51.36,151.2,,,,,,,,,13205,1.28,,
330.2,56.3,,,58.27,168.12,51.37,151.22,,,,,,,,,13206,1.28,,
330.3,56.27,,,58.28,168.14,51.4,151.3,,,,,,,,,13208,1.28,,
330.7,56.18,,,58.29,168.17,51.48,151.49,,,,,,,,,13209,1.28,,
330.9,56.14,,,58.32,168.24,51.49,151.52,,,,,,,,,13289,1.26,,
331,56.12,,,58.34,168.29,51.51,151.57,,,,,,,,,13383,1.25,,
331.2,56.07,,,58.36,168.34,51.52,151.59,,,,,,,,,13393,1.25,,
331.4,56.02,,,58.37,168.37,51.53,151.61,,,,,,,,,13443,1.24,,
331.7,55.96,,,58.38,168.39,51.54,151.64,,,,,,,,,13470,1.24,,
331.8,55.93,,,58.41,168.46,51.58,151.74,,,,,,,,,13487,1.24,,
331.9,55.91,,,58.42,168.49,51.6,151.79,,,,,,,,,13733,1.21,,
332.1,55.87,,,58.45,168.56,51.67,151.96,,,,,,,,,13747,1.21,,
332.2,55.84,,,58.47,168.61,51.69,152,,,,,,,,,13797,1.2,,
332.5,55.78,,,58.5,168.69,51.7,152.03,,,,,,,,,13817,1.2,,
332.7,55.73,,,58.53,168.76,51.72,152.08,,,,,,,,,13915,1.18,,
332.8,55.71,,,58.57,168.86,51.8,152.27,,,,,,,,,13937,1.18,,
332.9,55.69,,,58.58,168.88,51.82,152.32,,,,,,,,,13945,1.18,,
333,55.67,,,58.59,168.91,51.83,152.35,,,,,,,,,13946,1.18,,
333.3,55.6,,,58.6,168.93,51.84,152.37,,,,,,,,,14011,1.17,,
333.6,55.53,,,58.62,168.98,51.86,152.42,,,,,,,,,14038,1.17,,
333.7,55.51,,,58.63,169.01,51.87,152.44,,,,,,,,,14085,1.17,,
334,55.44,,,58.65,169.05,51.9,152.52,,,,,,,,,14114,1.16,,
334.1,55.42,,,58.66,169.08,51.95,152.64,,,,,,,,,14155,1.16,,
334.2,55.4,,,58.67,169.1,51.98,152.71,,,,,,,,,14166,1.16,,
334.4,55.35,,,58.69,169.15,51.99,152.74,,,,,,,,,14173,1.16,,
334.5,55.33,,,58.7,169.18,52.03,152.83,,,,,,,,,14179,1.15,,
334.6,55.31,,,58.72,169.23,52.05,152.88,,,,,,,,,14193,1.15,,
334.8,55.27,,,58.74,169.28,52.07,152.93,,,,,,,,,14603,1.11,,
334.9,55.24,,,58.77,169.35,52.09,152.98,,,,,,,,,14778,1.09,,
335.2,55.18,,,58.79,169.4,52.13,153.08,,,,,,,,,14875,1.08,,
335.4,55.13,,,58.82,169.47,52.15,153.13,,,,,,,,,14885,1.08,,
335.6,55.09,,,58.85,169.55,52.17,153.18,,,,,,,,,15040,1.07,,
335.7,55.07,,,58.86,169.57,52.18,153.2,,,,,,,,,15050,1.07,,
336,55,,,58.87,169.6,52.19,153.22,,,,,,,,,15060,1.07,,
336.1,54.98,,,58.88,169.62,52.28,153.44,,,,,,,,,15070,1.06,,
336.2,54.96,,,58.9,169.67,52.29,153.47,,,,,,,,,15080,1.06,,
336.3,54.94,,,58.91,169.69,52.3,153.49,,,,,,,,,15090,1.06,,
336.4,54.92,,,58.95,169.79,52.38,153.69,,,,,,,,,15100,1.06,,
336.8,54.83,,,58.97,169.84,52.41,153.76,,,,,,,,,15110,1.06,,
337.1,54.76,,,58.98,169.87,52.42,153.79,,,,,,,,,15120,1.06,,
337.2,54.74,,,59.03,169.99,52.44,153.83,,,,,,,,,15130,1.06,,
337.3,54.72,,,59.04,170.01,52.45,153.86,,,,,,,,,15140,1.06,,
337.4,54.7,,,59.06,170.06,52.46,153.88,,,,,,,,,15150,1.06,,
337.5,54.68,,,59.07,170.09,52.48,153.93,,,,,,,,,15160,1.06,,
337.8,54.61,,,59.09,170.14,52.49,153.96,,,,,,,,,15170,1.06,,
337.9,54.59,,,59.11,170.19,52.51,154.01,,,,,,,,,15180,1.05,,
338.2,54.52,,,59.13,170.24,52.52,154.03,,,,,,,,,15190,1.05,,
338.3,54.5,,,59.14,170.26,52.53,154.05,,,,,,,,,15200,1.05,,
338.6,54.44,,,59.16,170.31,52.54,154.08,,,,,,,,,15210,1.05,,
338.7,54.42,,,59.19,170.38,52.57,154.15,,,,,,,,,15220,1.05,,
339.1,54.33,,,59.21,170.43,52.59,154.2,,,,,,,,,15230,1.05,,
339.5,54.25,,,59.23,170.48,52.64,154.32,,,,,,,,,15240,1.05,,
339.6,54.22,,,59.26,170.56,52.66,154.37,,,,,,,,,15250,1.05,,
339.9,54.16,,,59.27,170.58,52.67,154.4,,,,,,,,,15260,1.05,,
340,54.14,,,59.28,170.61,52.75,154.59,,,,,,,,,15270,1.05,,
340.1,54.12,,,59.29,170.63,52.76,154.62,,,,,,,,,15280,1.05,,
340.3,54.08,,,59.31,170.68,52.77,154.64,,,,,,,,,15290,1.04,,
340.4,54.05,,,59.33,170.73,52.78,154.66,,,,,,,,,15300,1.04,,
340.6,54.01,,,59.36,170.8,52.79,154.69,,,,,,,,,15310,1.04,,
340.7,53.99,,,59.37,170.83,52.83,154.79,,,,,,,,,15320,1.04,,
340.8,53.97,,,59.44,171,52.84,154.81,,,,,,,,,15330,1.04,,
341.1,53.91,,,59.46,171.05,52.85,154.84,,,,,,,,,15340,1.04,,
341.5,53.82,,,59.47,171.07,52.86,154.86,,,,,,,,,15350,1.04,,
341.6,53.8,,,59.49,171.12,52.87,154.88,,,,,,,,,15360,1.04,,
341.9,53.74,,,59.51,171.17,52.89,154.93,,,,,,,,,15370,1.04,,
342,53.72,,,59.52,171.2,52.9,154.96,,,,,,,,,15380,1.04,,
342.3,53.65,,,59.55,171.27,52.95,155.08,,,,,,,,,15390,1.04,,
342.6,53.59,,,59.58,171.34,52.98,155.15,,,,,,,,,15400,1.04,,
342.7,53.57,,,59.6,171.39,53.01,155.23,,,,,,,,,15410,1.03,,
342.8,53.55,,,59.63,171.47,53.05,155.32,,,,,,,,,15420,1.03,,
343,53.51,,,59.65,171.52,53.06,155.35,,,,,,,,,15430,1.03,,
343.1,53.48,,,59.68,171.59,53.07,155.37,,,,,,,,,15440,1.03,,
343.4,53.42,,,59.72,171.69,53.1,155.45,,,,,,,,,15450,1.03,,
343.5,53.4,,,59.75,171.76,53.13,155.52,,,,,,,,,15460,1.03,,
343.6,53.38,,,59.76,171.79,53.14,155.54,,,,,,,,,15470,1.03,,
343.9,53.32,,,59.77,171.81,53.15,155.57,,,,,,,,,15480,1.03,,
344.1,53.28,,,59.79,171.86,53.16,155.59,,,,,,,,,15490,1.03,,
344.2,53.26,,,59.83,171.96,53.19,155.67,,,,,,,,,15570,1.02,,
344.4,53.21,,,59.84,171.99,53.21,155.72,,,,,,,,,15580,1.02,,
344.7,53.15,,,59.85,172.01,53.22,155.74,,,,,,,,,15590,1.02,,
344.8,53.13,,,59.87,172.06,53.24,155.79,,,,,,,,,15600,1.02,,
345.1,53.07,,,59.9,172.13,53.25,155.81,,,,,,,,,15610,1.02,,
345.2,53.05,,,59.91,172.16,53.32,155.98,,,,,,,,,15620,1.02,,
345.4,53.01,,,59.92,172.18,53.33,156.01,,,,,,,,,15630,1.02,,
345.5,52.99,,,59.94,172.23,53.36,156.08,,,,,,,,,15640,1.02,,
345.6,52.97,,,59.97,172.31,53.38,156.13,,,,,,,,,15650,1.01,,
346,52.88,,,59.98,172.33,53.4,156.18,,,,,,,,,15660,1.01,,
346.1,52.86,,,60,172.38,53.43,156.25,,,,,,,,,15670,1.01,,
346.4,52.8,,,60.03,172.45,53.44,156.28,,,,,,,,,15680,1.01,,
346.5,52.78,,,60.06,172.53,53.48,156.38,,,,,,,,,15690,1.01,,
346.6,52.76,,,60.07,172.55,53.52,156.47,,,,,,,,,15700,1.01,,
346.7,52.74,,,60.08,172.58,53.53,156.5,,,,,,,,,15710,1.01,,
346.9,52.7,,,60.13,172.7,53.54,156.52,,,,,,,,,15711,1.01,,
347.3,52.62,,,60.16,172.77,53.6,156.67,,,,,,,,,15720,1.01,,
347.4,52.6,,,60.19,172.85,53.61,156.69,,,,,,,,,15730,1.01,,
347.7,52.54,,,60.2,172.87,53.66,156.82,,,,,,,,,15740,1.01,,
348.1,52.46,,,60.21,172.9,53.7,156.91,,,,,,,,,15750,1.01,,
348.2,52.44,,,60.22,172.92,53.71,156.94,,,,,,,,,15760,1.01,,
348.3,52.42,,,60.23,172.95,53.72,156.96,,,,,,,,,15770,1,,
348.6,52.36,,,60.26,173.02,53.77,157.08,,,,,,,,,15780,1,,
348.7,52.34,,,60.28,173.07,53.78,157.11,,,,,,,,,15790,1,,
348.8,52.32,,,60.29,173.09,53.79,157.13,,,,,,,,,15800,1,,
349,52.28,,,60.31,173.14,53.8,157.16,,,,,,,,,15810,1,,
349.3,52.22,,,60.32,173.17,53.83,157.23,,,,,,,,,15814,1,,
349.4,52.2,,,60.33,173.19,53.84,157.26,,,,,,,,,15820,1,,
349.5,52.18,,,60.36,173.27,53.88,157.35,,,,,,,,,15830,1,,
349.7,52.14,,,60.37,173.29,53.89,157.38,,,,,,,,,15840,1,,
349.9,52.1,,,60.38,173.32,53.9,157.4,,,,,,,,,15850,1,,
350.2,52.04,,,60.41,173.39,53.95,157.52,,,,,,,,,15860,1,,
350.3,52.02,,,60.43,173.44,53.97,157.57,,,,,,,,,15870,1,,
350.7,51.94,,,60.47,173.54,53.98,157.6,,,,,,,,,15880,1,,
350.8,51.92,,,60.5,173.61,53.99,157.62,,,,,,,,,15890,0.99,,
350.9,51.9,,,60.51,173.64,54.01,157.67,,,,,,,,,15900,0.99,,
351.1,51.86,,,60.52,173.66,54.02,157.7,,,,,,,,,15910,0.99,,
351.2,51.84,,,60.53,173.69,54.06,157.79,,,,,,,,,15920,0.99,,
351.3,51.82,,,60.54,173.71,54.08,157.84,,,,,,,,,15930,0.99,,
351.5,51.78,,,60.58,173.81,54.1,157.89,,,,,,,,,15940,0.99,,
351.6,51.76,,,60.59,173.83,54.11,157.92,,,,,,,,,15950,0.99,,
352,51.68,,,60.6,173.86,54.13,157.96,,,,,,,,,15960,0.99,,
352.1,51.66,,,60.62,173.91,54.16,158.04,,,,,,,,,15970,0.99,,
352.3,51.62,,,60.63,173.93,54.17,158.06,,,,,,,,,15980,0.99,,
352.5,51.58,,,60.66,174.01,54.18,158.09,,,,,,,,,15990,0.99,,
352.6,51.56,,,60.68,174.06,54.21,158.16,,,,,,,,,16000,0.99,,
352.9,51.5,,,60.69,174.08,54.26,158.28,,,,,,,,,16010,0.99,,
353,51.48,,,60.71,174.13,54.27,158.31,,,,,,,,,16020,0.98,,
353.3,51.42,,,60.73,174.18,54.28,158.33,,,,,,,,,16030,0.98,,
353.4,51.4,,,60.76,174.25,54.3,158.38,,,,,,,,,16035,0.98,,
353.5,51.38,,,60.77,174.28,54.32,158.43,,,,,,,,,16040,0.98,,
353.6,51.36,,,60.78,174.3,54.33,158.45,,,,,,,,,16050,0.98,,
353.8,51.33,,,60.79,174.33,54.34,158.48,,,,,,,,,16060,0.98,,
354,51.29,,,60.81,174.38,54.35,158.5,,,,,,,,,16070,0.98,,
354.2,51.25,,,60.85,174.48,54.41,158.65,,,,,,,,,16080,0.98,,
354.3,51.23,,,60.87,174.52,54.42,158.67,,,,,,,,,16090,0.98,,
354.5,51.19,,,60.88,174.55,54.43,158.7,,,,,,,,,16100,0.98,,
354.7,51.15,,,60.92,174.65,54.44,158.72,,,,,,,,,16110,0.98,,
355.1,51.07,,,60.93,174.67,54.48,158.82,,,,,,,,,16120,0.98,,
355.2,51.05,,,60.95,174.72,54.49,158.85,,,,,,,,,16130,0.98,,
355.4,51.01,,,60.96,174.75,54.53,158.94,,,,,,,,,16140,0.98,,
355.6,50.98,,,60.97,174.77,54.54,158.97,,,,,,,,,16150,0.98,,
355.8,50.94,,,60.99,174.82,54.59,159.09,,,,,,,,,16160,0.97,,
355.9,50.92,,,61.02,174.89,54.63,159.19,,,,,,,,,16167,0.97,,
356,50.9,,,61.03,174.92,54.64,159.21,,,,,,,,,16170,0.97,,
356.5,50.8,,,61.05,174.97,54.65,159.24,,,,,,,,,16180,0.97,,
356.8,50.75,,,61.06,174.99,54.69,159.34,,,,,,,,,16190,0.97,,
356.9,50.73,,,61.07,175.02,54.71,159.38,,,,,,,,,16200,0.97,,
357,50.71,,,61.1,175.09,54.73,159.43,,,,,,,,,16210,0.97,,
357.3,50.65,,,61.11,175.12,54.75,159.48,,,,,,,,,16219,0.97,,
357.4,50.63,,,61.14,175.19,54.76,159.51,,,,,,,,,16220,0.97,,
357.6,50.59,,,61.15,175.22,54.79,159.58,,,,,,,,,16230,0.97,,
357.9,50.54,,,61.18,175.29,54.8,159.6,,,,,,,,,16240,0.97,,
358.1,50.5,,,61.19,175.31,54.81,159.63,,,,,,,,,16250,0.97,,
358.3,50.46,,,61.21,175.36,54.83,159.68,,,,,,,,,16253,0.97,,
358.4,50.44,,,61.22,175.39,54.85,159.73,,,,,,,,,16260,0.97,,
358.8,50.37,,,61.24,175.44,54.87,159.78,,,,,,,,,16270,0.97,,
359,50.33,,,61.25,175.46,54.9,159.85,,,,,,,,,16280,0.97,,
359.1,50.31,,,61.26,175.49,54.91,159.87,,,,,,,,,16290,0.96,,
359.2,50.29,,,61.28,175.54,54.95,159.97,,,,,,,,,16300,0.96,,
359.5,50.23,,,61.29,175.56,54.96,160,,,,,,,,,16310,0.96,,
359.6,50.21,,,61.3,175.59,54.98,160.05,,,,,,,,,16320,0.96,,
359.7,50.2,,,61.32,175.64,54.99,160.07,,,,,,,,,16330,0.96,,
359.8,50.18,,,61.33,175.66,55.02,160.14,,,,,,,,,16340,0.96,,
360.2,50.1,,,61.36,175.73,55.03,160.17,,,,,,,,,16350,0.96,,
360.4,50.06,,,61.37,175.76,55.07,160.27,,,,,,,,,16360,0.96,,
360.6,50.03,,,61.4,175.83,55.1,160.34,,,,,,,,,16370,0.96,,
360.7,50.01,,,61.42,175.88,55.11,160.36,,,,,,,,,16375,0.96,,
361,49.95,,,61.43,175.91,55.14,160.44,,,,,,,,,16380,0.96,,
361.1,49.93,,,61.44,175.93,55.17,160.51,,,,,,,,,16390,0.96,,
361.5,49.86,,,61.47,176.01,55.18,160.54,,,,,,,,,16400,0.96,,
361.6,49.84,,,61.51,176.1,55.19,160.56,,,,,,,,,16410,0.96,,
361.7,49.82,,,61.53,176.15,55.22,160.63,,,,,,,,,16420,0.96,,
361.8,49.8,,,61.54,176.18,55.23,160.66,,,,,,,,,16422,0.96,,
361.9,49.78,,,61.56,176.23,55.25,160.71,,,,,,,,,16430,0.95,,
362.1,49.75,,,61.58,176.28,55.28,160.78,,,,,,,,,16440,0.95,,
362.2,49.73,,,61.59,176.3,55.29,160.8,,,,,,,,,16450,0.95,,
362.6,49.66,,,61.6,176.33,55.33,160.9,,,,,,,,,16460,0.95,,
362.7,49.64,,,61.62,176.38,55.34,160.93,,,,,,,,,16470,0.95,,
363,49.58,,,61.63,176.4,55.38,161.03,,,,,,,,,16480,0.95,,
363.5,49.49,,,61.66,176.47,55.39,161.05,,,,,,,,,16487,0.95,,
363.8,49.43,,,61.67,176.5,55.41,161.1,,,,,,,,,16490,0.95,,
364,49.4,,,61.69,176.55,55.43,161.15,,,,,,,,,16500,0.95,,
364.3,49.34,,,61.72,176.62,55.44,161.17,,,,,,,,,16503,0.95,,
364.4,49.32,,,61.73,176.65,55.46,161.22,,,,,,,,,16510,0.95,,
364.5,49.31,,,61.76,176.72,55.47,161.25,,,,,,,,,16512,0.95,,
364.9,49.23,,,61.77,176.75,55.48,161.27,,,,,,,,,16518,0.95,,
365,49.22,,,61.78,176.77,55.5,161.32,,,,,,,,,16520,0.95,,
365.1,49.2,,,61.8,176.82,55.51,161.34,,,,,,,,,16530,0.95,,
365.4,49.14,,,61.83,176.89,55.52,161.37,,,,,,,,,16540,0.95,,
365.5,49.12,,,61.85,176.94,55.55,161.44,,,,,,,,,16550,0.95,,
365.9,49.05,,,61.86,176.97,55.56,161.47,,,,,,,,,16560,0.95,,
366.2,49,,,61.87,176.99,55.59,161.54,,,,,,,,,16570,0.94,,
366.3,48.98,,,61.9,177.07,55.61,161.59,,,,,,,,,16580,0.94,,
366.4,48.96,,,61.91,177.09,55.62,161.61,,,,,,,,,16590,0.94,,
366.8,48.89,,,61.95,177.19,55.64,161.66,,,,,,,,,16600,0.94,,
366.9,48.87,,,61.97,177.24,55.67,161.74,,,,,,,,,16602,0.94,,
367.4,48.78,,,61.98,177.27,55.69,161.79,,,,,,,,,16610,0.94,,
367.6,48.75,,,62.02,177.36,55.7,161.81,,,,,,,,,16620,0.94,,
367.7,48.73,,,62.04,177.41,55.72,161.86,,,,,,,,,16627,0.94,,
367.9,48.69,,,62.05,177.44,55.73,161.88,,,,,,,,,16628,0.94,,
368.3,48.62,,,62.09,177.54,55.77,161.98,,,,,,,,,16630,0.94,,
368.4,48.6,,,62.12,177.61,55.78,162.01,,,,,,,,,16640,0.94,,
368.5,48.59,,,62.13,177.64,55.79,162.03,,,,,,,,,16645,0.94,,
368.8,48.53,,,62.16,177.71,55.82,162.1,,,,,,,,,16650,0.94,,
368.9,48.51,,,62.17,177.73,55.83,162.13,,,,,,,,,16654,0.94,,
369.2,48.46,,,62.19,177.78,55.87,162.23,,,,,,,,,16656,0.94,,
369.4,48.43,,,62.2,177.81,55.89,162.28,,,,,,,,,16658,0.94,,
369.9,48.34,,,62.21,177.83,55.9,162.3,,,,,,,,,16660,0.94,,
370.1,48.3,,,62.23,177.88,55.92,162.35,,,,,,,,,16669,0.94,,
370.2,48.28,,,62.26,177.96,55.94,162.4,,,,,,,,,16670,0.94,,
370.4,48.25,,,62.28,178.01,55.96,162.45,,,,,,,,,16674,0.94,,
370.6,48.21,,,62.29,178.03,55.99,162.52,,,,,,,,,16680,0.94,,
370.8,48.18,,,62.3,178.06,56.01,162.57,,,,,,,,,16685,0.94,,
370.9,48.16,,,62.31,178.08,56.02,162.59,,,,,,,,,16686,0.94,,
371.3,48.09,,,62.34,178.15,56.04,162.64,,,,,,,,,16690,0.94,,
371.4,48.07,,,62.35,178.18,56.05,162.67,,,,,,,,,16700,0.94,,
371.6,48.04,,,62.36,178.2,56.09,162.77,,,,,,,,,16705,0.94,,
371.7,48.02,,,62.37,178.23,56.12,162.84,,,,,,,,,16710,0.94,,
371.8,48,,,62.38,178.25,56.14,162.89,,,,,,,,,16711,0.94,,
371.9,47.99,,,62.41,178.33,56.19,163.01,,,,,,,,,16714,0.93,,
372.2,47.93,,,62.44,178.4,56.2,163.04,,,,,,,,,16716,0.93,,
372.5,47.88,,,62.45,178.43,56.22,163.08,,,,,,,,,16719,0.93,,
372.7,47.85,,,62.46,178.45,56.23,163.11,,,,,,,,,16720,0.93,,
373,47.79,,,62.47,178.48,56.24,163.13,,,,,,,,,16721,0.93,,
373.1,47.78,,,62.51,178.57,56.28,163.23,,,,,,,,,16724,0.93,,
373.4,47.73,,,62.53,178.62,56.29,163.26,,,,,,,,,16726,0.93,,
373.5,47.71,,,62.55,178.67,56.3,163.28,,,,,,,,,16729,0.93,,
373.9,47.64,,,62.56,178.7,56.31,163.31,,,,,,,,,16730,0.93,,
374,47.62,,,62.57,178.72,56.32,163.33,,,,,,,,,16731,0.93,,
374.3,47.57,,,62.59,178.77,56.34,163.38,,,,,,,,,16734,0.93,,
374.4,47.55,,,62.61,178.82,56.36,163.43,,,,,,,,,16736,0.93,,
374.5,47.54,,,62.62,178.85,56.37,163.45,,,,,,,,,16738,0.93,,
375.1,47.43,,,62.64,178.9,56.38,163.48,,,,,,,,,16740,0.93,,
375.4,47.38,,,62.66,178.95,56.4,163.53,,,,,,,,,16741,0.93,,
375.5,47.36,,,62.69,179.02,56.42,163.58,,,,,,,,,16743,0.93,,
375.6,47.35,,,62.71,179.07,56.45,163.65,,,,,,,,,16746,0.93,,
376.1,47.26,,,62.72,179.09,56.48,163.72,,,,,,,,,16747,0.93,,
376.4,47.21,,,62.76,179.19,56.53,163.85,,,,,,,,,16748,0.93,,
376.6,47.18,,,62.77,179.22,56.56,163.92,,,,,,,,,16749,0.93,,
376.9,47.13,,,62.78,179.24,56.57,163.94,,,,,,,,,16750,0.93,,
377,47.11,,,62.81,179.32,56.61,164.04,,,,,,,,,16751,0.93,,
377.1,47.09,,,62.83,179.37,56.64,164.12,,,,,,,,,16752,0.93,,
377.2,47.08,,,62.85,179.42,56.65,164.14,,,,,,,,,16756,0.93,,
377.7,46.99,,,62.87,179.47,56.67,164.19,,,,,,,,,16757,0.93,,
378.1,46.92,,,62.89,179.51,56.7,164.26,,,,,,,,,16760,0.93,,
378.2,46.91,,,62.9,179.54,56.74,164.36,,,,,,,,,16764,0.93,,
378.7,46.82,,,62.92,179.59,56.76,164.41,,,,,,,,,16770,0.93,,
378.8,46.81,,,62.97,179.71,56.77,164.43,,,,,,,,,16772,0.93,,
379.1,46.76,,,62.98,179.74,56.78,164.46,,,,,,,,,16780,0.93,,
379.3,46.72,,,62.99,179.76,56.82,164.56,,,,,,,,,16790,0.93,,
379.5,46.69,,,63.02,179.84,56.83,164.58,,,,,,,,,16800,0.93,,
379.6,46.67,,,63.04,179.89,56.87,164.68,,,,,,,,,16810,0.93,,
379.8,46.64,,,63.05,179.91,56.89,164.73,,,,,,,,,16820,0.93,,
379.9,46.62,,,63.06,179.94,56.9,164.75,,,,,,,,,16830,0.93,,
380,46.61,,,63.09,180.01,56.91,164.78,,,,,,,,,16840,0.93,,
380.4,46.54,,,63.11,180.06,56.96,164.9,,,,,,,,,16850,0.93,,
380.9,46.46,,,63.12,180.08,56.98,164.95,,,,,,,,,16860,0.93,,
381.5,46.36,,,63.14,180.13,56.99,164.97,,,,,,,,,16927,0.92,,
381.8,46.31,,,63.16,180.18,57,165,,,,,,,,,16955,0.92,,
382,46.28,,,63.17,180.21,57.03,165.07,,,,,,,,,16970,0.92,,
382.1,46.26,,,63.18,180.23,57.05,165.12,,,,,,,,,17151,0.91,,
382.2,46.24,,,63.21,180.31,57.06,165.15,,,,,,,,,17232,0.9,,
382.4,46.21,,,63.23,180.36,57.07,165.17,,,,,,,,,17558,0.88,,
382.5,46.19,,,63.25,180.41,57.1,165.24,,,,,,,,,18280,0.84,,
382.6,46.18,,,63.29,180.5,57.11,165.27,,,,,,,,,18380,0.84,,
382.7,46.16,,,63.3,180.53,57.12,165.29,,,,,,,,,18480,0.83,,
382.8,46.14,,,63.31,180.55,57.15,165.37,,,,,,,,,18900,0.81,,
383.1,46.1,,,63.32,180.58,57.16,165.39,,,,,,,,,19590,0.78,,
383.4,46.05,,,63.34,180.63,57.17,165.42,,,,,,,,,19920,0.76,,
383.7,46,,,63.38,180.73,57.2,165.49,,,,,,,,,19940,0.76,,
384.3,45.9,,,63.39,180.75,57.22,165.54,,,,,,,,,19980,0.76,,
384.5,45.87,,,63.41,180.8,57.24,165.59,,,,,,,,,20300,0.75,,
384.8,45.82,,,63.45,180.9,57.25,165.61,,,,,,,,,20310,0.75,,
384.9,45.8,,,63.47,180.95,57.32,165.78,,,,,,,,,20330,0.75,,
385.3,45.74,,,63.48,180.97,57.33,165.81,,,,,,,,,20360,0.75,,
385.4,45.72,,,63.51,181.05,57.36,165.88,,,,,,,,,20470,0.74,,
385.6,45.69,,,63.52,181.07,57.37,165.91,,,,,,,,,20560,0.74,,
385.9,45.64,,,63.54,181.12,57.4,165.98,,,,,,,,,20570,0.74,,
386.1,45.61,,,63.56,181.17,57.41,166.01,,,,,,,,,20720,0.73,,
386.5,45.55,,,63.58,181.22,57.42,166.03,,,,,,,,,20790,0.73,,
386.6,45.53,,,63.59,181.25,57.43,166.06,,,,,,,,,21090,0.72,,
386.8,45.5,,,63.62,181.32,57.44,166.08,,,,,,,,,21170,0.72,,
387.1,45.45,,,63.64,181.37,57.48,166.18,,,,,,,,,21340,0.71,,
387.7,45.35,,,63.65,181.39,57.5,166.23,,,,,,,,,21360,0.71,,
387.8,45.34,,,63.67,181.44,57.51,166.25,,,,,,,,,21570,0.7,,
388.1,45.29,,,63.68,181.47,57.54,166.33,,,,,,,,,21590,0.7,,
388.2,45.28,,,63.71,181.54,57.57,166.4,,,,,,,,,21600,0.7,,
388.5,45.23,,,63.72,181.57,57.58,166.42,,,,,,,,,21610,0.7,,
388.6,45.21,,,63.77,181.69,57.61,166.5,,,,,,,,,21670,0.7,,
388.8,45.18,,,63.78,181.72,57.64,166.57,,,,,,,,,21800,0.7,,
389,45.15,,,63.79,181.74,57.67,166.64,,,,,,,,,21810,0.7,,
389.2,45.12,,,63.8,181.77,57.69,166.69,,,,,,,,,21920,0.69,,
389.4,45.09,,,63.83,181.84,57.7,166.72,,,,,,,,,22020,0.69,,
389.6,45.05,,,63.84,181.87,57.75,166.84,,,,,,,,,22030,0.69,,
389.7,45.04,,,63.86,181.91,57.76,166.87,,,,,,,,,22160,0.68,,
390,44.99,,,63.88,181.96,57.78,166.92,,,,,,,,,22240,0.68,,
390.6,44.9,,,63.89,181.99,57.79,166.94,,,,,,,,,22250,0.68,,
390.8,44.87,,,63.9,182.01,57.82,167.01,,,,,,,,,22290,0.68,,
391.2,44.8,,,63.93,182.09,57.83,167.04,,,,,,,,,22340,0.68,,
391.3,44.79,,,63.96,182.16,57.86,167.11,,,,,,,,,22350,0.68,,
391.6,44.74,,,63.97,182.19,57.87,167.14,,,,,,,,,22390,0.68,,
391.8,44.71,,,63.99,182.24,57.92,167.26,,,,,,,,,22440,0.68,,
392.4,44.62,,,64.03,182.34,57.96,167.36,,,,,,,,,22480,0.67,,
392.6,44.59,,,64.04,182.36,57.97,167.38,,,,,,,,,22490,0.67,,
392.9,44.54,,,64.06,182.41,57.98,167.41,,,,,,,,,22550,0.67,,
393.1,44.51,,,64.08,182.46,58.01,167.48,,,,,,,,,22970,0.66,,
393.3,44.48,,,64.09,182.48,58.04,167.55,,,,,,,,,23120,0.66,,
393.4,44.46,,,64.1,182.51,58.05,167.58,,,,,,,,,23270,0.65,,
393.5,44.45,,,64.12,182.56,58.07,167.63,,,,,,,,,23290,0.65,,
393.8,44.4,,,64.13,182.58,58.08,167.65,,,,,,,,,24170,0.63,,
394.1,44.36,,,64.16,182.66,58.12,167.75,,,,,,,,,24250,0.63,,
394.2,44.34,,,64.19,182.73,58.13,167.78,,,,,,,,,24310,0.62,,
394.5,44.29,,,64.22,182.81,58.14,167.8,,,,,,,,,24320,0.62,,
394.7,44.26,,,64.24,182.86,58.16,167.85,,,,,,,,,24420,0.62,,
394.8,44.25,,,64.26,182.91,58.17,167.87,,,,,,,,,24460,0.62,,
395.4,44.16,,,64.27,182.93,58.19,167.92,,,,,,,,,24500,0.62,,
395.6,44.13,,,64.28,182.96,58.23,168.02,,,,,,,,,24900,0.61,,
395.7,44.11,,,64.31,183.03,58.24,168.05,,,,,,,,,25210,0.6,,
396,44.07,,,64.32,183.05,58.26,168.1,,,,,,,,,25290,0.6,,
396.1,44.05,,,64.33,183.08,58.28,168.14,,,,,,,,,25370,0.6,,
396.6,43.98,,,64.34,183.1,58.31,168.22,,,,,,,,,25700,0.59,,
396.9,43.93,,,64.35,183.13,58.32,168.24,,,,,,,,,25720,0.59,,
397,43.92,,,64.36,183.15,58.33,168.27,,,,,,,,,25840,0.59,,
397.2,43.88,,,64.38,183.2,58.37,168.37,,,,,,,,,25880,0.59,,
397.7,43.81,,,64.39,183.23,58.38,168.39,,,,,,,,,25920,0.59,,
397.8,43.79,,,64.41,183.28,58.4,168.44,,,,,,,,,26160,0.58,,
397.9,43.78,,,64.43,183.33,58.41,168.46,,,,,,,,,26260,0.58,,
398.4,43.7,,,64.44,183.35,58.44,168.54,,,,,,,,,26290,0.58,,
398.5,43.69,,,64.46,183.4,58.47,168.61,,,,,,,,,26340,0.58,,
398.9,43.63,,,64.47,183.43,58.48,168.64,,,,,,,,,26380,0.58,,
399.1,43.6,,,64.51,183.52,58.49,168.66,,,,,,,,,26400,0.58,,
399.2,43.59,,,64.52,183.55,58.53,168.76,,,,,,,,,26870,0.57,,
399.7,43.51,,,64.53,183.57,58.56,168.83,,,,,,,,,28310,0.54,,
399.8,43.5,,,64.55,183.62,58.57,168.86,,,,,,,,,28370,0.54,,
400.1,43.45,,,64.59,183.72,58.59,168.91,,,,,,,,,28450,0.54,,
400.3,43.42,,,64.65,183.87,58.65,169.05,,,,,,,,,28690,0.54,,
400.6,43.38,,,64.66,183.9,58.66,169.08,,,,,,,,,29900,0.52,,
401,43.32,,,64.67,183.92,58.69,169.15,,,,,,,,,29910,0.52,,
401.2,43.29,,,64.7,184,58.72,169.23,,,,,,,,,30080,0.51,,
401.6,43.23,,,64.71,184.02,58.73,169.25,,,,,,,,,30130,0.51,,
401.9,43.19,,,64.72,184.05,58.74,169.28,,,,,,,,,30140,0.51,,
402.2,43.14,,,64.74,184.09,58.79,169.4,,,,,,,,,30150,0.51,,
402.3,43.13,,,64.76,184.14,58.8,169.42,,,,,,,,,30170,0.51,,
402.5,43.1,,,64.77,184.17,58.81,169.45,,,,,,,,,30180,0.51,,
402.9,43.04,,,64.78,184.19,58.83,169.5,,,,,,,,,30200,0.51,,
403.4,42.97,,,64.82,184.29,58.87,169.6,,,,,,,,,30220,0.51,,
403.5,42.95,,,64.84,184.34,58.89,169.65,,,,,,,,,30230,0.51,,
403.6,42.94,,,64.85,184.37,58.9,169.67,,,,,,,,,30250,0.51,,
403.9,42.89,,,64.89,184.47,58.91,169.69,,,,,,,,,30260,0.51,,
404.2,42.85,,,64.9,184.49,58.92,169.72,,,,,,,,,30290,0.51,,
404.4,42.82,,,64.91,184.52,58.98,169.87,,,,,,,,,30430,0.51,,
404.5,42.81,,,64.92,184.54,58.99,169.89,,,,,,,,,30590,0.51,,
404.7,42.78,,,64.96,184.64,59,169.92,,,,,,,,,30790,0.5,,
404.8,42.76,,,64.97,184.66,59.02,169.97,,,,,,,,,30820,0.5,,
405.2,42.71,,,64.98,184.69,59.06,170.06,,,,,,,,,31300,0.5,,
405.5,42.66,,,65.02,184.79,59.07,170.09,,,,,,,,,31490,0.49,,
405.6,42.65,,,65.04,184.84,59.08,170.11,,,,,,,,,31780,0.49,,
405.9,42.61,,,65.05,184.86,59.1,170.16,,,,,,,,,31920,0.49,,
406.2,42.56,,,65.08,184.94,59.13,170.24,,,,,,,,,31960,0.49,,
406.7,42.49,,,65.11,185.01,59.16,170.31,,,,,,,,,31990,0.49,,
406.9,42.46,,,65.12,185.04,59.17,170.33,,,,,,,,,32010,0.49,,
407.4,42.39,,,65.13,185.06,59.2,170.41,,,,,,,,,32640,0.48,,
407.5,42.38,,,65.15,185.11,59.21,170.43,,,,,,,,,32760,0.48,,
407.8,42.34,,,65.16,185.14,59.22,170.46,,,,,,,,,32800,0.48,,
407.9,42.32,,,65.17,185.16,59.25,170.53,,,,,,,,,32920,0.48,,
408,42.31,,,65.2,185.24,59.29,170.63,,,,,,,,,32980,0.47,,
408.2,42.28,,,65.21,185.26,59.3,170.65,,,,,,,,,33420,0.47,,
408.4,42.25,,,65.23,185.31,59.33,170.73,,,,,,,,,33570,0.47,,
408.9,42.18,,,65.27,185.41,59.35,170.78,,,,,,,,,33610,0.47,,
409,42.17,,,65.3,185.48,59.37,170.83,,,,,,,,,33650,0.47,,
409.5,42.1,,,65.32,185.53,59.39,170.88,,,,,,,,,33680,0.47,,
409.7,42.07,,,65.33,185.56,59.4,170.9,,,,,,,,,33820,0.46,,
410.1,42.01,,,65.35,185.61,59.41,170.93,,,,,,,,,33830,0.46,,
410.2,42,,,65.36,185.63,59.45,171.02,,,,,,,,,33840,0.46,,
410.5,41.96,,,65.38,185.68,59.47,171.07,,,,,,,,,33880,0.46,,
410.9,41.9,,,65.42,185.78,59.48,171.1,,,,,,,,,33900,0.46,,
411.3,41.84,,,65.43,185.81,59.49,171.12,,,,,,,,,33910,0.46,,
411.4,41.83,,,65.44,185.83,59.5,171.15,,,,,,,,,33920,0.46,,
411.6,41.8,,,65.45,185.86,59.52,171.2,,,,,,,,,33930,0.46,,
411.7,41.79,,,65.49,185.95,59.53,171.22,,,,,,,,,33940,0.46,,
412.3,41.7,,,65.5,185.98,59.58,171.34,,,,,,,,,33950,0.46,,
412.6,41.66,,,65.51,186,59.6,171.39,,,,,,,,,33960,0.46,,
413,41.61,,,65.52,186.03,59.61,171.42,,,,,,,,,33970,0.46,,
413.5,41.54,,,65.55,186.1,59.63,171.47,,,,,,,,,33980,0.46,,
413.6,41.53,,,65.56,186.13,59.64,171.49,,,,,,,,,33990,0.46,,
413.7,41.51,,,65.57,186.15,59.66,171.54,,,,,,,,,34000,0.46,,
414,41.47,,,65.58,186.18,59.69,171.62,,,,,,,,,34020,0.46,,
414.4,41.42,,,65.61,186.25,59.7,171.64,,,,,,,,,34040,0.46,,
415,41.33,,,65.62,186.28,59.74,171.74,,,,,,,,,34050,0.46,,
415.1,41.32,,,65.64,186.33,59.76,171.79,,,,,,,,,34090,0.46,,
415.4,41.28,,,65.67,186.4,59.77,171.81,,,,,,,,,34100,0.46,,
415.5,41.27,,,65.68,186.43,59.8,171.89,,,,,,,,,34110,0.46,,
415.6,41.25,,,65.71,186.5,59.82,171.94,,,,,,,,,34120,0.46,,
415.8,41.22,,,65.72,186.53,59.84,171.99,,,,,,,,,34160,0.46,,
416.3,41.16,,,65.74,186.57,59.85,172.01,,,,,,,,,34170,0.46,,
416.6,41.12,,,65.79,186.7,59.88,172.08,,,,,,,,,34180,0.46,,
417.2,41.04,,,65.8,186.72,59.9,172.13,,,,,,,,,34220,0.46,,
417.3,41.02,,,65.84,186.82,59.91,172.16,,,,,,,,,34270,0.46,,
418,40.93,,,65.85,186.85,59.92,172.18,,,,,,,,,34320,0.46,,
418.5,40.86,,,65.86,186.87,59.98,172.33,,,,,,,,,34360,0.46,,
418.6,40.85,,,65.87,186.9,59.99,172.35,,,,,,,,,34390,0.46,,
418.8,40.82,,,65.89,186.95,60,172.38,,,,,,,,,34400,0.46,,
418.9,40.81,,,65.9,186.97,60.03,172.45,,,,,,,,,34410,0.46,,
419.5,40.73,,,65.91,187,60.06,172.53,,,,,,,,,34420,0.46,,
419.7,40.7,,,65.93,187.05,60.08,172.58,,,,,,,,,34440,0.46,,
419.9,40.67,,,65.94,187.07,60.09,172.6,,,,,,,,,34450,0.46,,
420.2,40.63,,,65.97,187.15,60.12,172.68,,,,,,,,,34470,0.46,,
420.5,40.59,,,65.99,187.2,60.14,172.72,,,,,,,,,34480,0.46,,
420.7,40.57,,,66.01,187.24,60.16,172.77,,,,,,,,,34500,0.46,,
421,40.53,,,66.02,187.27,60.18,172.82,,,,,,,,,34510,0.46,,
421.7,40.44,,,66.03,187.29,60.19,172.85,,,,,,,,,34540,0.46,,
421.8,40.42,,,66.05,187.34,60.22,172.92,,,,,,,,,34550,0.46,,
422.4,40.34,,,66.08,187.42,60.23,172.95,,,,,,,,,34560,0.46,,
422.5,40.33,,,66.09,187.44,60.26,173.02,,,,,,,,,34580,0.46,,
422.7,40.3,,,66.1,187.47,60.29,173.09,,,,,,,,,34590,0.46,,
422.8,40.29,,,66.11,187.49,60.3,173.12,,,,,,,,,34600,0.46,,
423.2,40.24,,,66.14,187.57,60.31,173.14,,,,,,,,,34630,0.46,,
423.9,40.15,,,66.16,187.62,60.35,173.24,,,,,,,,,34650,0.46,,
424,40.13,,,66.18,187.67,60.38,173.32,,,,,,,,,34670,0.46,,
424.2,40.11,,,66.2,187.72,60.39,173.34,,,,,,,,,34720,0.45,,
424.7,40.04,,,66.23,187.79,60.4,173.37,,,,,,,,,34980,0.45,,
424.8,40.03,,,66.24,187.82,60.43,173.44,,,,,,,,,35030,0.45,,
424.9,40.02,,,66.26,187.87,60.46,173.51,,,,,,,,,35090,0.45,,
425.1,39.99,,,66.27,187.89,60.47,173.54,,,,,,,,,35130,0.45,,
425.2,39.98,,,66.3,187.96,60.48,173.56,,,,,,,,,35400,0.45,,
425.5,39.94,,,66.31,187.99,60.52,173.66,,,,,,,,,35440,0.45,,
425.9,39.89,,,66.32,188.01,60.54,173.71,,,,,,,,,35470,0.45,,
426.2,39.85,,,66.34,188.06,60.57,173.78,,,,,,,,,35490,0.45,,
426.3,39.84,,,66.36,188.11,60.62,173.91,,,,,,,,,35510,0.45,,
427.1,39.73,,,66.37,188.14,60.63,173.93,,,,,,,,,35540,0.45,,
427.4,39.7,,,66.38,188.16,60.65,173.98,,,,,,,,,35550,0.45,,
427.7,39.66,,,66.42,188.26,60.67,174.03,,,,,,,,,35570,0.45,,
427.8,39.65,,,66.43,188.29,60.68,174.06,,,,,,,,,35840,0.44,,
427.9,39.63,,,66.44,188.31,60.69,174.08,,,,,,,,,36090,0.44,,
428.6,39.54,,,66.46,188.36,60.7,174.11,,,,,,,,,36430,0.44,,
428.7,39.53,,,66.48,188.41,60.77,174.28,,,,,,,,,36480,0.44,,
429.3,39.46,,,66.51,188.49,60.81,174.38,,,,,,,,,36500,0.44,,
429.5,39.43,,,66.52,188.51,60.85,174.48,,,,,,,,,36520,0.44,,
429.6,39.42,,,66.54,188.56,60.86,174.5,,,,,,,,,36530,0.44,,
430.2,39.34,,,66.57,188.64,60.91,174.62,,,,,,,,,36540,0.44,,
430.3,39.33,,,66.58,188.66,60.92,174.65,,,,,,,,,36550,0.44,,
431.1,39.23,,,66.6,188.71,60.93,174.67,,,,,,,,,36650,0.44,,
431.7,39.15,,,66.63,188.78,60.96,174.75,,,,,,,,,36680,0.44,,
431.9,39.13,,,66.64,188.81,61,174.85,,,,,,,,,36700,0.44,,
432,39.12,,,66.65,188.83,61.02,174.89,,,,,,,,,36710,0.44,,
432.6,39.04,,,66.66,188.86,61.04,174.94,,,,,,,,,36730,0.43,,
432.7,39.03,,,66.71,188.98,61.05,174.97,,,,,,,,,36740,0.43,,
433.3,38.95,,,66.72,189.01,61.07,175.02,,,,,,,,,36750,0.43,,
433.5,38.93,,,66.73,189.03,61.08,175.04,,,,,,,,,36760,0.43,,
433.8,38.89,,,66.76,189.11,61.15,175.22,,,,,,,,,36810,0.43,,
434.2,38.84,,,66.78,189.16,61.16,175.24,,,,,,,,,36840,0.43,,
434.4,38.82,,,66.79,189.18,61.17,175.27,,,,,,,,,36860,0.43,,
434.5,38.81,,,66.8,189.21,61.18,175.29,,,,,,,,,36910,0.43,,
435.2,38.72,,,66.82,189.26,61.23,175.41,,,,,,,,,37070,0.43,,
435.9,38.63,,,66.83,189.28,61.24,175.44,,,,,,,,,37220,0.43,,
436,38.62,,,66.84,189.31,61.3,175.59,,,,,,,,,37430,0.43,,
436.1,38.61,,,66.87,189.38,61.31,175.61,,,,,,,,,37510,0.43,,
436.8,38.53,,,66.89,189.43,61.33,175.66,,,,,,,,,37660,0.43,,
436.9,38.51,,,66.9,189.45,61.36,175.73,,,,,,,,,37780,0.43,,
437.7,38.42,,,66.91,189.48,61.37,175.76,,,,,,,,,37790,0.43,,
437.8,38.4,,,66.93,189.53,61.38,175.78,,,,,,,,,37820,0.42,,
437.9,38.39,,,66.94,189.55,61.41,175.86,,,,,,,,,37830,0.42,,
438.2,38.36,,,66.96,189.6,61.42,175.88,,,,,,,,,37840,0.42,,
438.4,38.33,,,66.98,189.65,61.43,175.91,,,,,,,,,37850,0.42,,
438.5,38.32,,,67,189.7,61.45,175.96,,,,,,,,,37860,0.42,,
438.6,38.31,,,67.01,189.73,61.46,175.98,,,,,,,,,37870,0.42,,
439.4,38.21,,,67.02,189.75,61.51,176.1,,,,,,,,,37990,0.42,,
439.5,38.2,,,67.04,189.8,61.52,176.13,,,,,,,,,38010,0.42,,
439.8,38.16,,,67.08,189.9,61.53,176.15,,,,,,,,,38040,0.42,,
440.3,38.1,,,67.09,189.93,61.6,176.33,,,,,,,,,38050,0.42,,
440.4,38.09,,,67.14,190.05,61.61,176.35,,,,,,,,,38070,0.42,,
441.1,38.01,,,67.15,190.08,61.65,176.45,,,,,,,,,38090,0.42,,
441.2,38,,,67.19,190.18,61.66,176.47,,,,,,,,,38110,0.42,,
441.8,37.93,,,67.2,190.2,61.67,176.5,,,,,,,,,38190,0.42,,
442.1,37.89,,,67.21,190.23,61.68,176.52,,,,,,,,,38280,0.42,,
442.5,37.84,,,67.22,190.25,61.7,176.57,,,,,,,,,38340,0.42,,
442.6,37.83,,,67.25,190.32,61.71,176.6,,,,,,,,,38740,0.42,,
442.9,37.8,,,67.26,190.35,61.74,176.67,,,,,,,,,38760,0.42,,
443.2,37.76,,,67.28,190.4,61.75,176.7,,,,,,,,,38780,0.42,,
443.6,37.71,,,67.29,190.42,61.77,176.75,,,,,,,,,38790,0.42,,
443.7,37.7,,,67.3,190.45,61.79,176.8,,,,,,,,,38820,0.42,,
443.8,37.69,,,67.31,190.47,61.8,176.82,,,,,,,,,38900,0.42,,
444.6,37.6,,,67.32,190.5,61.82,176.87,,,,,,,,,39010,0.41,,
444.7,37.58,,,67.35,190.57,61.88,177.02,,,,,,,,,39050,0.41,,
444.8,37.57,,,67.36,190.6,61.89,177.04,,,,,,,,,39060,0.41,,
445.4,37.5,,,67.37,190.62,61.9,177.07,,,,,,,,,39140,0.41,,
445.6,37.48,,,67.38,190.65,61.97,177.24,,,,,,,,,39150,0.41,,
446.3,37.4,,,67.41,190.72,62.04,177.41,,,,,,,,,39190,0.41,,
446.5,37.37,,,67.42,190.75,62.06,177.46,,,,,,,,,39200,0.41,,
447.1,37.31,,,67.44,190.8,62.08,177.51,,,,,,,,,39230,0.41,,
447.4,37.27,,,67.47,190.87,62.11,177.59,,,,,,,,,39250,0.41,,
447.5,37.26,,,67.49,190.92,62.12,177.61,,,,,,,,,39260,0.41,,
448,37.2,,,67.5,190.95,62.14,177.66,,,,,,,,,39280,0.41,,
448.3,37.17,,,67.52,191,62.15,177.69,,,,,,,,,39290,0.41,,
448.4,37.16,,,67.53,191.02,62.18,177.76,,,,,,,,,39300,0.41,,
449.2,37.06,,,67.54,191.05,62.19,177.78,,,,,,,,,39490,0.41,,
449.3,37.05,,,67.55,191.07,62.24,177.91,,,,,,,,,39500,0.41,,
449.4,37.04,,,67.58,191.14,62.26,177.96,,,,,,,,,39510,0.41,,
449.8,37,,,67.61,191.22,62.27,177.98,,,,,,,,,39530,0.41,,
449.9,36.98,,,67.62,191.24,62.28,178.01,,,,,,,,,39560,0.41,,
450.3,36.94,,,67.63,191.27,62.33,178.13,,,,,,,,,39580,0.41,,
450.8,36.88,,,67.65,191.32,62.37,178.23,,,,,,,,,39620,0.41,,
451.2,36.84,,,67.67,191.37,62.38,178.25,,,,,,,,,39810,0.41,,
451.5,36.8,,,67.68,191.39,62.4,178.3,,,,,,,,,39850,0.41,,
451.7,36.78,,,67.69,191.42,62.41,178.33,,,,,,,,,39870,0.41,,
452.1,36.74,,,67.72,191.49,62.42,178.35,,,,,,,,,39920,0.41,,
452.5,36.69,,,67.73,191.52,62.44,178.4,,,,,,,,,39930,0.41,,
453.1,36.62,,,67.74,191.54,62.47,178.48,,,,,,,,,40000,0.41,,
453.3,36.6,,,67.76,191.59,62.48,178.5,,,,,,,,,40140,0.41,,
453.8,36.55,,,67.79,191.67,62.5,178.55,,,,,,,,,40170,0.41,,
454,36.52,,,67.8,191.69,62.51,178.57,,,,,,,,,40190,0.41,,
454.1,36.51,,,67.82,191.74,62.54,178.65,,,,,,,,,40210,0.41,,
454.2,36.5,,,67.84,191.79,62.55,178.67,,,,,,,,,40230,0.41,,
454.4,36.48,,,67.85,191.82,62.59,178.77,,,,,,,,,40240,0.4,,
454.5,36.47,,,67.89,191.92,62.61,178.82,,,,,,,,,40260,0.4,,
455,36.41,,,67.9,191.94,62.62,178.85,,,,,,,,,40270,0.4,,
455.1,36.4,,,67.94,192.04,62.65,178.92,,,,,,,,,40780,0.4,,
455.8,36.32,,,67.95,192.07,62.68,179,,,,,,,,,40960,0.4,,
456,36.3,,,67.96,192.09,62.69,179.02,,,,,,,,,40980,0.4,,
456.1,36.29,,,67.99,192.16,62.7,179.04,,,,,,,,,41010,0.4,,
456.2,36.28,,,68,192.19,62.75,179.17,,,,,,,,,41030,0.4,,
456.9,36.2,,,68.02,192.24,62.77,179.22,,,,,,,,,41060,0.4,,
457,36.19,,,68.03,192.26,62.8,179.29,,,,,,,,,41090,0.4,,
457.4,36.15,,,68.05,192.31,62.82,179.34,,,,,,,,,41120,0.4,,
458,36.08,,,68.06,192.34,62.83,179.37,,,,,,,,,41610,0.39,,
458.7,36.01,,,68.07,192.36,62.84,179.39,,,,,,,,,42120,0.39,,
458.9,35.98,,,68.09,192.41,62.85,179.42,,,,,,,,,43360,0.38,,
459,35.97,,,68.1,192.44,62.86,179.44,,,,,,,,,43390,0.38,,
459.2,35.95,,,68.13,192.51,62.87,179.47,,,,,,,,,43410,0.38,,
459.4,35.93,,,68.14,192.54,62.89,179.51,,,,,,,,,43760,0.38,,
460,35.86,,,68.15,192.56,62.9,179.54,,,,,,,,,44110,0.38,,
460.2,35.84,,,68.16,192.59,62.91,179.56,,,,,,,,,44420,0.38,,
460.5,35.81,,,68.17,192.61,62.94,179.64,,,,,,,,,44530,0.38,,
460.7,35.79,,,68.18,192.64,62.96,179.69,,,,,,,,,44560,0.38,,
461,35.76,,,68.19,192.66,62.98,179.74,,,,,,,,,44580,0.38,,
462,35.65,,,68.2,192.69,63,179.79,,,,,,,,,44620,0.37,,
462.1,35.64,,,68.21,192.71,63.03,179.86,,,,,,,,,44660,0.37,,
462.4,35.61,,,68.22,192.74,63.04,179.89,,,,,,,,,44710,0.37,,
463.1,35.53,,,68.23,192.76,63.05,179.91,,,,,,,,,44740,0.37,,
463.5,35.49,,,68.24,192.79,63.07,179.96,,,,,,,,,44780,0.37,,
463.7,35.47,,,68.26,192.84,63.09,180.01,,,,,,,,,44790,0.37,,
464.1,35.43,,,68.28,192.89,63.12,180.08,,,,,,,,,44830,0.37,,
464.2,35.41,,,68.29,192.91,63.14,180.13,,,,,,,,,44870,0.37,,
464.3,35.4,,,68.3,192.94,63.16,180.18,,,,,,,,,,,,
465,35.33,,,68.31,192.96,63.19,180.26,,,,,,,,,,,,
465.2,35.31,,,68.35,193.06,63.2,180.28,,,,,,,,,,,,
465.9,35.24,,,68.36,193.09,63.23,180.36,,,,,,,,,,,,
466.2,35.2,,,68.37,193.11,63.26,180.43,,,,,,,,,,,,
466.3,35.19,,,68.4,193.18,63.27,180.45,,,,,,,,,,,,
466.5,35.17,,,68.41,193.21,63.29,180.5,,,,,,,,,,,,
467.1,35.11,,,68.45,193.31,63.3,180.53,,,,,,,,,,,,
467.3,35.09,,,68.47,193.36,63.31,180.55,,,,,,,,,,,,
468,35.02,,,68.48,193.38,63.32,180.58,,,,,,,,,,,,
468.2,34.99,,,68.49,193.41,63.33,180.6,,,,,,,,,,,,
468.4,34.97,,,68.52,193.48,63.35,180.65,,,,,,,,,,,,
468.8,34.93,,,68.53,193.51,63.37,180.7,,,,,,,,,,,,
469.2,34.89,,,68.54,193.53,63.4,180.78,,,,,,,,,,,,
469.4,34.87,,,68.56,193.58,63.42,180.83,,,,,,,,,,,,
469.5,34.86,,,68.57,193.61,63.43,180.85,,,,,,,,,,,,
470,34.81,,,68.58,193.63,63.46,180.92,,,,,,,,,,,,
470.6,34.75,,,68.59,193.66,63.47,180.95,,,,,,,,,,,,
470.9,34.72,,,68.6,193.68,63.5,181.02,,,,,,,,,,,,
471,34.71,,,68.61,193.71,63.52,181.07,,,,,,,,,,,,
471.2,34.69,,,68.62,193.73,63.53,181.1,,,,,,,,,,,,
471.7,34.63,,,68.64,193.78,63.54,181.12,,,,,,,,,,,,
471.8,34.62,,,68.67,193.86,63.55,181.15,,,,,,,,,,,,
472,34.6,,,68.7,193.93,63.57,181.2,,,,,,,,,,,,
472.4,34.56,,,68.72,193.98,63.62,181.32,,,,,,,,,,,,
472.8,34.52,,,68.73,194.01,63.63,181.35,,,,,,,,,,,,
472.9,34.51,,,68.74,194.03,63.64,181.37,,,,,,,,,,,,
473.8,34.42,,,68.75,194.06,63.68,181.47,,,,,,,,,,,,
474,34.4,,,68.76,194.08,63.69,181.49,,,,,,,,,,,,
474.3,34.37,,,68.77,194.11,63.7,181.52,,,,,,,,,,,,
474.8,34.32,,,68.78,194.13,63.71,181.54,,,,,,,,,,,,
475.1,34.29,,,68.79,194.16,63.74,181.62,,,,,,,,,,,,
475.2,34.28,,,68.8,194.18,63.75,181.64,,,,,,,,,,,,
475.6,34.24,,,68.81,194.21,63.76,181.67,,,,,,,,,,,,
476.1,34.19,,,68.82,194.23,63.77,181.69,,,,,,,,,,,,
476.2,34.18,,,68.85,194.3,63.79,181.74,,,,,,,,,,,,
476.7,34.13,,,68.86,194.33,63.8,181.77,,,,,,,,,,,,
477.4,34.06,,,68.87,194.35,63.81,181.79,,,,,,,,,,,,
478.1,33.99,,,68.88,194.38,63.82,181.82,,,,,,,,,,,,
478.2,33.98,,,68.89,194.4,63.83,181.84,,,,,,,,,,,,
478.3,33.97,,,68.9,194.43,63.85,181.89,,,,,,,,,,,,
478.6,33.94,,,68.91,194.45,63.87,181.94,,,,,,,,,,,,
479.3,33.87,,,68.92,194.48,63.89,181.99,,,,,,,,,,,,
479.7,33.83,,,68.93,194.5,63.9,182.01,,,,,,,,,,,,
479.8,33.82,,,68.95,194.55,63.93,182.09,,,,,,,,,,,,
480.3,33.77,,,68.96,194.58,63.96,182.16,,,,,,,,,,,,
481,33.7,,,68.97,194.6,63.97,182.19,,,,,,,,,,,,
481.2,33.68,,,68.99,194.65,63.98,182.21,,,,,,,,,,,,
481.6,33.65,,,69.02,194.73,64.03,182.34,,,,,,,,,,,,
481.7,33.64,,,69.03,194.75,64.04,182.36,,,,,,,,,,,,
482.2,33.59,,,69.05,194.8,64.05,182.39,,,,,,,,,,,,
482.5,33.56,,,69.06,194.83,64.09,182.48,,,,,,,,,,,,
482.6,33.55,,,69.07,194.85,64.1,182.51,,,,,,,,,,,,
483.2,33.49,,,69.08,194.88,64.12,182.56,,,,,,,,,,,,
483.4,33.47,,,69.12,194.98,64.16,182.66,,,,,,,,,,,,
483.8,33.43,,,69.14,195.03,64.17,182.68,,,,,,,,,,,,
484.1,33.4,,,69.16,195.08,64.2,182.76,,,,,,,,,,,,
484.6,33.36,,,69.17,195.1,64.21,182.78,,,,,,,,,,,,
484.8,33.34,,,69.18,195.13,64.22,182.81,,,,,,,,,,,,
485.2,33.3,,,69.19,195.15,64.24,182.86,,,,,,,,,,,,
485.6,33.26,,,69.21,195.2,64.28,182.96,,,,,,,,,,,,
485.8,33.24,,,69.22,195.23,64.29,182.98,,,,,,,,,,,,
487.1,33.12,,,69.23,195.25,64.31,183.03,,,,,,,,,,,,
487.2,33.11,,,69.24,195.28,64.35,183.13,,,,,,,,,,,,
487.7,33.06,,,69.25,195.3,64.37,183.18,,,,,,,,,,,,
488.3,33,,,69.27,195.35,64.38,183.2,,,,,,,,,,,,
488.6,32.97,,,69.3,195.43,64.41,183.28,,,,,,,,,,,,
489.4,32.9,,,69.32,195.48,64.42,183.3,,,,,,,,,,,,
489.6,32.88,,,69.35,195.55,64.43,183.33,,,,,,,,,,,,
490.2,32.82,,,69.36,195.57,64.44,183.35,,,,,,,,,,,,
490.5,32.8,,,69.37,195.6,64.45,183.38,,,,,,,,,,,,
490.9,32.76,,,69.4,195.67,64.48,183.45,,,,,,,,,,,,
491.4,32.71,,,69.41,195.7,64.51,183.52,,,,,,,,,,,,
491.8,32.67,,,69.42,195.72,64.52,183.55,,,,,,,,,,,,
491.9,32.67,,,69.43,195.75,64.53,183.57,,,,,,,,,,,,
492.2,32.64,,,69.46,195.82,64.54,183.6,,,,,,,,,,,,
493,32.56,,,69.47,195.85,64.58,183.7,,,,,,,,,,,,
493.5,32.52,,,69.48,195.87,64.6,183.75,,,,,,,,,,,,
494.2,32.45,,,69.49,195.9,64.61,183.77,,,,,,,,,,,,
494.8,32.4,,,69.51,195.95,64.63,183.82,,,,,,,,,,,,
495.1,32.37,,,69.52,195.97,64.64,183.85,,,,,,,,,,,,
495.8,32.31,,,69.53,196,64.67,183.92,,,,,,,,,,,,
495.9,32.3,,,69.54,196.02,64.68,183.95,,,,,,,,,,,,
496.1,32.28,,,69.55,196.05,64.71,184.02,,,,,,,,,,,,
496.3,32.26,,,69.57,196.1,64.73,184.07,,,,,,,,,,,,
496.7,32.22,,,69.59,196.15,64.77,184.17,,,,,,,,,,,,
496.8,32.22,,,69.61,196.2,64.8,184.24,,,,,,,,,,,,
497.5,32.15,,,69.62,196.22,64.81,184.27,,,,,,,,,,,,
497.6,32.14,,,69.63,196.25,64.82,184.29,,,,,,,,,,,,
498.6,32.05,,,69.65,196.3,64.83,184.32,,,,,,,,,,,,
498.9,32.03,,,69.66,196.32,64.84,184.34,,,,,,,,,,,,
499,32.02,,,69.67,196.35,64.85,184.37,,,,,,,,,,,,
499.2,32,,,69.68,196.37,64.86,184.39,,,,,,,,,,,,
499.7,31.95,,,69.69,196.4,64.87,184.42,,,,,,,,,,,,
500.2,31.91,,,69.72,196.47,64.91,184.52,,,,,,,,,,,,
500.4,31.89,,,69.73,196.5,64.92,184.54,,,,,,,,,,,,
501.7,31.78,,,69.75,196.55,64.96,184.64,,,,,,,,,,,,
501.8,31.77,,,69.76,196.57,64.97,184.66,,,,,,,,,,,,
502.1,31.74,,,69.77,196.6,64.98,184.69,,,,,,,,,,,,
502.3,31.72,,,69.79,196.65,64.99,184.71,,,,,,,,,,,,
502.8,31.68,,,69.81,196.7,65,184.74,,,,,,,,,,,,
503.1,31.65,,,69.84,196.77,65.01,184.76,,,,,,,,,,,,
503.3,31.63,,,69.85,196.8,65.04,184.84,,,,,,,,,,,,
503.5,31.62,,,69.86,196.82,65.06,184.89,,,,,,,,,,,,
503.9,31.58,,,69.89,196.9,65.08,184.94,,,,,,,,,,,,
504.2,31.55,,,69.9,196.92,65.1,184.99,,,,,,,,,,,,
504.5,31.53,,,69.91,196.95,65.11,185.01,,,,,,,,,,,,
505,31.48,,,69.95,197.05,65.12,185.04,,,,,,,,,,,,
505.2,31.47,,,69.97,197.1,65.16,185.14,,,,,,,,,,,,
505.7,31.42,,,69.99,197.14,65.17,185.16,,,,,,,,,,,,
505.9,31.41,,,70,197.17,65.22,185.28,,,,,,,,,,,,
506.4,31.36,,,70.02,197.22,65.23,185.31,,,,,,,,,,,,
506.8,31.33,,,70.03,197.24,65.24,185.33,,,,,,,,,,,,
507.4,31.28,,,70.04,197.27,65.26,185.38,,,,,,,,,,,,
507.5,31.27,,,70.05,197.29,65.27,185.41,,,,,,,,,,,,
507.6,31.26,,,70.08,197.37,65.28,185.43,,,,,,,,,,,,
507.7,31.25,,,70.09,197.39,65.29,185.46,,,,,,,,,,,,
508.5,31.18,,,70.1,197.42,65.31,185.51,,,,,,,,,,,,
508.8,31.15,,,70.11,197.44,65.33,185.56,,,,,,,,,,,,
509,31.14,,,70.14,197.52,65.35,185.61,,,,,,,,,,,,
509.4,31.1,,,70.15,197.54,65.37,185.66,,,,,,,,,,,,
509.5,31.09,,,70.16,197.57,65.39,185.71,,,,,,,,,,,,
510.3,31.03,,,70.18,197.62,65.4,185.73,,,,,,,,,,,,
511.4,30.93,,,70.19,197.64,65.41,185.76,,,,,,,,,,,,
511.5,30.92,,,70.21,197.69,65.42,185.78,,,,,,,,,,,,
511.7,30.91,,,70.22,197.72,65.44,185.83,,,,,,,,,,,,
511.8,30.9,,,70.23,197.74,65.46,185.88,,,,,,,,,,,,
512.1,30.87,,,70.26,197.82,65.47,185.9,,,,,,,,,,,,
512.7,30.82,,,70.28,197.87,65.5,185.98,,,,,,,,,,,,
513,30.8,,,70.29,197.89,65.53,186.05,,,,,,,,,,,,
513.4,30.76,,,70.3,197.92,65.54,186.08,,,,,,,,,,,,
514.5,30.67,,,70.31,197.94,65.55,186.1,,,,,,,,,,,,
514.8,30.65,,,70.32,197.97,65.56,186.13,,,,,,,,,,,,
514.9,30.64,,,70.33,197.99,65.57,186.15,,,,,,,,,,,,
515.4,30.6,,,70.36,198.07,65.59,186.2,,,,,,,,,,,,
515.9,30.55,,,70.37,198.09,65.61,186.25,,,,,,,,,,,,
516.5,30.5,,,70.38,198.12,65.62,186.28,,,,,,,,,,,,
517.2,30.45,,,70.41,198.19,65.63,186.3,,,,,,,,,,,,
517.4,30.43,,,70.42,198.22,65.65,186.35,,,,,,,,,,,,
517.5,30.42,,,70.44,198.27,65.68,186.43,,,,,,,,,,,,
517.6,30.41,,,70.45,198.29,65.69,186.45,,,,,,,,,,,,
518,30.38,,,70.46,198.32,65.7,186.48,,,,,,,,,,,,
518.8,30.31,,,70.47,198.34,65.71,186.5,,,,,,,,,,,,
519.4,30.26,,,70.49,198.39,65.73,186.55,,,,,,,,,,,,
519.7,30.24,,,70.51,198.44,65.74,186.57,,,,,,,,,,,,
519.8,30.23,,,70.52,198.47,65.75,186.6,,,,,,,,,,,,
520.3,30.19,,,70.55,198.54,65.76,186.62,,,,,,,,,,,,
520.4,30.18,,,70.57,198.59,65.77,186.65,,,,,,,,,,,,
520.7,30.16,,,70.59,198.64,65.82,186.77,,,,,,,,,,,,
521.2,30.12,,,70.6,198.67,65.83,186.8,,,,,,,,,,,,
521.3,30.11,,,70.61,198.69,65.84,186.82,,,,,,,,,,,,
521.4,30.1,,,70.62,198.72,65.88,186.92,,,,,,,,,,,,
521.6,30.08,,,70.64,198.77,65.89,186.95,,,,,,,,,,,,
521.9,30.06,,,70.65,198.79,65.92,187.02,,,,,,,,,,,,
522,30.05,,,70.66,198.82,65.93,187.05,,,,,,,,,,,,
522.9,29.98,,,70.68,198.87,65.95,187.1,,,,,,,,,,,,
523.3,29.95,,,70.69,198.89,65.96,187.12,,,,,,,,,,,,
523.5,29.93,,,70.72,198.97,65.99,187.2,,,,,,,,,,,,
523.8,29.91,,,70.73,198.99,66,187.22,,,,,,,,,,,,
524.5,29.85,,,70.74,199.02,66.02,187.27,,,,,,,,,,,,
524.7,29.83,,,70.75,199.04,66.06,187.37,,,,,,,,,,,,
524.8,29.83,,,70.77,199.09,66.07,187.39,,,,,,,,,,,,
525.1,29.8,,,70.78,199.12,66.08,187.42,,,,,,,,,,,,
525.9,29.74,,,70.81,199.19,66.12,187.52,,,,,,,,,,,,
526.2,29.71,,,70.82,199.21,66.14,187.57,,,,,,,,,,,,
526.7,29.67,,,70.83,199.24,66.16,187.62,,,,,,,,,,,,
528,29.57,,,70.87,199.34,66.18,187.67,,,,,,,,,,,,
528.2,29.56,,,70.88,199.36,66.21,187.74,,,,,,,,,,,,
528.4,29.54,,,70.89,199.39,66.22,187.77,,,,,,,,,,,,
528.5,29.53,,,70.91,199.44,66.24,187.82,,,,,,,,,,,,
528.7,29.52,,,70.92,199.46,66.27,187.89,,,,,,,,,,,,
529,29.49,,,70.93,199.49,66.28,187.91,,,,,,,,,,,,
529.2,29.48,,,70.94,199.51,66.29,187.94,,,,,,,,,,,,
529.6,29.45,,,70.95,199.54,66.3,187.96,,,,,,,,,,,,
530.2,29.4,,,70.98,199.61,66.31,187.99,,,,,,,,,,,,
530.5,29.38,,,70.99,199.64,66.34,188.06,,,,,,,,,,,,
531.1,29.33,,,71,199.66,66.35,188.09,,,,,,,,,,,,
531.2,29.32,,,71.02,199.71,66.36,188.11,,,,,,,,,,,,
531.4,29.3,,,71.03,199.74,66.39,188.19,,,,,,,,,,,,
532,29.26,,,71.04,199.76,66.41,188.24,,,,,,,,,,,,
532.2,29.24,,,71.05,199.79,66.43,188.29,,,,,,,,,,,,
532.8,29.2,,,71.08,199.86,66.46,188.36,,,,,,,,,,,,
533.2,29.17,,,71.09,199.89,66.47,188.39,,,,,,,,,,,,
533.9,29.11,,,71.11,199.94,66.48,188.41,,,,,,,,,,,,
534,29.1,,,71.12,199.96,66.5,188.46,,,,,,,,,,,,
534.2,29.09,,,71.13,199.99,66.51,188.49,,,,,,,,,,,,
534.4,29.07,,,71.16,200.06,66.52,188.51,,,,,,,,,,,,
535,29.03,,,71.17,200.09,66.53,188.54,,,,,,,,,,,,
535.2,29.01,,,71.18,200.11,66.56,188.61,,,,,,,,,,,,
535.8,28.97,,,71.21,200.19,66.58,188.66,,,,,,,,,,,,
536,28.95,,,71.22,200.21,66.59,188.68,,,,,,,,,,,,
536.4,28.92,,,71.23,200.24,66.6,188.71,,,,,,,,,,,,
536.8,28.89,,,71.25,200.29,66.62,188.76,,,,,,,,,,,,
536.9,28.88,,,71.26,200.31,66.64,188.81,,,,,,,,,,,,
537.5,28.84,,,71.27,200.34,66.65,188.83,,,,,,,,,,,,
537.8,28.81,,,71.28,200.36,66.67,188.88,,,,,,,,,,,,
538.3,28.78,,,71.29,200.39,66.7,188.96,,,,,,,,,,,,
538.6,28.75,,,71.3,200.41,66.71,188.98,,,,,,,,,,,,
539.7,28.67,,,71.32,200.46,66.72,189.01,,,,,,,,,,,,
539.9,28.65,,,71.33,200.49,66.75,189.08,,,,,,,,,,,,
540.5,28.61,,,71.35,200.54,66.77,189.13,,,,,,,,,,,,
541.5,28.54,,,71.36,200.56,66.78,189.16,,,,,,,,,,,,
542.1,28.49,,,71.38,200.61,66.79,189.18,,,,,,,,,,,,
542.3,28.48,,,71.39,200.64,66.81,189.23,,,,,,,,,,,,
542.5,28.46,,,71.43,200.74,66.83,189.28,,,,,,,,,,,,
544.3,28.33,,,71.44,200.76,66.86,189.36,,,,,,,,,,,,
544.4,28.32,,,71.45,200.79,66.87,189.38,,,,,,,,,,,,
544.5,28.31,,,71.46,200.81,66.89,189.43,,,,,,,,,,,,
544.8,28.29,,,71.47,200.84,66.92,189.5,,,,,,,,,,,,
545.2,28.26,,,71.48,200.86,66.94,189.55,,,,,,,,,,,,
546.3,28.18,,,71.49,200.89,66.96,189.6,,,,,,,,,,,,
546.6,28.16,,,71.51,200.94,66.97,189.63,,,,,,,,,,,,
546.7,28.15,,,71.52,200.96,66.98,189.65,,,,,,,,,,,,
547.3,28.11,,,71.53,200.99,67.01,189.73,,,,,,,,,,,,
548,28.06,,,71.54,201.01,67.02,189.75,,,,,,,,,,,,
548.2,28.04,,,71.55,201.04,67.04,189.8,,,,,,,,,,,,
549.2,27.97,,,71.58,201.11,67.05,189.83,,,,,,,,,,,,
549.4,27.96,,,71.59,201.14,67.08,189.9,,,,,,,,,,,,
549.8,27.93,,,71.6,201.16,67.09,189.93,,,,,,,,,,,,
550.1,27.91,,,71.63,201.24,67.12,190,,,,,,,,,,,,
550.2,27.9,,,71.64,201.26,67.14,190.05,,,,,,,,,,,,
550.7,27.86,,,71.65,201.29,67.15,190.08,,,,,,,,,,,,
550.8,27.86,,,71.66,201.31,67.16,190.1,,,,,,,,,,,,
551,27.84,,,71.67,201.34,67.2,190.2,,,,,,,,,,,,
551.3,27.82,,,71.68,201.36,67.22,190.25,,,,,,,,,,,,
551.5,27.81,,,71.7,201.41,67.24,190.3,,,,,,,,,,,,
551.7,27.79,,,71.72,201.46,67.25,190.32,,,,,,,,,,,,
552.2,27.76,,,71.73,201.49,67.26,190.35,,,,,,,,,,,,
552.4,27.74,,,71.74,201.51,67.29,190.42,,,,,,,,,,,,
553.4,27.67,,,71.75,201.54,67.3,190.45,,,,,,,,,,,,
553.6,27.66,,,71.76,201.56,67.31,190.47,,,,,,,,,,,,
554.3,27.61,,,71.77,201.59,67.32,190.5,,,,,,,,,,,,
554.4,27.6,,,71.8,201.66,67.35,190.57,,,,,,,,,,,,
554.7,27.58,,,71.82,201.71,67.36,190.6,,,,,,,,,,,,
554.9,27.56,,,71.83,201.74,67.37,190.62,,,,,,,,,,,,
555.5,27.52,,,71.84,201.76,67.38,190.65,,,,,,,,,,,,
556.2,27.47,,,71.85,201.79,67.39,190.67,,,,,,,,,,,,
556.3,27.47,,,71.86,201.81,67.42,190.75,,,,,,,,,,,,
556.5,27.45,,,71.87,201.84,67.43,190.77,,,,,,,,,,,,
557,27.42,,,71.88,201.86,67.44,190.8,,,,,,,,,,,,
557.2,27.4,,,71.91,201.94,67.47,190.87,,,,,,,,,,,,
557.6,27.37,,,71.92,201.96,67.49,190.92,,,,,,,,,,,,
557.8,27.36,,,71.95,202.04,67.5,190.95,,,,,,,,,,,,
558.2,27.33,,,71.96,202.06,67.53,191.02,,,,,,,,,,,,
558.4,27.32,,,71.97,202.09,67.55,191.07,,,,,,,,,,,,
558.5,27.31,,,71.99,202.14,67.56,191.1,,,,,,,,,,,,
558.9,27.28,,,72,202.16,67.57,191.12,,,,,,,,,,,,
560,27.21,,,72.02,202.21,67.59,191.17,,,,,,,,,,,,
560.2,27.19,,,72.04,202.26,67.61,191.22,,,,,,,,,,,,
560.7,27.16,,,72.06,202.31,67.63,191.27,,,,,,,,,,,,
561.6,27.1,,,72.07,202.34,67.64,191.29,,,,,,,,,,,,
561.7,27.09,,,72.09,202.39,67.68,191.39,,,,,,,,,,,,
562.4,27.04,,,72.12,202.46,67.69,191.42,,,,,,,,,,,,
562.9,27.01,,,72.13,202.49,67.71,191.47,,,,,,,,,,,,
563,27,,,72.14,202.51,67.73,191.52,,,,,,,,,,,,
563.8,26.95,,,72.16,202.56,67.74,191.54,,,,,,,,,,,,
564.5,26.9,,,72.17,202.59,67.75,191.57,,,,,,,,,,,,
565.1,26.86,,,72.2,202.66,67.77,191.62,,,,,,,,,,,,
565.2,26.85,,,72.21,202.69,67.78,191.64,,,,,,,,,,,,
565.7,26.82,,,72.22,202.71,67.79,191.67,,,,,,,,,,,,
566.1,26.79,,,72.23,202.74,67.8,191.69,,,,,,,,,,,,
566.9,26.74,,,72.26,202.81,67.82,191.74,,,,,,,,,,,,
567.4,26.71,,,72.27,202.84,67.85,191.82,,,,,,,,,,,,
567.5,26.7,,,72.28,202.86,67.86,191.84,,,,,,,,,,,,
568.4,26.64,,,72.29,202.89,67.89,191.92,,,,,,,,,,,,
568.7,26.62,,,72.31,202.94,67.91,191.97,,,,,,,,,,,,
569.2,26.59,,,72.33,202.99,67.92,191.99,,,,,,,,,,,,
569.7,26.55,,,72.35,203.04,67.96,192.09,,,,,,,,,,,,
569.8,26.55,,,72.38,203.11,67.97,192.11,,,,,,,,,,,,
570,26.53,,,72.39,203.14,67.98,192.14,,,,,,,,,,,,
570.2,26.52,,,72.4,203.16,68.02,192.24,,,,,,,,,,,,
571,26.47,,,72.41,203.19,68.04,192.29,,,,,,,,,,,,
571.2,26.45,,,72.42,203.21,68.05,192.31,,,,,,,,,,,,
572.1,26.39,,,72.43,203.24,68.06,192.34,,,,,,,,,,,,
572.4,26.37,,,72.45,203.29,68.07,192.36,,,,,,,,,,,,
572.6,26.36,,,72.46,203.31,68.09,192.41,,,,,,,,,,,,
573.1,26.33,,,72.48,203.36,68.1,192.44,,,,,,,,,,,,
573.8,26.28,,,72.49,203.39,68.12,192.49,,,,,,,,,,,,
574,26.27,,,72.5,203.41,68.14,192.54,,,,,,,,,,,,
574.4,26.24,,,72.51,203.44,68.15,192.56,,,,,,,,,,,,
576,26.14,,,72.53,203.49,68.16,192.59,,,,,,,,,,,,
576.1,26.13,,,72.54,203.51,68.18,192.64,,,,,,,,,,,,
576.5,26.11,,,72.57,203.59,68.22,192.74,,,,,,,,,,,,
576.8,26.09,,,72.58,203.61,68.23,192.76,,,,,,,,,,,,
576.9,26.08,,,72.59,203.64,68.24,192.79,,,,,,,,,,,,
577.2,26.06,,,72.61,203.69,68.25,192.81,,,,,,,,,,,,
577.8,26.02,,,72.63,203.74,68.27,192.86,,,,,,,,,,,,
578.6,25.97,,,72.64,203.76,68.28,192.89,,,,,,,,,,,,
579.1,25.94,,,72.65,203.79,68.31,192.96,,,,,,,,,,,,
579.4,25.92,,,72.66,203.81,68.32,192.99,,,,,,,,,,,,
579.6,25.91,,,72.68,203.86,68.33,193.01,,,,,,,,,,,,
579.7,25.9,,,72.69,203.89,68.36,193.09,,,,,,,,,,,,
581.9,25.76,,,72.7,203.91,68.38,193.13,,,,,,,,,,,,
582.2,25.74,,,72.71,203.94,68.39,193.16,,,,,,,,,,,,
582.5,25.72,,,72.72,203.96,68.4,193.18,,,,,,,,,,,,
583.3,25.67,,,72.73,203.99,68.42,193.23,,,,,,,,,,,,
583.4,25.67,,,72.76,204.06,68.44,193.28,,,,,,,,,,,,
583.7,25.65,,,72.77,204.09,68.45,193.31,,,,,,,,,,,,
584.4,25.61,,,72.78,204.11,68.48,193.38,,,,,,,,,,,,
584.9,25.57,,,72.79,204.14,68.49,193.41,,,,,,,,,,,,
585.3,25.55,,,72.8,204.16,68.5,193.43,,,,,,,,,,,,
585.4,25.54,,,72.82,204.21,68.51,193.46,,,,,,,,,,,,
586.2,25.49,,,72.83,204.24,68.52,193.48,,,,,,,,,,,,
586.3,25.49,,,72.84,204.26,68.54,193.53,,,,,,,,,,,,
586.8,25.46,,,72.87,204.34,68.55,193.56,,,,,,,,,,,,
587,25.44,,,72.88,204.36,68.56,193.58,,,,,,,,,,,,
587.2,25.43,,,72.89,204.39,68.58,193.63,,,,,,,,,,,,
588.3,25.36,,,72.9,204.41,68.59,193.66,,,,,,,,,,,,
588.4,25.36,,,72.91,204.44,68.62,193.73,,,,,,,,,,,,
589.7,25.28,,,72.92,204.46,68.65,193.81,,,,,,,,,,,,
590.9,25.2,,,72.94,204.51,68.67,193.86,,,,,,,,,,,,
591.1,25.19,,,72.95,204.54,68.68,193.88,,,,,,,,,,,,
591.3,25.18,,,72.96,204.56,68.7,193.93,,,,,,,,,,,,
591.7,25.16,,,72.98,204.61,68.72,193.98,,,,,,,,,,,,
592.4,25.11,,,72.99,204.64,68.74,194.03,,,,,,,,,,,,
593,25.08,,,73,204.66,68.75,194.06,,,,,,,,,,,,
594.3,25,,,73.01,204.69,68.76,194.08,,,,,,,,,,,,
594.5,24.99,,,73.02,204.71,68.78,194.13,,,,,,,,,,,,
594.7,24.97,,,73.04,204.76,68.79,194.16,,,,,,,,,,,,
594.9,24.96,,,73.05,204.79,68.8,194.18,,,,,,,,,,,,
595.2,24.94,,,73.06,204.81,68.81,194.21,,,,,,,,,,,,
597.3,24.82,,,73.07,204.84,68.84,194.28,,,,,,,,,,,,
597.7,24.8,,,73.08,204.86,68.85,194.3,,,,,,,,,,,,
597.9,24.78,,,73.09,204.89,68.9,194.43,,,,,,,,,,,,
598.3,24.76,,,73.1,204.91,68.91,194.45,,,,,,,,,,,,
598.4,24.75,,,73.11,204.94,68.93,194.5,,,,,,,,,,,,
599.3,24.7,,,73.13,204.99,68.94,194.53,,,,,,,,,,,,
600.5,24.63,,,73.14,205.01,68.95,194.55,,,,,,,,,,,,
600.8,24.61,,,73.15,205.04,68.97,194.6,,,,,,,,,,,,
601.3,24.58,,,73.16,205.06,69.01,194.7,,,,,,,,,,,,
601.7,24.56,,,73.17,205.09,69.02,194.73,,,,,,,,,,,,
602.2,24.53,,,73.19,205.14,69.03,194.75,,,,,,,,,,,,
602.8,24.5,,,73.2,205.16,69.04,194.78,,,,,,,,,,,,
603.5,24.46,,,73.22,205.21,69.06,194.83,,,,,,,,,,,,
603.6,24.45,,,73.23,205.24,69.08,194.88,,,,,,,,,,,,
603.7,24.44,,,73.24,205.26,69.1,194.93,,,,,,,,,,,,
605.2,24.36,,,73.26,205.31,69.11,194.95,,,,,,,,,,,,
605.9,24.32,,,73.27,205.34,69.14,195.03,,,,,,,,,,,,
606.1,24.31,,,73.28,205.36,69.16,195.08,,,,,,,,,,,,
606.7,24.27,,,73.29,205.39,69.17,195.1,,,,,,,,,,,,
606.8,24.27,,,73.3,205.41,69.18,195.13,,,,,,,,,,,,
607.8,24.21,,,73.31,205.44,69.19,195.15,,,,,,,,,,,,
608.7,24.16,,,73.32,205.46,69.2,195.18,,,,,,,,,,,,
609.1,24.14,,,73.33,205.49,69.21,195.2,,,,,,,,,,,,
609.7,24.1,,,73.34,205.51,69.23,195.25,,,,,,,,,,,,
609.8,24.1,,,73.36,205.56,69.25,195.3,,,,,,,,,,,,
610.1,24.08,,,73.37,205.59,69.26,195.33,,,,,,,,,,,,
611.4,24.01,,,73.38,205.61,69.27,195.35,,,,,,,,,,,,
611.9,23.98,,,73.42,205.71,69.29,195.4,,,,,,,,,,,,
612.3,23.95,,,73.43,205.74,69.31,195.45,,,,,,,,,,,,
612.7,23.93,,,73.45,205.79,69.35,195.55,,,,,,,,,,,,
612.8,23.93,,,73.46,205.81,69.36,195.57,,,,,,,,,,,,
613.4,23.89,,,73.48,205.86,69.37,195.6,,,,,,,,,,,,
615.9,23.75,,,73.49,205.89,69.41,195.7,,,,,,,,,,,,
616,23.75,,,73.51,205.94,69.42,195.72,,,,,,,,,,,,
616.1,23.74,,,73.52,205.96,69.43,195.75,,,,,,,,,,,,
616.7,23.71,,,73.53,205.99,69.46,195.82,,,,,,,,,,,,
616.8,23.7,,,73.54,206.01,69.47,195.85,,,,,,,,,,,,
617.1,23.69,,,73.55,206.04,69.48,195.87,,,,,,,,,,,,
618.5,23.61,,,73.56,206.06,69.5,195.92,,,,,,,,,,,,
619.2,23.57,,,73.58,206.11,69.51,195.95,,,,,,,,,,,,
619.8,23.54,,,73.59,206.14,69.53,196,,,,,,,,,,,,
620.1,23.52,,,73.6,206.16,69.54,196.02,,,,,,,,,,,,
620.2,23.52,,,73.61,206.19,69.55,196.05,,,,,,,,,,,,
620.9,23.48,,,73.63,206.24,69.57,196.1,,,,,,,,,,,,
621.2,23.46,,,73.64,206.26,69.59,196.15,,,,,,,,,,,,
622.1,23.42,,,73.66,206.31,69.61,196.2,,,,,,,,,,,,
622.5,23.39,,,73.67,206.34,69.64,196.27,,,,,,,,,,,,
623.6,23.34,,,73.68,206.36,69.66,196.32,,,,,,,,,,,,
624.3,23.3,,,73.69,206.39,69.67,196.35,,,,,,,,,,,,
624.6,23.28,,,73.7,206.41,69.68,196.37,,,,,,,,,,,,
625.8,23.22,,,73.72,206.46,69.7,196.42,,,,,,,,,,,,
627.1,23.15,,,73.73,206.49,69.72,196.47,,,,,,,,,,,,
627.5,23.13,,,73.76,206.56,69.73,196.5,,,,,,,,,,,,
627.6,23.12,,,73.77,206.59,69.75,196.55,,,,,,,,,,,,
628.3,23.09,,,73.78,206.61,69.76,196.57,,,,,,,,,,,,
628.5,23.07,,,73.79,206.64,69.8,196.67,,,,,,,,,,,,
629.2,23.04,,,73.8,206.66,69.81,196.7,,,,,,,,,,,,
630.7,22.96,,,73.82,206.71,69.84,196.77,,,,,,,,,,,,
631.6,22.91,,,73.84,206.76,69.86,196.82,,,,,,,,,,,,
631.8,22.9,,,73.86,206.81,69.91,196.95,,,,,,,,,,,,
632.3,22.88,,,73.87,206.84,69.92,196.97,,,,,,,,,,,,
632.4,22.87,,,73.88,206.86,69.95,197.05,,,,,,,,,,,,
632.8,22.85,,,73.9,206.91,69.96,197.07,,,,,,,,,,,,
633.8,22.8,,,73.91,206.94,69.97,197.1,,,,,,,,,,,,
634.4,22.77,,,73.92,206.96,69.98,197.12,,,,,,,,,,,,
635.7,22.7,,,73.94,207.01,69.99,197.14,,,,,,,,,,,,
636.2,22.68,,,73.95,207.04,70,197.17,,,,,,,,,,,,
636.4,22.66,,,73.96,207.06,70.01,197.19,,,,,,,,,,,,
636.5,22.66,,,73.98,207.11,70.02,197.22,,,,,,,,,,,,
636.6,22.65,,,73.99,207.14,70.04,197.27,,,,,,,,,,,,
638.1,22.58,,,74,207.16,70.06,197.32,,,,,,,,,,,,
638.4,22.56,,,74.01,207.19,70.07,197.34,,,,,,,,,,,,
639.9,22.49,,,74.02,207.21,70.08,197.37,,,,,,,,,,,,
640,22.48,,,74.04,207.26,70.09,197.39,,,,,,,,,,,,
640.2,22.47,,,74.05,207.29,70.1,197.42,,,,,,,,,,,,
640.6,22.45,,,74.06,207.31,70.11,197.44,,,,,,,,,,,,
641,22.43,,,74.08,207.36,70.13,197.49,,,,,,,,,,,,
641.7,22.4,,,74.11,207.44,70.16,197.57,,,,,,,,,,,,
641.9,22.39,,,74.12,207.46,70.17,197.59,,,,,,,,,,,,
643.7,22.3,,,74.13,207.49,70.18,197.62,,,,,,,,,,,,
644.3,22.27,,,74.14,207.51,70.19,197.64,,,,,,,,,,,,
644.8,22.24,,,74.15,207.54,70.21,197.69,,,,,,,,,,,,
645.8,22.19,,,74.16,207.56,70.22,197.72,,,,,,,,,,,,
646,22.18,,,74.17,207.59,70.24,197.77,,,,,,,,,,,,
647.2,22.12,,,74.18,207.61,70.26,197.82,,,,,,,,,,,,
647.6,22.1,,,74.19,207.64,70.28,197.87,,,,,,,,,,,,
648.1,22.08,,,74.2,207.66,70.3,197.92,,,,,,,,,,,,
648.4,22.07,,,74.21,207.69,70.31,197.94,,,,,,,,,,,,
648.7,22.05,,,74.22,207.71,70.32,197.97,,,,,,,,,,,,
649.1,22.03,,,74.25,207.79,70.34,198.02,,,,,,,,,,,,
649.7,22,,,74.26,207.81,70.35,198.04,,,,,,,,,,,,
651.6,21.91,,,74.27,207.84,70.38,198.12,,,,,,,,,,,,
651.9,21.9,,,74.29,207.89,70.39,198.14,,,,,,,,,,,,
652.6,21.86,,,74.3,207.91,70.4,198.17,,,,,,,,,,,,
653.2,21.83,,,74.32,207.96,70.42,198.22,,,,,,,,,,,,
653.3,21.83,,,74.34,208.01,70.45,198.29,,,,,,,,,,,,
653.7,21.81,,,74.35,208.04,70.46,198.32,,,,,,,,,,,,
653.8,21.8,,,74.36,208.06,70.47,198.34,,,,,,,,,,,,
655.5,21.72,,,74.37,208.09,70.49,198.39,,,,,,,,,,,,
655.6,21.72,,,74.38,208.11,70.51,198.44,,,,,,,,,,,,
656.9,21.66,,,74.39,208.14,70.52,198.47,,,,,,,,,,,,
657.7,21.62,,,74.43,208.24,70.53,198.49,,,,,,,,,,,,
657.9,21.61,,,74.44,208.26,70.55,198.54,,,,,,,,,,,,
658,21.6,,,74.46,208.31,70.56,198.57,,,,,,,,,,,,
659.7,21.52,,,74.47,208.34,70.58,198.62,,,,,,,,,,,,
661.1,21.46,,,74.48,208.36,70.59,198.64,,,,,,,,,,,,
661.3,21.45,,,74.49,208.39,70.61,198.69,,,,,,,,,,,,
662.1,21.41,,,74.51,208.44,70.62,198.72,,,,,,,,,,,,
662.6,21.39,,,74.52,208.46,70.63,198.74,,,,,,,,,,,,
662.7,21.38,,,74.53,208.49,70.64,198.77,,,,,,,,,,,,
664,21.32,,,74.56,208.56,70.67,198.84,,,,,,,,,,,,
665.1,21.27,,,74.57,208.59,70.68,198.87,,,,,,,,,,,,
665.7,21.25,,,74.58,208.61,70.69,198.89,,,,,,,,,,,,
666.4,21.21,,,74.59,208.64,70.7,198.92,,,,,,,,,,,,
666.6,21.2,,,74.6,208.66,70.73,198.99,,,,,,,,,,,,
666.8,21.2,,,74.61,208.69,70.75,199.04,,,,,,,,,,,,
667.6,21.16,,,74.62,208.71,70.76,199.07,,,,,,,,,,,,
668,21.14,,,74.63,208.74,70.78,199.12,,,,,,,,,,,,
668.3,21.13,,,74.64,208.76,70.79,199.14,,,,,,,,,,,,
670.3,21.04,,,74.66,208.81,70.81,199.19,,,,,,,,,,,,
670.8,21.01,,,74.67,208.84,70.82,199.21,,,,,,,,,,,,
671.3,20.99,,,74.68,208.86,70.83,199.24,,,,,,,,,,,,
672.7,20.93,,,74.69,208.89,70.84,199.26,,,,,,,,,,,,
673.4,20.9,,,74.7,208.92,70.86,199.31,,,,,,,,,,,,
674.9,20.83,,,74.71,208.94,70.87,199.34,,,,,,,,,,,,
675.1,20.82,,,74.72,208.97,70.88,199.36,,,,,,,,,,,,
675.3,20.81,,,74.73,208.99,70.92,199.46,,,,,,,,,,,,
675.8,20.79,,,74.76,209.07,70.93,199.49,,,,,,,,,,,,
675.9,20.79,,,74.77,209.09,70.94,199.51,,,,,,,,,,,,
677.3,20.72,,,74.78,209.12,70.96,199.56,,,,,,,,,,,,
677.8,20.7,,,74.79,209.14,70.97,199.59,,,,,,,,,,,,
678.3,20.68,,,74.81,209.19,70.99,199.64,,,,,,,,,,,,
678.6,20.67,,,74.83,209.24,71.01,199.69,,,,,,,,,,,,
679.7,20.62,,,74.85,209.29,71.03,199.74,,,,,,,,,,,,
679.9,20.61,,,74.86,209.32,71.04,199.76,,,,,,,,,,,,
680.3,20.59,,,74.87,209.34,71.05,199.79,,,,,,,,,,,,
680.6,20.58,,,74.89,209.39,71.06,199.81,,,,,,,,,,,,
682,20.52,,,74.9,209.42,71.08,199.86,,,,,,,,,,,,
683.2,20.47,,,74.91,209.44,71.09,199.89,,,,,,,,,,,,
684.5,20.41,,,74.93,209.49,71.1,199.91,,,,,,,,,,,,
684.6,20.41,,,74.94,209.52,71.14,200.01,,,,,,,,,,,,
684.8,20.4,,,74.95,209.54,71.15,200.04,,,,,,,,,,,,
685.4,20.37,,,74.96,209.57,71.16,200.06,,,,,,,,,,,,
686.8,20.31,,,74.97,209.59,71.19,200.14,,,,,,,,,,,,
688.7,20.23,,,74.98,209.62,71.2,200.16,,,,,,,,,,,,
688.8,20.23,,,74.99,209.64,71.21,200.19,,,,,,,,,,,,
689.4,20.2,,,75.01,209.69,71.23,200.24,,,,,,,,,,,,
689.6,20.19,,,75.02,209.72,71.24,200.26,,,,,,,,,,,,
690.4,20.16,,,75.03,209.74,71.25,200.29,,,,,,,,,,,,
691,20.14,,,75.04,209.77,71.27,200.34,,,,,,,,,,,,
691.8,20.1,,,75.05,209.79,71.28,200.36,,,,,,,,,,,,
694.3,20,,,75.06,209.82,71.3,200.41,,,,,,,,,,,,
694.7,19.98,,,75.08,209.87,71.32,200.46,,,,,,,,,,,,
695.3,19.96,,,75.09,209.89,71.33,200.49,,,,,,,,,,,,
695.4,19.95,,,75.1,209.92,71.35,200.54,,,,,,,,,,,,
696,19.93,,,75.12,209.97,71.37,200.59,,,,,,,,,,,,
696.8,19.89,,,75.13,209.99,71.38,200.61,,,,,,,,,,,,
699.2,19.8,,,75.14,210.02,71.4,200.66,,,,,,,,,,,,
699.4,19.79,,,75.16,210.07,71.42,200.71,,,,,,,,,,,,
700,19.76,,,75.17,210.09,71.43,200.74,,,,,,,,,,,,
700.2,19.76,,,75.18,210.12,71.44,200.76,,,,,,,,,,,,
700.4,19.75,,,75.19,210.14,71.45,200.79,,,,,,,,,,,,
702.1,19.68,,,75.21,210.19,71.46,200.81,,,,,,,,,,,,
704.5,19.58,,,75.22,210.22,71.49,200.89,,,,,,,,,,,,
705.4,19.55,,,75.23,210.24,71.5,200.91,,,,,,,,,,,,
705.5,19.54,,,75.24,210.27,71.52,200.96,,,,,,,,,,,,
706.1,19.52,,,75.26,210.32,71.53,200.99,,,,,,,,,,,,
706.3,19.51,,,75.27,210.34,71.54,201.01,,,,,,,,,,,,
706.8,19.49,,,75.29,210.39,71.55,201.04,,,,,,,,,,,,
707.5,19.46,,,75.3,210.42,71.56,201.06,,,,,,,,,,,,
707.6,19.46,,,75.31,210.44,71.57,201.09,,,,,,,,,,,,
708.7,19.42,,,75.32,210.47,71.59,201.14,,,,,,,,,,,,
709.8,19.37,,,75.34,210.52,71.6,201.16,,,,,,,,,,,,
710.2,19.36,,,75.35,210.54,71.61,201.19,,,,,,,,,,,,
710.8,19.33,,,75.36,210.57,71.64,201.26,,,,,,,,,,,,
711,19.33,,,75.37,210.59,71.65,201.29,,,,,,,,,,,,
712.4,19.27,,,75.38,210.62,71.66,201.31,,,,,,,,,,,,
713,19.25,,,75.39,210.64,71.67,201.34,,,,,,,,,,,,
715.3,19.16,,,75.4,210.67,71.68,201.36,,,,,,,,,,,,
716.2,19.12,,,75.41,210.69,71.71,201.44,,,,,,,,,,,,
716.7,19.1,,,75.42,210.72,71.72,201.46,,,,,,,,,,,,
717.5,19.07,,,75.43,210.74,71.75,201.54,,,,,,,,,,,,
718.7,19.03,,,75.44,210.77,71.76,201.56,,,,,,,,,,,,
719.4,19,,,75.45,210.79,71.77,201.59,,,,,,,,,,,,
720.9,18.95,,,75.46,210.82,71.78,201.61,,,,,,,,,,,,
721.1,18.94,,,75.49,210.89,71.81,201.69,,,,,,,,,,,,
721.6,18.92,,,75.51,210.94,71.82,201.71,,,,,,,,,,,,
722.5,18.88,,,75.53,211,71.85,201.79,,,,,,,,,,,,
723.4,18.85,,,75.54,211.02,71.86,201.81,,,,,,,,,,,,
723.6,18.84,,,75.55,211.05,71.87,201.84,,,,,,,,,,,,
724.5,18.81,,,75.58,211.12,71.9,201.91,,,,,,,,,,,,
725.2,18.78,,,75.59,211.15,71.91,201.94,,,,,,,,,,,,
726.7,18.73,,,75.6,211.17,71.92,201.96,,,,,,,,,,,,
727.2,18.71,,,75.61,211.2,71.94,202.01,,,,,,,,,,,,
728.5,18.66,,,75.63,211.25,71.95,202.04,,,,,,,,,,,,
728.6,18.66,,,75.64,211.27,71.96,202.06,,,,,,,,,,,,
730.6,18.58,,,75.67,211.35,71.98,202.11,,,,,,,,,,,,
731.3,18.56,,,75.68,211.37,71.99,202.14,,,,,,,,,,,,
732,18.53,,,75.69,211.4,72,202.16,,,,,,,,,,,,
732.1,18.53,,,75.7,211.42,72.01,202.19,,,,,,,,,,,,
732.7,18.51,,,75.71,211.45,72.02,202.21,,,,,,,,,,,,
732.9,18.5,,,75.72,211.47,72.03,202.24,,,,,,,,,,,,
734.8,18.43,,,75.73,211.5,72.05,202.29,,,,,,,,,,,,
736.7,18.36,,,75.74,211.52,72.06,202.31,,,,,,,,,,,,
738.7,18.29,,,75.75,211.55,72.07,202.34,,,,,,,,,,,,
738.8,18.29,,,75.76,211.57,72.08,202.36,,,,,,,,,,,,
739,18.28,,,75.77,211.6,72.09,202.39,,,,,,,,,,,,
740.1,18.24,,,75.79,211.65,72.1,202.41,,,,,,,,,,,,
740.9,18.21,,,75.8,211.67,72.11,202.44,,,,,,,,,,,,
741.2,18.2,,,75.81,211.7,72.13,202.49,,,,,,,,,,,,
743.1,18.14,,,75.82,211.72,72.15,202.54,,,,,,,,,,,,
743.4,18.13,,,75.83,211.75,72.16,202.56,,,,,,,,,,,,
743.6,18.12,,,75.84,211.77,72.19,202.64,,,,,,,,,,,,
744.8,18.08,,,75.85,211.8,72.21,202.69,,,,,,,,,,,,
745,18.07,,,75.87,211.85,72.22,202.71,,,,,,,,,,,,
746.3,18.03,,,75.89,211.9,72.23,202.74,,,,,,,,,,,,
747.8,17.97,,,75.9,211.92,72.24,202.76,,,,,,,,,,,,
749.7,17.91,,,75.91,211.95,72.25,202.79,,,,,,,,,,,,
750.4,17.88,,,75.92,211.97,72.26,202.81,,,,,,,,,,,,
751,17.86,,,75.93,212,72.27,202.84,,,,,,,,,,,,
751.2,17.86,,,75.94,212.02,72.29,202.89,,,,,,,,,,,,
751.5,17.85,,,75.96,212.07,72.31,202.94,,,,,,,,,,,,
753.7,17.77,,,75.97,212.1,72.34,203.01,,,,,,,,,,,,
754.5,17.74,,,75.98,212.12,72.35,203.04,,,,,,,,,,,,
754.8,17.73,,,75.99,212.15,72.36,203.06,,,,,,,,,,,,
756,17.69,,,76,212.17,72.37,203.09,,,,,,,,,,,,
756.5,17.68,,,76.01,212.2,72.39,203.14,,,,,,,,,,,,
757.4,17.65,,,76.02,212.22,72.4,203.16,,,,,,,,,,,,
758.2,17.62,,,76.03,212.25,72.41,203.19,,,,,,,,,,,,
759,17.59,,,76.06,212.32,72.43,203.24,,,,,,,,,,,,
761.4,17.51,,,76.07,212.35,72.44,203.26,,,,,,,,,,,,
761.6,17.51,,,76.08,212.37,72.45,203.29,,,,,,,,,,,,
763,17.46,,,76.09,212.4,72.46,203.31,,,,,,,,,,,,
763.6,17.44,,,76.1,212.42,72.47,203.34,,,,,,,,,,,,
763.9,17.43,,,76.11,212.45,72.5,203.41,,,,,,,,,,,,
765.1,17.39,,,76.12,212.47,72.51,203.44,,,,,,,,,,,,
765.8,17.37,,,76.14,212.52,72.52,203.46,,,,,,,,,,,,
768.4,17.29,,,76.15,212.55,72.53,203.49,,,,,,,,,,,,
768.7,17.28,,,76.16,212.57,72.54,203.51,,,,,,,,,,,,
769.4,17.25,,,76.18,212.63,72.55,203.54,,,,,,,,,,,,
770.6,17.22,,,76.19,212.65,72.58,203.61,,,,,,,,,,,,
770.8,17.21,,,76.2,212.68,72.59,203.64,,,,,,,,,,,,
770.9,17.21,,,76.21,212.7,72.6,203.66,,,,,,,,,,,,
772.2,17.16,,,76.22,212.73,72.62,203.71,,,,,,,,,,,,
774.7,17.08,,,76.24,212.78,72.63,203.74,,,,,,,,,,,,
776.2,17.04,,,76.25,212.8,72.64,203.76,,,,,,,,,,,,
777.5,17,,,76.26,212.83,72.65,203.79,,,,,,,,,,,,
777.6,16.99,,,76.28,212.88,72.67,203.84,,,,,,,,,,,,
777.8,16.99,,,76.3,212.93,72.68,203.86,,,,,,,,,,,,
778.3,16.97,,,76.31,212.95,72.7,203.91,,,,,,,,,,,,
779.6,16.93,,,76.32,212.98,72.71,203.94,,,,,,,,,,,,
781.5,16.87,,,76.33,213,72.74,204.01,,,,,,,,,,,,
783.9,16.8,,,76.34,213.03,72.75,204.04,,,,,,,,,,,,
784.6,16.78,,,76.37,213.1,72.78,204.11,,,,,,,,,,,,
786,16.73,,,76.4,213.18,72.79,204.14,,,,,,,,,,,,
786.1,16.73,,,76.41,213.2,72.8,204.16,,,,,,,,,,,,
786.4,16.72,,,76.42,213.23,72.81,204.19,,,,,,,,,,,,
787,16.7,,,76.43,213.25,72.82,204.21,,,,,,,,,,,,
787.1,16.7,,,76.45,213.3,72.84,204.26,,,,,,,,,,,,
787.4,16.69,,,76.46,213.33,72.86,204.31,,,,,,,,,,,,
789.7,16.62,,,76.49,213.4,72.88,204.36,,,,,,,,,,,,
791.8,16.56,,,76.5,213.43,72.89,204.39,,,,,,,,,,,,
791.9,16.56,,,76.52,213.48,72.9,204.41,,,,,,,,,,,,
793.9,16.5,,,76.53,213.5,72.91,204.44,,,,,,,,,,,,
794.1,16.49,,,76.54,213.53,72.94,204.51,,,,,,,,,,,,
794.9,16.47,,,76.56,213.58,72.96,204.56,,,,,,,,,,,,
795,16.46,,,76.57,213.6,72.97,204.59,,,,,,,,,,,,
796.6,16.42,,,76.59,213.65,72.98,204.61,,,,,,,,,,,,
798.6,16.36,,,76.6,213.68,72.99,204.64,,,,,,,,,,,,
799.5,16.33,,,76.61,213.7,73,204.66,,,,,,,,,,,,
800,16.32,,,76.62,213.73,73.01,204.69,,,,,,,,,,,,
801.7,16.27,,,76.63,213.75,73.03,204.74,,,,,,,,,,,,
802.3,16.25,,,76.64,213.78,73.04,204.76,,,,,,,,,,,,
803,16.23,,,76.65,213.8,73.05,204.79,,,,,,,,,,,,
804.1,16.2,,,76.67,213.85,73.06,204.81,,,,,,,,,,,,
804.6,16.18,,,76.68,213.88,73.07,204.84,,,,,,,,,,,,
807.3,16.11,,,76.71,213.95,73.08,204.86,,,,,,,,,,,,
808.6,16.07,,,76.72,213.98,73.09,204.89,,,,,,,,,,,,
810.7,16.01,,,76.74,214.03,73.11,204.94,,,,,,,,,,,,
810.8,16.01,,,76.75,214.06,73.12,204.96,,,,,,,,,,,,
811.4,15.99,,,76.76,214.08,73.13,204.99,,,,,,,,,,,,
811.9,15.98,,,76.77,214.11,73.16,205.06,,,,,,,,,,,,
813.4,15.94,,,76.79,214.16,73.17,205.09,,,,,,,,,,,,
813.5,15.93,,,76.8,214.18,73.18,205.11,,,,,,,,,,,,
815.3,15.88,,,76.81,214.21,73.2,205.16,,,,,,,,,,,,
816.2,15.86,,,76.83,214.26,73.21,205.19,,,,,,,,,,,,
817.4,15.82,,,76.84,214.28,73.22,205.21,,,,,,,,,,,,
819.5,15.77,,,76.86,214.33,73.23,205.24,,,,,,,,,,,,
820.1,15.75,,,76.88,214.38,73.25,205.29,,,,,,,,,,,,
820.4,15.74,,,76.89,214.41,73.26,205.31,,,,,,,,,,,,
821.4,15.71,,,76.9,214.43,73.27,205.34,,,,,,,,,,,,
823.3,15.66,,,76.91,214.46,73.3,205.41,,,,,,,,,,,,
823.6,15.66,,,76.92,214.48,73.31,205.44,,,,,,,,,,,,
825.7,15.6,,,76.93,214.51,73.32,205.46,,,,,,,,,,,,
826.4,15.58,,,76.94,214.53,73.33,205.49,,,,,,,,,,,,
828.6,15.52,,,76.95,214.56,73.35,205.54,,,,,,,,,,,,
829,15.51,,,76.96,214.58,73.36,205.56,,,,,,,,,,,,
831.8,15.44,,,76.97,214.61,73.38,205.61,,,,,,,,,,,,
832.1,15.43,,,76.98,214.63,73.41,205.69,,,,,,,,,,,,
833.4,15.39,,,76.99,214.66,73.42,205.71,,,,,,,,,,,,
834,15.38,,,77,214.68,73.43,205.74,,,,,,,,,,,,
835.8,15.33,,,77.01,214.71,73.45,205.79,,,,,,,,,,,,
836.1,15.32,,,77.02,214.73,73.46,205.81,,,,,,,,,,,,
836.7,15.31,,,77.03,214.76,73.49,205.89,,,,,,,,,,,,
838,15.27,,,77.05,214.81,73.5,205.91,,,,,,,,,,,,
838.1,15.27,,,77.07,214.86,73.51,205.94,,,,,,,,,,,,
838.2,15.27,,,77.08,214.88,73.53,205.99,,,,,,,,,,,,
838.6,15.26,,,77.09,214.91,73.54,206.01,,,,,,,,,,,,
840.9,15.2,,,77.1,214.93,73.55,206.04,,,,,,,,,,,,
843.8,15.13,,,77.11,214.96,73.56,206.06,,,,,,,,,,,,
845.4,15.09,,,77.12,214.98,73.58,206.11,,,,,,,,,,,,
847.8,15.02,,,77.14,215.03,73.59,206.14,,,,,,,,,,,,
847.9,15.02,,,77.15,215.06,73.6,206.16,,,,,,,,,,,,
848.4,15.01,,,77.16,215.08,73.64,206.26,,,,,,,,,,,,
848.5,15.01,,,77.17,215.11,73.65,206.29,,,,,,,,,,,,
849.1,14.99,,,77.18,215.13,73.67,206.34,,,,,,,,,,,,
850,14.97,,,77.19,215.16,73.68,206.36,,,,,,,,,,,,
851.8,14.92,,,77.2,215.19,73.69,206.39,,,,,,,,,,,,
854.4,14.86,,,77.22,215.24,73.7,206.41,,,,,,,,,,,,
854.7,14.85,,,77.23,215.26,73.71,206.44,,,,,,,,,,,,
855.4,14.84,,,77.24,215.29,73.72,206.46,,,,,,,,,,,,
856.9,14.8,,,77.26,215.34,73.73,206.49,,,,,,,,,,,,
857.8,14.78,,,77.27,215.36,73.74,206.51,,,,,,,,,,,,
857.9,14.77,,,77.28,215.39,73.75,206.54,,,,,,,,,,,,
859.4,14.74,,,77.29,215.41,73.77,206.59,,,,,,,,,,,,
861.5,14.69,,,77.3,215.44,73.78,206.61,,,,,,,,,,,,
861.6,14.69,,,77.31,215.46,73.79,206.64,,,,,,,,,,,,
864.6,14.61,,,77.32,215.49,73.8,206.66,,,,,,,,,,,,
864.7,14.61,,,77.33,215.51,73.82,206.71,,,,,,,,,,,,
865.5,14.59,,,77.34,215.54,73.83,206.74,,,,,,,,,,,,
865.8,14.58,,,77.35,215.56,73.85,206.79,,,,,,,,,,,,
868.1,14.53,,,77.37,215.61,73.87,206.84,,,,,,,,,,,,
868.2,14.53,,,77.38,215.64,73.88,206.86,,,,,,,,,,,,
869.1,14.51,,,77.39,215.66,73.89,206.89,,,,,,,,,,,,
871.3,14.46,,,77.4,215.69,73.91,206.94,,,,,,,,,,,,
875.2,14.36,,,77.41,215.71,73.92,206.96,,,,,,,,,,,,
876.3,14.34,,,77.42,215.74,73.93,206.99,,,,,,,,,,,,
876.4,14.34,,,77.43,215.76,73.94,207.01,,,,,,,,,,,,
877.1,14.32,,,77.45,215.81,73.95,207.04,,,,,,,,,,,,
877.5,14.31,,,77.46,215.84,73.96,207.06,,,,,,,,,,,,
877.8,14.3,,,77.47,215.86,73.99,207.14,,,,,,,,,,,,
878.8,14.28,,,77.48,215.89,74,207.16,,,,,,,,,,,,
879,14.28,,,77.49,215.91,74.01,207.19,,,,,,,,,,,,
879.1,14.27,,,77.5,215.94,74.02,207.21,,,,,,,,,,,,
887.5,14.08,,,77.51,215.96,74.03,207.24,,,,,,,,,,,,
888.7,14.06,,,77.52,215.99,74.04,207.26,,,,,,,,,,,,
889.2,14.05,,,77.53,216.01,74.05,207.29,,,,,,,,,,,,
889.3,14.04,,,77.55,216.06,74.06,207.31,,,,,,,,,,,,
889.8,14.03,,,77.56,216.09,74.07,207.34,,,,,,,,,,,,
889.9,14.03,,,77.57,216.11,74.09,207.39,,,,,,,,,,,,
890.1,14.03,,,77.58,216.14,74.1,207.41,,,,,,,,,,,,
891,14.01,,,77.59,216.16,74.13,207.49,,,,,,,,,,,,
892.9,13.96,,,77.6,216.19,74.14,207.51,,,,,,,,,,,,
898.7,13.84,,,77.61,216.21,74.15,207.54,,,,,,,,,,,,
898.8,13.84,,,77.63,216.27,74.17,207.59,,,,,,,,,,,,
899,13.83,,,77.64,216.29,74.18,207.61,,,,,,,,,,,,
900.9,13.79,,,77.67,216.37,74.19,207.64,,,,,,,,,,,,
901.3,13.78,,,77.69,216.42,74.2,207.66,,,,,,,,,,,,
901.9,13.77,,,77.7,216.44,74.22,207.71,,,,,,,,,,,,
903,13.75,,,77.71,216.47,74.23,207.74,,,,,,,,,,,,
903.3,13.74,,,77.72,216.49,74.24,207.76,,,,,,,,,,,,
905,13.7,,,77.73,216.52,74.25,207.79,,,,,,,,,,,,
906.7,13.67,,,77.74,216.54,74.27,207.84,,,,,,,,,,,,
910.6,13.59,,,77.76,216.59,74.28,207.86,,,,,,,,,,,,
910.9,13.58,,,77.77,216.62,74.29,207.89,,,,,,,,,,,,
912.7,13.54,,,77.79,216.67,74.31,207.94,,,,,,,,,,,,
913.2,13.53,,,77.8,216.69,74.32,207.96,,,,,,,,,,,,
915,13.49,,,77.82,216.74,74.34,208.01,,,,,,,,,,,,
916.4,13.47,,,77.83,216.77,74.36,208.06,,,,,,,,,,,,
917.2,13.45,,,77.84,216.79,74.37,208.09,,,,,,,,,,,,
920.3,13.39,,,77.85,216.82,74.4,208.16,,,,,,,,,,,,
921.6,13.36,,,77.87,216.87,74.41,208.19,,,,,,,,,,,,
922.1,13.35,,,77.88,216.89,74.42,208.21,,,,,,,,,,,,
922.5,13.34,,,77.91,216.97,74.44,208.26,,,,,,,,,,,,
924.3,13.3,,,77.93,217.02,74.45,208.29,,,,,,,,,,,,
924.6,13.3,,,77.94,217.04,74.47,208.34,,,,,,,,,,,,
925.4,13.28,,,77.96,217.09,74.48,208.36,,,,,,,,,,,,
928.4,13.22,,,77.97,217.12,74.5,208.41,,,,,,,,,,,,
929.7,13.2,,,77.98,217.14,74.51,208.44,,,,,,,,,,,,
931.4,13.16,,,77.99,217.17,74.53,208.49,,,,,,,,,,,,
933.7,13.12,,,78,217.19,74.54,208.51,,,,,,,,,,,,
934,13.11,,,78.01,217.22,74.55,208.54,,,,,,,,,,,,
934.1,13.11,,,78.02,217.25,74.56,208.56,,,,,,,,,,,,
934.9,13.1,,,78.03,217.27,74.57,208.59,,,,,,,,,,,,
936.8,13.06,,,78.05,217.32,74.58,208.61,,,,,,,,,,,,
938,13.03,,,78.06,217.35,74.59,208.64,,,,,,,,,,,,
940.9,12.98,,,78.07,217.37,74.61,208.69,,,,,,,,,,,,
942.2,12.95,,,78.08,217.4,74.63,208.74,,,,,,,,,,,,
943.8,12.92,,,78.09,217.42,74.64,208.76,,,,,,,,,,,,
945.1,12.9,,,78.11,217.47,74.65,208.79,,,,,,,,,,,,
945.7,12.89,,,78.13,217.52,74.67,208.84,,,,,,,,,,,,
946.9,12.87,,,78.14,217.55,74.68,208.86,,,,,,,,,,,,
947.7,12.85,,,78.15,217.57,74.7,208.92,,,,,,,,,,,,
948,12.84,,,78.17,217.62,74.71,208.94,,,,,,,,,,,,
949.4,12.82,,,78.18,217.65,74.73,208.99,,,,,,,,,,,,
951,12.79,,,78.2,217.7,74.75,209.04,,,,,,,,,,,,
951.2,12.78,,,78.21,217.72,74.76,209.07,,,,,,,,,,,,
956.4,12.69,,,78.22,217.75,74.78,209.12,,,,,,,,,,,,
957.9,12.66,,,78.23,217.77,74.79,209.14,,,,,,,,,,,,
958.7,12.65,,,78.25,217.82,74.82,209.22,,,,,,,,,,,,
959.6,12.63,,,78.26,217.85,74.84,209.27,,,,,,,,,,,,
960.7,12.61,,,78.27,217.87,74.85,209.29,,,,,,,,,,,,
961,12.6,,,78.28,217.9,74.86,209.32,,,,,,,,,,,,
962.2,12.58,,,78.29,217.92,74.88,209.37,,,,,,,,,,,,
962.4,12.58,,,78.31,217.97,74.89,209.39,,,,,,,,,,,,
964.4,12.54,,,78.32,218,74.9,209.42,,,,,,,,,,,,
966,12.51,,,78.33,218.02,74.91,209.44,,,,,,,,,,,,
966.9,12.5,,,78.34,218.05,74.92,209.47,,,,,,,,,,,,
970.6,12.43,,,78.35,218.07,74.93,209.49,,,,,,,,,,,,
971.2,12.42,,,78.36,218.1,74.95,209.54,,,,,,,,,,,,
972,12.41,,,78.37,218.12,74.96,209.57,,,,,,,,,,,,
974.2,12.37,,,78.38,218.15,74.97,209.59,,,,,,,,,,,,
975.6,12.34,,,78.39,218.17,74.98,209.62,,,,,,,,,,,,
976.3,12.33,,,78.4,218.2,74.99,209.64,,,,,,,,,,,,
976.5,12.33,,,78.42,218.25,75.01,209.69,,,,,,,,,,,,
978.1,12.3,,,78.43,218.28,75.02,209.72,,,,,,,,,,,,
978.5,12.29,,,78.44,218.3,75.03,209.74,,,,,,,,,,,,
981.9,12.24,,,78.45,218.33,75.04,209.77,,,,,,,,,,,,
983.5,12.21,,,78.46,218.35,75.05,209.79,,,,,,,,,,,,
986.5,12.16,,,78.48,218.4,75.06,209.82,,,,,,,,,,,,
988,12.13,,,78.49,218.43,75.07,209.84,,,,,,,,,,,,
988.4,12.13,,,78.5,218.45,75.08,209.87,,,,,,,,,,,,
989.1,12.11,,,78.51,218.48,75.1,209.92,,,,,,,,,,,,
991,12.08,,,78.52,218.5,75.11,209.94,,,,,,,,,,,,
992,12.06,,,78.54,218.55,75.12,209.97,,,,,,,,,,,,
993.3,12.04,,,78.55,218.58,75.13,209.99,,,,,,,,,,,,
995.9,12,,,78.56,218.6,75.14,210.02,,,,,,,,,,,,
996.5,11.99,,,78.57,218.63,75.15,210.04,,,,,,,,,,,,
996.8,11.99,,,78.58,218.65,75.16,210.07,,,,,,,,,,,,
1000.5,11.92,,,78.59,218.68,75.18,210.12,,,,,,,,,,,,
1002.1,11.9,,,78.6,218.7,75.2,210.17,,,,,,,,,,,,
1002.8,11.89,,,78.61,218.73,75.21,210.19,,,,,,,,,,,,
1005.8,11.84,,,78.62,218.75,75.22,210.22,,,,,,,,,,,,
1006.2,11.83,,,78.63,218.78,75.23,210.24,,,,,,,,,,,,
1010.1,11.77,,,78.64,218.8,75.24,210.27,,,,,,,,,,,,
1010.5,11.76,,,78.65,218.83,75.25,210.29,,,,,,,,,,,,
1011.4,11.75,,,78.66,218.85,75.27,210.34,,,,,,,,,,,,
1012.2,11.74,,,78.67,218.88,75.28,210.37,,,,,,,,,,,,
1014,11.71,,,78.68,218.9,75.29,210.39,,,,,,,,,,,,
1015.3,11.69,,,78.69,218.93,75.31,210.44,,,,,,,,,,,,
1016.6,11.67,,,78.7,218.95,75.32,210.47,,,,,,,,,,,,
1017.1,11.66,,,78.71,218.98,75.33,210.49,,,,,,,,,,,,
1017.9,11.65,,,78.72,219,75.34,210.52,,,,,,,,,,,,
1020.6,11.61,,,78.75,219.08,75.35,210.54,,,,,,,,,,,,
1020.7,11.6,,,78.76,219.11,75.37,210.59,,,,,,,,,,,,
1024.5,11.54,,,78.77,219.13,75.38,210.62,,,,,,,,,,,,
1026.6,11.51,,,78.78,219.16,75.39,210.64,,,,,,,,,,,,
1026.8,11.51,,,78.79,219.18,75.4,210.67,,,,,,,,,,,,
1029.8,11.46,,,78.8,219.21,75.41,210.69,,,,,,,,,,,,
1031.4,11.44,,,78.81,219.23,75.43,210.74,,,,,,,,,,,,
1031.6,11.44,,,78.82,219.26,75.44,210.77,,,,,,,,,,,,
1032.4,11.43,,,78.84,219.31,75.45,210.79,,,,,,,,,,,,
1033.6,11.41,,,78.85,219.33,75.46,210.82,,,,,,,,,,,,
1035.1,11.38,,,78.86,219.36,75.47,210.84,,,,,,,,,,,,
1035.9,11.37,,,78.87,219.38,75.48,210.87,,,,,,,,,,,,
1036.3,11.37,,,78.88,219.41,75.51,210.94,,,,,,,,,,,,
1038.8,11.33,,,78.89,219.43,75.52,210.97,,,,,,,,,,,,
1040.7,11.3,,,78.9,219.46,75.53,211,,,,,,,,,,,,
1046.3,11.22,,,78.91,219.48,75.54,211.02,,,,,,,,,,,,
1046.5,11.22,,,78.92,219.51,75.55,211.05,,,,,,,,,,,,
1049.2,11.18,,,78.94,219.56,75.56,211.07,,,,,,,,,,,,
1049.7,11.17,,,78.95,219.58,75.57,211.1,,,,,,,,,,,,
1051.3,11.15,,,78.96,219.61,75.58,211.12,,,,,,,,,,,,
1052.1,11.14,,,78.98,219.66,75.59,211.15,,,,,,,,,,,,
1053.5,11.12,,,78.99,219.68,75.6,211.17,,,,,,,,,,,,
1056,11.08,,,79.01,219.73,75.61,211.2,,,,,,,,,,,,
1058.6,11.04,,,79.02,219.76,75.64,211.27,,,,,,,,,,,,
1061.3,11.01,,,79.03,219.78,75.65,211.3,,,,,,,,,,,,
1062.1,11,,,79.04,219.81,75.66,211.32,,,,,,,,,,,,
1064.2,10.97,,,79.05,219.83,75.67,211.35,,,,,,,,,,,,
1064.4,10.96,,,79.06,219.86,75.68,211.37,,,,,,,,,,,,
1064.9,10.96,,,79.07,219.88,75.69,211.4,,,,,,,,,,,,
1066.9,10.93,,,79.08,219.91,75.7,211.42,,,,,,,,,,,,
1068.5,10.91,,,79.09,219.94,75.73,211.5,,,,,,,,,,,,
1069.4,10.89,,,79.11,219.99,75.74,211.52,,,,,,,,,,,,
1071,10.87,,,79.12,220.01,75.77,211.6,,,,,,,,,,,,
1071.9,10.86,,,79.13,220.04,75.78,211.62,,,,,,,,,,,,
1076.6,10.8,,,79.14,220.06,75.79,211.65,,,,,,,,,,,,
1077.8,10.78,,,79.15,220.09,75.8,211.67,,,,,,,,,,,,
1078.5,10.77,,,79.16,220.11,75.81,211.7,,,,,,,,,,,,
1079.3,10.76,,,79.17,220.14,75.83,211.75,,,,,,,,,,,,
1080.5,10.74,,,79.18,220.16,75.85,211.8,,,,,,,,,,,,
1082.8,10.71,,,79.2,220.21,75.87,211.85,,,,,,,,,,,,
1083.8,10.7,,,79.21,220.24,75.88,211.87,,,,,,,,,,,,
1085.2,10.68,,,79.22,220.26,75.89,211.9,,,,,,,,,,,,
1085.8,10.67,,,79.23,220.29,75.9,211.92,,,,,,,,,,,,
1090.4,10.61,,,79.24,220.31,75.92,211.97,,,,,,,,,,,,
1092,10.59,,,79.25,220.34,75.93,212,,,,,,,,,,,,
1092.2,10.59,,,79.26,220.36,75.95,212.05,,,,,,,,,,,,
1092.7,10.58,,,79.27,220.39,75.96,212.07,,,,,,,,,,,,
1093.8,10.57,,,79.29,220.44,75.97,212.1,,,,,,,,,,,,
1094.4,10.56,,,79.3,220.46,75.98,212.12,,,,,,,,,,,,
1096.3,10.54,,,79.31,220.49,75.99,212.15,,,,,,,,,,,,
1099,10.5,,,79.33,220.54,76,212.17,,,,,,,,,,,,
1099.4,10.5,,,79.34,220.56,76.01,212.2,,,,,,,,,,,,
1102.6,10.46,,,79.36,220.61,76.03,212.25,,,,,,,,,,,,
1106.1,10.41,,,79.37,220.64,76.05,212.3,,,,,,,,,,,,
1106.6,10.41,,,79.38,220.66,76.06,212.32,,,,,,,,,,,,
1107.7,10.39,,,79.39,220.69,76.09,212.4,,,,,,,,,,,,
1110.2,10.36,,,79.4,220.72,76.11,212.45,,,,,,,,,,,,
1111.5,10.35,,,79.41,220.74,76.12,212.47,,,,,,,,,,,,
1112.1,10.34,,,79.43,220.79,76.13,212.5,,,,,,,,,,,,
1115.2,10.3,,,79.45,220.84,76.14,212.52,,,,,,,,,,,,
1115.6,10.3,,,79.46,220.87,76.15,212.55,,,,,,,,,,,,
1117,10.28,,,79.48,220.92,76.18,212.63,,,,,,,,,,,,
1120.1,10.24,,,79.49,220.94,76.2,212.68,,,,,,,,,,,,
1121.2,10.23,,,79.5,220.97,76.21,212.7,,,,,,,,,,,,
1122.9,10.21,,,79.51,220.99,76.22,212.73,,,,,,,,,,,,
1123.5,10.2,,,79.52,221.02,76.23,212.75,,,,,,,,,,,,
1126.7,10.16,,,79.53,221.04,76.24,212.78,,,,,,,,,,,,
1128.1,10.14,,,79.54,221.07,76.25,212.8,,,,,,,,,,,,
1131.3,10.11,,,79.56,221.12,76.26,212.83,,,,,,,,,,,,
1132.7,10.09,,,79.57,221.14,76.27,212.85,,,,,,,,,,,,
1133.3,10.08,,,79.59,221.19,76.3,212.93,,,,,,,,,,,,
1135,10.06,,,79.6,221.22,76.31,212.95,,,,,,,,,,,,
1137.9,10.03,,,79.61,221.24,76.32,212.98,,,,,,,,,,,,
1138.3,10.03,,,79.62,221.27,76.33,213,,,,,,,,,,,,
1139.4,10.01,,,79.64,221.32,76.34,213.03,,,,,,,,,,,,
1140.3,10,,,79.65,221.34,76.35,213.05,,,,,,,,,,,,
1143.6,9.96,,,79.67,221.39,76.36,213.08,,,,,,,,,,,,
1143.9,9.96,,,79.68,221.42,76.37,213.1,,,,,,,,,,,,
1146.2,9.93,,,79.7,221.47,76.38,213.13,,,,,,,,,,,,
1147.7,9.92,,,79.71,221.5,76.39,213.15,,,,,,,,,,,,
1148.3,9.91,,,79.72,221.52,76.4,213.18,,,,,,,,,,,,
1149.8,9.89,,,79.73,221.55,76.41,213.2,,,,,,,,,,,,
1154.2,9.84,,,79.74,221.57,76.42,213.23,,,,,,,,,,,,
1155.1,9.83,,,79.75,221.6,76.43,213.25,,,,,,,,,,,,
1156.1,9.82,,,79.76,221.62,76.44,213.28,,,,,,,,,,,,
1157.8,9.8,,,79.77,221.65,76.45,213.3,,,,,,,,,,,,
1159.5,9.78,,,79.79,221.7,76.47,213.35,,,,,,,,,,,,
1160.4,9.77,,,79.8,221.72,76.48,213.38,,,,,,,,,,,,
1162.1,9.76,,,79.81,221.75,76.49,213.4,,,,,,,,,,,,
1164.1,9.73,,,79.82,221.77,76.51,213.45,,,,,,,,,,,,
1166.5,9.71,,,79.83,221.8,76.52,213.48,,,,,,,,,,,,
1166.9,9.7,,,79.84,221.82,76.53,213.5,,,,,,,,,,,,
1167.1,9.7,,,79.85,221.85,76.54,213.53,,,,,,,,,,,,
1170.3,9.67,,,79.86,221.87,76.55,213.55,,,,,,,,,,,,
1170.5,9.66,,,79.87,221.9,76.56,213.58,,,,,,,,,,,,
1174.4,9.62,,,79.89,221.95,76.57,213.6,,,,,,,,,,,,
1175,9.62,,,79.9,221.97,76.59,213.65,,,,,,,,,,,,
1175.5,9.61,,,79.92,222.02,76.61,213.7,,,,,,,,,,,,
1177,9.6,,,79.93,222.05,76.62,213.73,,,,,,,,,,,,
1180.4,9.56,,,79.94,222.07,76.65,213.8,,,,,,,,,,,,
1180.6,9.56,,,79.95,222.1,76.67,213.85,,,,,,,,,,,,
1184.5,9.52,,,79.96,222.12,76.68,213.88,,,,,,,,,,,,
1185.4,9.51,,,79.97,222.15,76.69,213.9,,,,,,,,,,,,
1185.9,9.5,,,79.98,222.18,76.71,213.95,,,,,,,,,,,,
1187.4,9.49,,,80.01,222.25,76.72,213.98,,,,,,,,,,,,
1190.2,9.46,,,80.03,222.3,76.73,214.01,,,,,,,,,,,,
1193.6,9.42,,,80.04,222.33,76.74,214.03,,,,,,,,,,,,
1194.3,9.41,,,80.05,222.35,76.77,214.11,,,,,,,,,,,,
1195,9.41,,,80.06,222.38,76.78,214.13,,,,,,,,,,,,
1196.6,9.39,,,80.07,222.4,76.8,214.18,,,,,,,,,,,,
1198,9.38,,,80.08,222.43,76.81,214.21,,,,,,,,,,,,
1201.4,9.34,,,80.1,222.48,76.82,214.23,,,,,,,,,,,,
1201.5,9.34,,,80.12,222.53,76.83,214.26,,,,,,,,,,,,
1201.9,9.34,,,80.13,222.55,76.84,214.28,,,,,,,,,,,,
1202.5,9.33,,,80.15,222.6,76.86,214.33,,,,,,,,,,,,
1205.2,9.3,,,80.16,222.63,76.87,214.36,,,,,,,,,,,,
1210.2,9.25,,,80.17,222.65,76.88,214.38,,,,,,,,,,,,
1212.5,9.23,,,80.19,222.7,76.9,214.43,,,,,,,,,,,,
1212.7,9.23,,,80.2,222.73,76.91,214.46,,,,,,,,,,,,
1215.9,9.2,,,80.21,222.75,76.92,214.48,,,,,,,,,,,,
1216.9,9.19,,,80.22,222.78,76.95,214.56,,,,,,,,,,,,
1219,9.17,,,80.23,222.8,76.96,214.58,,,,,,,,,,,,
1219.5,9.16,,,80.25,222.85,76.98,214.63,,,,,,,,,,,,
1220.1,9.16,,,80.26,222.88,76.99,214.66,,,,,,,,,,,,
1226,9.1,,,80.27,222.91,77,214.68,,,,,,,,,,,,
1227.1,9.09,,,80.28,222.93,77.01,214.71,,,,,,,,,,,,
1228.7,9.08,,,80.29,222.96,77.02,214.73,,,,,,,,,,,,
1230.8,9.06,,,80.3,222.98,77.03,214.76,,,,,,,,,,,,
1231.3,9.05,,,80.31,223.01,77.04,214.78,,,,,,,,,,,,
1231.7,9.05,,,80.34,223.08,77.05,214.81,,,,,,,,,,,,
1232.7,9.04,,,80.35,223.11,77.07,214.86,,,,,,,,,,,,
1234.8,9.02,,,80.37,223.16,77.08,214.88,,,,,,,,,,,,
1235.4,9.01,,,80.38,223.18,77.11,214.96,,,,,,,,,,,,
1244.2,8.93,,,80.39,223.21,77.12,214.98,,,,,,,,,,,,
1244.7,8.93,,,80.4,223.23,77.14,215.03,,,,,,,,,,,,
1245.6,8.92,,,80.41,223.26,77.15,215.06,,,,,,,,,,,,
1248.8,8.89,,,80.42,223.28,77.16,215.08,,,,,,,,,,,,
1249.8,8.88,,,80.43,223.31,77.17,215.11,,,,,,,,,,,,
1251.2,8.87,,,80.45,223.36,77.19,215.16,,,,,,,,,,,,
1251.7,8.86,,,80.46,223.38,77.2,215.19,,,,,,,,,,,,
1256.7,8.82,,,80.47,223.41,77.21,215.21,,,,,,,,,,,,
1257.9,8.81,,,80.48,223.43,77.22,215.24,,,,,,,,,,,,
1259.6,8.79,,,80.49,223.46,77.23,215.26,,,,,,,,,,,,
1260.9,8.78,,,80.51,223.51,77.24,215.29,,,,,,,,,,,,
1261.6,8.77,,,80.52,223.53,77.26,215.34,,,,,,,,,,,,
1265.2,8.74,,,80.54,223.59,77.28,215.39,,,,,,,,,,,,
1265.3,8.74,,,80.55,223.61,77.29,215.41,,,,,,,,,,,,
1265.4,8.74,,,80.56,223.64,77.3,215.44,,,,,,,,,,,,
1266.3,8.73,,,80.57,223.66,77.31,215.46,,,,,,,,,,,,
1267.7,8.72,,,80.58,223.69,77.32,215.49,,,,,,,,,,,,
1268.7,8.71,,,80.59,223.71,77.34,215.54,,,,,,,,,,,,
1268.9,8.71,,,80.6,223.74,77.35,215.56,,,,,,,,,,,,
1269.6,8.7,,,80.62,223.79,77.36,215.59,,,,,,,,,,,,
1269.9,8.7,,,80.63,223.81,77.38,215.64,,,,,,,,,,,,
1270,8.7,,,80.65,223.86,77.39,215.66,,,,,,,,,,,,
1270.3,8.7,,,80.66,223.89,77.4,215.69,,,,,,,,,,,,
1270.6,8.7,,,80.67,223.91,77.41,215.71,,,,,,,,,,,,
1270.7,8.69,,,80.68,223.94,77.42,215.74,,,,,,,,,,,,
1270.8,8.69,,,80.69,223.96,77.44,215.79,,,,,,,,,,,,
1271,8.69,,,80.7,223.99,77.45,215.81,,,,,,,,,,,,
1271.3,8.69,,,80.71,224.01,77.47,215.86,,,,,,,,,,,,
1271.4,8.69,,,80.73,224.06,77.48,215.89,,,,,,,,,,,,
1271.6,8.69,,,80.74,224.09,77.49,215.91,,,,,,,,,,,,
1271.7,8.69,,,80.76,224.14,77.5,215.94,,,,,,,,,,,,
1271.8,8.69,,,80.77,224.16,77.52,215.99,,,,,,,,,,,,
1271.9,8.68,,,80.78,224.19,77.53,216.01,,,,,,,,,,,,
1272.2,8.68,,,80.79,224.22,77.55,216.06,,,,,,,,,,,,
1272.4,8.68,,,80.8,224.24,77.56,216.09,,,,,,,,,,,,
1272.5,8.68,,,80.81,224.27,77.57,216.11,,,,,,,,,,,,
1272.6,8.68,,,80.82,224.29,77.58,216.14,,,,,,,,,,,,
1272.8,8.68,,,80.84,224.34,77.59,216.16,,,,,,,,,,,,
1272.9,8.68,,,80.85,224.37,77.6,216.19,,,,,,,,,,,,
1273,8.67,,,80.87,224.42,77.61,216.21,,,,,,,,,,,,
1273.2,8.67,,,80.88,224.44,77.63,216.27,,,,,,,,,,,,
1273.3,8.67,,,80.89,224.47,77.64,216.29,,,,,,,,,,,,
1273.4,8.67,,,80.91,224.52,77.65,216.32,,,,,,,,,,,,
1273.5,8.67,,,80.92,224.54,77.66,216.34,,,,,,,,,,,,
1273.6,8.67,,,80.93,224.57,77.67,216.37,,,,,,,,,,,,
1273.7,8.67,,,80.95,224.62,77.69,216.42,,,,,,,,,,,,
1273.8,8.67,,,80.96,224.64,77.7,216.44,,,,,,,,,,,,
1273.9,8.67,,,80.98,224.69,77.71,216.47,,,,,,,,,,,,
1274,8.67,,,80.99,224.72,77.73,216.52,,,,,,,,,,,,
1274.1,8.67,,,81,224.74,77.75,216.57,,,,,,,,,,,,
1274.2,8.66,,,81.02,224.79,77.76,216.59,,,,,,,,,,,,
1274.3,8.66,,,81.03,224.82,77.77,216.62,,,,,,,,,,,,
1274.4,8.66,,,81.04,224.85,77.78,216.64,,,,,,,,,,,,
1274.5,8.66,,,81.05,224.87,77.79,216.67,,,,,,,,,,,,
1274.7,8.66,,,81.06,224.9,77.81,216.72,,,,,,,,,,,,
1274.8,8.66,,,81.07,224.92,77.82,216.74,,,,,,,,,,,,
1274.9,8.66,,,81.08,224.95,77.85,216.82,,,,,,,,,,,,
1275,8.66,,,81.09,224.97,77.86,216.84,,,,,,,,,,,,
1275.1,8.66,,,81.1,225,77.87,216.87,,,,,,,,,,,,
1275.2,8.66,,,81.12,225.05,77.88,216.89,,,,,,,,,,,,
1275.3,8.65,,,81.13,225.07,77.89,216.92,,,,,,,,,,,,
1275.4,8.65,,,81.14,225.1,77.91,216.97,,,,,,,,,,,,
1275.5,8.65,,,81.15,225.12,77.92,216.99,,,,,,,,,,,,
1275.6,8.65,,,81.16,225.15,77.93,217.02,,,,,,,,,,,,
1275.7,8.65,,,81.17,225.17,77.96,217.09,,,,,,,,,,,,
1275.8,8.65,,,81.18,225.2,77.97,217.12,,,,,,,,,,,,
1275.9,8.65,,,81.19,225.22,77.99,217.17,,,,,,,,,,,,
1276,8.65,,,81.2,225.25,78,217.19,,,,,,,,,,,,
1276.1,8.65,,,81.21,225.27,78.01,217.22,,,,,,,,,,,,
1276.2,8.65,,,81.23,225.32,78.02,217.25,,,,,,,,,,,,
1276.3,8.65,,,81.24,225.35,78.03,217.27,,,,,,,,,,,,
1276.4,8.65,,,81.25,225.37,78.04,217.3,,,,,,,,,,,,
1276.5,8.64,,,81.26,225.4,78.05,217.32,,,,,,,,,,,,
1276.6,8.64,,,81.27,225.42,78.07,217.37,,,,,,,,,,,,
1276.7,8.64,,,81.28,225.45,78.08,217.4,,,,,,,,,,,,
1276.8,8.64,,,81.29,225.48,78.09,217.42,,,,,,,,,,,,
1276.9,8.64,,,81.3,225.5,78.1,217.45,,,,,,,,,,,,
1277,8.64,,,81.31,225.53,78.11,217.47,,,,,,,,,,,,
1277.1,8.64,,,81.32,225.55,78.12,217.5,,,,,,,,,,,,
1277.2,8.64,,,81.33,225.58,78.13,217.52,,,,,,,,,,,,
1277.3,8.64,,,81.34,225.6,78.14,217.55,,,,,,,,,,,,
1277.4,8.64,,,81.35,225.63,78.15,217.57,,,,,,,,,,,,
1277.5,8.64,,,81.36,225.65,78.17,217.62,,,,,,,,,,,,
1277.6,8.64,,,81.37,225.68,78.18,217.65,,,,,,,,,,,,
1277.7,8.63,,,81.39,225.73,78.19,217.67,,,,,,,,,,,,
1277.8,8.63,,,81.4,225.75,78.21,217.72,,,,,,,,,,,,
1277.9,8.63,,,81.41,225.78,78.22,217.75,,,,,,,,,,,,
1278,8.63,,,81.42,225.8,78.23,217.77,,,,,,,,,,,,
1278.1,8.63,,,81.44,225.85,78.24,217.8,,,,,,,,,,,,
1278.2,8.63,,,81.45,225.88,78.25,217.82,,,,,,,,,,,,
1278.3,8.63,,,81.46,225.9,78.28,217.9,,,,,,,,,,,,
1278.4,8.63,,,81.47,225.93,78.29,217.92,,,,,,,,,,,,
1278.5,8.63,,,81.48,225.95,78.3,217.95,,,,,,,,,,,,
1278.6,8.63,,,81.5,226,78.31,217.97,,,,,,,,,,,,
1278.7,8.63,,,81.51,226.03,78.32,218,,,,,,,,,,,,
1278.8,8.62,,,81.52,226.05,78.34,218.05,,,,,,,,,,,,
1278.9,8.62,,,81.53,226.08,78.35,218.07,,,,,,,,,,,,
1279,8.62,,,81.54,226.11,78.36,218.1,,,,,,,,,,,,
1279.1,8.62,,,81.55,226.13,78.38,218.15,,,,,,,,,,,,
1279.2,8.62,,,81.56,226.16,78.39,218.17,,,,,,,,,,,,
1279.3,8.62,,,81.58,226.21,78.4,218.2,,,,,,,,,,,,
1279.4,8.62,,,81.61,226.28,78.41,218.23,,,,,,,,,,,,
1279.5,8.62,,,81.63,226.33,78.42,218.25,,,,,,,,,,,,
1279.6,8.62,,,81.64,226.36,78.45,218.33,,,,,,,,,,,,
1279.7,8.62,,,81.65,226.38,78.46,218.35,,,,,,,,,,,,
1279.8,8.62,,,81.66,226.41,78.47,218.38,,,,,,,,,,,,
1279.9,8.62,,,81.67,226.43,78.48,218.4,,,,,,,,,,,,
1280,8.61,,,81.68,226.46,78.49,218.43,,,,,,,,,,,,
1280.1,8.61,,,81.69,226.48,78.5,218.45,,,,,,,,,,,,
1280.2,8.61,,,81.7,226.51,78.52,218.5,,,,,,,,,,,,
1280.3,8.61,,,81.71,226.53,78.53,218.53,,,,,,,,,,,,
1280.4,8.61,,,81.72,226.56,78.54,218.55,,,,,,,,,,,,
1280.5,8.61,,,81.73,226.58,78.56,218.6,,,,,,,,,,,,
1280.6,8.61,,,81.74,226.61,78.57,218.63,,,,,,,,,,,,
1280.7,8.61,,,81.75,226.63,78.58,218.65,,,,,,,,,,,,
1280.8,8.61,,,81.76,226.66,78.59,218.68,,,,,,,,,,,,
1280.9,8.61,,,81.77,226.69,78.61,218.73,,,,,,,,,,,,
1281,8.61,,,81.78,226.71,78.62,218.75,,,,,,,,,,,,
1281.1,8.61,,,81.79,226.74,78.63,218.78,,,,,,,,,,,,
1281.2,8.6,,,81.8,226.76,78.64,218.8,,,,,,,,,,,,
1281.3,8.6,,,81.81,226.79,78.65,218.83,,,,,,,,,,,,
1281.4,8.6,,,81.82,226.81,78.66,218.85,,,,,,,,,,,,
1281.5,8.6,,,81.83,226.84,78.68,218.9,,,,,,,,,,,,
1281.6,8.6,,,81.84,226.86,78.7,218.95,,,,,,,,,,,,
1281.7,8.6,,,81.85,226.89,78.71,218.98,,,,,,,,,,,,
1281.8,8.6,,,81.86,226.91,78.72,219,,,,,,,,,,,,
1281.9,8.6,,,81.87,226.94,78.73,219.03,,,,,,,,,,,,
1282,8.6,,,81.88,226.96,78.74,219.06,,,,,,,,,,,,
1282.1,8.6,,,81.89,226.99,78.75,219.08,,,,,,,,,,,,
1282.2,8.6,,,81.9,227.01,78.76,219.11,,,,,,,,,,,,
1282.3,8.6,,,81.91,227.04,78.77,219.13,,,,,,,,,,,,
1282.4,8.59,,,81.92,227.06,78.78,219.16,,,,,,,,,,,,
1282.5,8.59,,,81.94,227.11,78.79,219.18,,,,,,,,,,,,
1282.6,8.59,,,81.95,227.14,78.8,219.21,,,,,,,,,,,,
1282.7,8.59,,,81.96,227.16,78.82,219.26,,,,,,,,,,,,
1282.8,8.59,,,81.97,227.19,78.83,219.28,,,,,,,,,,,,
1282.9,8.59,,,81.99,227.24,78.84,219.31,,,,,,,,,,,,
1283,8.59,,,82,227.27,78.85,219.33,,,,,,,,,,,,
1283.1,8.59,,,82.01,227.29,78.87,219.38,,,,,,,,,,,,
1283.2,8.59,,,82.02,227.32,78.89,219.43,,,,,,,,,,,,
1283.3,8.59,,,82.03,227.34,78.9,219.46,,,,,,,,,,,,
1283.4,8.59,,,82.04,227.37,78.91,219.48,,,,,,,,,,,,
1283.5,8.58,,,82.05,227.39,78.93,219.53,,,,,,,,,,,,
1283.6,8.58,,,82.06,227.42,78.95,219.58,,,,,,,,,,,,
1283.7,8.58,,,82.07,227.44,78.96,219.61,,,,,,,,,,,,
1283.8,8.58,,,82.08,227.47,78.97,219.63,,,,,,,,,,,,
1283.9,8.58,,,82.09,227.49,78.99,219.68,,,,,,,,,,,,
1284,8.58,,,82.1,227.52,79,219.71,,,,,,,,,,,,
1284.1,8.58,,,82.12,227.57,79.01,219.73,,,,,,,,,,,,
1284.2,8.58,,,82.13,227.59,79.02,219.76,,,,,,,,,,,,
1284.3,8.58,,,82.14,227.62,79.03,219.78,,,,,,,,,,,,
1284.4,8.58,,,82.15,227.64,79.04,219.81,,,,,,,,,,,,
1284.5,8.58,,,82.16,227.67,79.07,219.88,,,,,,,,,,,,
1284.6,8.58,,,82.17,227.69,79.08,219.91,,,,,,,,,,,,
1284.7,8.57,,,82.18,227.72,79.1,219.96,,,,,,,,,,,,
1284.8,8.57,,,82.19,227.74,79.11,219.99,,,,,,,,,,,,
1284.9,8.57,,,82.2,227.77,79.13,220.04,,,,,,,,,,,,
1285,8.57,,,82.21,227.8,79.14,220.06,,,,,,,,,,,,
1285.1,8.57,,,82.22,227.82,79.15,220.09,,,,,,,,,,,,
1285.2,8.57,,,82.23,227.85,79.16,220.11,,,,,,,,,,,,
1285.3,8.57,,,82.24,227.87,79.17,220.14,,,,,,,,,,,,
1285.4,8.57,,,82.25,227.9,79.18,220.16,,,,,,,,,,,,
1285.5,8.57,,,82.26,227.92,79.19,220.19,,,,,,,,,,,,
1285.6,8.57,,,82.27,227.95,79.2,220.21,,,,,,,,,,,,
1285.7,8.57,,,82.29,228,79.22,220.26,,,,,,,,,,,,
1285.8,8.57,,,82.3,228.02,79.23,220.29,,,,,,,,,,,,
1285.9,8.56,,,82.31,228.05,79.24,220.31,,,,,,,,,,,,
1286,8.56,,,82.32,228.07,79.25,220.34,,,,,,,,,,,,
1286.1,8.56,,,82.33,228.1,79.26,220.36,,,,,,,,,,,,
1286.2,8.56,,,82.34,228.12,79.27,220.39,,,,,,,,,,,,
1286.3,8.56,,,82.35,228.15,79.29,220.44,,,,,,,,,,,,
1286.4,8.56,,,82.36,228.17,79.3,220.46,,,,,,,,,,,,
1286.5,8.56,,,82.37,228.2,79.32,220.51,,,,,,,,,,,,
1286.6,8.56,,,82.38,228.22,79.33,220.54,,,,,,,,,,,,
1286.7,8.56,,,82.39,228.25,79.36,220.61,,,,,,,,,,,,
1286.8,8.56,,,82.4,228.27,79.37,220.64,,,,,,,,,,,,
1286.9,8.56,,,82.42,228.32,79.38,220.66,,,,,,,,,,,,
1287,8.56,,,82.43,228.35,79.39,220.69,,,,,,,,,,,,
1287.1,8.55,,,82.44,228.38,79.4,220.72,,,,,,,,,,,,
1287.2,8.55,,,82.45,228.4,79.41,220.74,,,,,,,,,,,,
1287.3,8.55,,,82.46,228.43,79.43,220.79,,,,,,,,,,,,
1287.4,8.55,,,82.48,228.48,79.44,220.82,,,,,,,,,,,,
1287.5,8.55,,,82.49,228.5,79.45,220.84,,,,,,,,,,,,
1287.6,8.55,,,82.5,228.53,79.46,220.87,,,,,,,,,,,,
1287.7,8.55,,,82.51,228.55,79.47,220.89,,,,,,,,,,,,
1287.8,8.55,,,82.53,228.6,79.48,220.92,,,,,,,,,,,,
1287.9,8.55,,,82.54,228.63,79.49,220.94,,,,,,,,,,,,
1288,8.55,,,82.56,228.68,79.51,220.99,,,,,,,,,,,,
1288.1,8.55,,,82.57,228.7,79.52,221.02,,,,,,,,,,,,
1288.2,8.55,,,82.58,228.73,79.53,221.04,,,,,,,,,,,,
1288.3,8.54,,,82.59,228.75,79.54,221.07,,,,,,,,,,,,
1288.4,8.54,,,82.6,228.78,79.55,221.09,,,,,,,,,,,,
1288.5,8.54,,,82.61,228.8,79.56,221.12,,,,,,,,,,,,
1288.6,8.54,,,82.62,228.83,79.57,221.14,,,,,,,,,,,,
1288.7,8.54,,,82.63,228.85,79.59,221.19,,,,,,,,,,,,
1288.8,8.54,,,82.64,228.88,79.6,221.22,,,,,,,,,,,,
1288.9,8.54,,,82.65,228.91,79.62,221.27,,,,,,,,,,,,
1289,8.54,,,82.66,228.93,79.63,221.29,,,,,,,,,,,,
1289.1,8.54,,,82.68,228.98,79.65,221.34,,,,,,,,,,,,
1289.2,8.54,,,82.69,229.01,79.67,221.39,,,,,,,,,,,,
1289.3,8.54,,,82.7,229.03,79.68,221.42,,,,,,,,,,,,
1289.4,8.54,,,82.73,229.11,79.7,221.47,,,,,,,,,,,,
1289.5,8.53,,,82.74,229.13,79.71,221.5,,,,,,,,,,,,
1289.6,8.53,,,82.75,229.16,79.72,221.52,,,,,,,,,,,,
1289.7,8.53,,,82.76,229.18,79.74,221.57,,,,,,,,,,,,
1289.8,8.53,,,82.77,229.21,79.75,221.6,,,,,,,,,,,,
1289.9,8.53,,,82.78,229.23,79.76,221.62,,,,,,,,,,,,
1290,8.53,,,82.79,229.26,79.78,221.67,,,,,,,,,,,,
1290.1,8.53,,,82.8,229.28,79.79,221.7,,,,,,,,,,,,
1290.2,8.53,,,82.81,229.31,79.8,221.72,,,,,,,,,,,,
1290.3,8.53,,,82.82,229.33,79.81,221.75,,,,,,,,,,,,
1290.4,8.53,,,82.83,229.36,79.82,221.77,,,,,,,,,,,,
1290.5,8.53,,,82.84,229.38,79.84,221.82,,,,,,,,,,,,
1290.6,8.53,,,82.85,229.41,79.85,221.85,,,,,,,,,,,,
1290.7,8.52,,,82.86,229.44,79.86,221.87,,,,,,,,,,,,
1290.8,8.52,,,82.87,229.46,79.87,221.9,,,,,,,,,,,,
1290.9,8.52,,,82.88,229.49,79.89,221.95,,,,,,,,,,,,
1291,8.52,,,82.89,229.51,79.9,221.97,,,,,,,,,,,,
1291.1,8.52,,,82.91,229.56,79.91,222,,,,,,,,,,,,
1291.2,8.52,,,82.92,229.59,79.92,222.02,,,,,,,,,,,,
1291.3,8.52,,,82.93,229.61,79.93,222.05,,,,,,,,,,,,
1291.4,8.52,,,82.94,229.64,79.94,222.07,,,,,,,,,,,,
1291.5,8.52,,,82.95,229.66,79.95,222.1,,,,,,,,,,,,
1291.6,8.52,,,82.96,229.69,79.96,222.12,,,,,,,,,,,,
1291.7,8.52,,,82.97,229.71,79.97,222.15,,,,,,,,,,,,
1291.8,8.52,,,82.98,229.74,79.98,222.18,,,,,,,,,,,,
1291.9,8.51,,,82.99,229.76,80,222.23,,,,,,,,,,,,
1292,8.51,,,83,229.79,80.01,222.25,,,,,,,,,,,,
1292.1,8.51,,,83.01,229.81,80.03,222.3,,,,,,,,,,,,
1292.2,8.51,,,83.02,229.84,80.05,222.35,,,,,,,,,,,,
1292.3,8.51,,,83.03,229.86,80.06,222.38,,,,,,,,,,,,
1292.4,8.51,,,83.04,229.89,80.07,222.4,,,,,,,,,,,,
1292.5,8.51,,,83.05,229.91,80.08,222.43,,,,,,,,,,,,
1292.6,8.51,,,83.06,229.94,80.09,222.45,,,,,,,,,,,,
1292.7,8.51,,,83.08,229.99,80.1,222.48,,,,,,,,,,,,
1292.8,8.51,,,83.09,230.02,80.12,222.53,,,,,,,,,,,,
1292.9,8.51,,,83.1,230.04,80.13,222.55,,,,,,,,,,,,
1293,8.51,,,83.11,230.07,80.14,222.58,,,,,,,,,,,,
1293.1,8.5,,,83.12,230.09,80.15,222.6,,,,,,,,,,,,
1293.2,8.5,,,83.13,230.12,80.16,222.63,,,,,,,,,,,,
1293.3,8.5,,,83.14,230.14,80.17,222.65,,,,,,,,,,,,
1293.4,8.5,,,83.15,230.17,80.18,222.68,,,,,,,,,,,,
1293.5,8.5,,,83.16,230.19,80.2,222.73,,,,,,,,,,,,
1293.6,8.5,,,83.17,230.22,80.21,222.75,,,,,,,,,,,,
1293.7,8.5,,,83.19,230.27,80.22,222.78,,,,,,,,,,,,
1293.8,8.5,,,83.2,230.29,80.23,222.8,,,,,,,,,,,,
1293.9,8.5,,,83.21,230.32,80.24,222.83,,,,,,,,,,,,
1294,8.5,,,83.22,230.34,80.25,222.85,,,,,,,,,,,,
1294.1,8.5,,,83.24,230.39,80.27,222.91,,,,,,,,,,,,
1294.2,8.5,,,83.25,230.42,80.28,222.93,,,,,,,,,,,,
1294.3,8.49,,,83.26,230.45,80.29,222.96,,,,,,,,,,,,
1294.4,8.49,,,83.27,230.47,80.3,222.98,,,,,,,,,,,,
1294.5,8.49,,,83.28,230.5,80.32,223.03,,,,,,,,,,,,
1294.6,8.49,,,83.29,230.52,80.33,223.06,,,,,,,,,,,,
1294.7,8.49,,,83.3,230.55,80.35,223.11,,,,,,,,,,,,
1294.8,8.49,,,83.31,230.57,80.36,223.13,,,,,,,,,,,,
1294.9,8.49,,,83.32,230.6,80.37,223.16,,,,,,,,,,,,
1295,8.49,,,83.33,230.62,80.38,223.18,,,,,,,,,,,,
1295.1,8.49,,,83.34,230.65,80.39,223.21,,,,,,,,,,,,
1295.2,8.49,,,83.35,230.67,80.4,223.23,,,,,,,,,,,,
1295.3,8.49,,,83.36,230.7,80.41,223.26,,,,,,,,,,,,
1295.4,8.49,,,83.37,230.72,80.42,223.28,,,,,,,,,,,,
1295.5,8.48,,,83.38,230.75,80.43,223.31,,,,,,,,,,,,
1295.6,8.48,,,83.39,230.77,80.44,223.33,,,,,,,,,,,,
1295.7,8.48,,,83.4,230.8,80.45,223.36,,,,,,,,,,,,
1295.8,8.48,,,83.41,230.82,80.46,223.38,,,,,,,,,,,,
1295.9,8.48,,,83.42,230.85,80.47,223.41,,,,,,,,,,,,
1296,8.48,,,83.43,230.87,80.48,223.43,,,,,,,,,,,,
1296.1,8.48,,,83.44,230.9,80.49,223.46,,,,,,,,,,,,
1296.2,8.48,,,83.45,230.92,80.5,223.48,,,,,,,,,,,,
1296.3,8.48,,,83.46,230.95,80.51,223.51,,,,,,,,,,,,
1296.4,8.48,,,83.48,231,80.52,223.53,,,,,,,,,,,,
1296.5,8.48,,,83.49,231.03,80.53,223.56,,,,,,,,,,,,
1296.6,8.48,,,83.5,231.05,80.54,223.59,,,,,,,,,,,,
1296.7,8.47,,,83.51,231.08,80.55,223.61,,,,,,,,,,,,
1296.8,8.47,,,83.52,231.1,80.56,223.64,,,,,,,,,,,,
1296.9,8.47,,,83.53,231.13,80.57,223.66,,,,,,,,,,,,
1297,8.47,,,83.54,231.15,80.59,223.71,,,,,,,,,,,,
1297.1,8.47,,,83.55,231.18,80.6,223.74,,,,,,,,,,,,
1297.2,8.47,,,83.56,231.2,80.61,223.76,,,,,,,,,,,,
1297.3,8.47,,,83.57,231.23,80.63,223.81,,,,,,,,,,,,
1297.4,8.47,,,83.58,231.25,80.64,223.84,,,,,,,,,,,,
1297.5,8.47,,,83.59,231.28,80.66,223.89,,,,,,,,,,,,
1297.6,8.47,,,83.6,231.3,80.68,223.94,,,,,,,,,,,,
1297.7,8.47,,,83.61,231.33,80.69,223.96,,,,,,,,,,,,
1297.8,8.47,,,83.62,231.35,80.71,224.01,,,,,,,,,,,,
1297.9,8.46,,,83.63,231.38,80.72,224.04,,,,,,,,,,,,
1298,8.46,,,83.64,231.4,80.73,224.06,,,,,,,,,,,,
1298.1,8.46,,,83.65,231.43,80.75,224.11,,,,,,,,,,,,
1298.2,8.46,,,83.66,231.46,80.76,224.14,,,,,,,,,,,,
1298.3,8.46,,,83.67,231.48,80.77,224.16,,,,,,,,,,,,
1298.4,8.46,,,83.68,231.51,80.78,224.19,,,,,,,,,,,,
1298.5,8.46,,,83.69,231.53,80.79,224.22,,,,,,,,,,,,
1298.6,8.46,,,83.7,231.56,80.8,224.24,,,,,,,,,,,,
1298.7,8.46,,,83.71,231.58,80.81,224.27,,,,,,,,,,,,
1298.8,8.46,,,83.72,231.61,80.82,224.29,,,,,,,,,,,,
1298.9,8.46,,,83.73,231.63,80.83,224.32,,,,,,,,,,,,
1299,8.46,,,83.74,231.66,80.84,224.34,,,,,,,,,,,,
1299.1,8.46,,,83.75,231.68,80.85,224.37,,,,,,,,,,,,
1299.2,8.45,,,83.76,231.71,80.86,224.39,,,,,,,,,,,,
1299.3,8.45,,,83.77,231.73,80.87,224.42,,,,,,,,,,,,
1299.4,8.45,,,83.78,231.76,80.88,224.44,,,,,,,,,,,,
1299.5,8.45,,,83.8,231.81,80.89,224.47,,,,,,,,,,,,
1299.6,8.45,,,83.81,231.83,80.9,224.49,,,,,,,,,,,,
1299.7,8.45,,,83.82,231.86,80.92,224.54,,,,,,,,,,,,
1299.8,8.45,,,83.83,231.88,80.94,224.59,,,,,,,,,,,,
1299.9,8.45,,,83.84,231.91,80.95,224.62,,,,,,,,,,,,
1300,8.45,,,83.85,231.94,80.96,224.64,,,,,,,,,,,,
1300.1,8.45,,,83.86,231.96,80.97,224.67,,,,,,,,,,,,
1300.2,8.45,,,83.87,231.99,80.98,224.69,,,,,,,,,,,,
1300.3,8.45,,,83.88,232.01,80.99,224.72,,,,,,,,,,,,
1300.4,8.44,,,83.89,232.04,81,224.74,,,,,,,,,,,,
1300.5,8.44,,,83.9,232.06,81.01,224.77,,,,,,,,,,,,
1300.6,8.44,,,83.91,232.09,81.02,224.79,,,,,,,,,,,,
1300.7,8.44,,,83.92,232.11,81.03,224.82,,,,,,,,,,,,
1300.8,8.44,,,83.93,232.14,81.04,224.85,,,,,,,,,,,,
1300.9,8.44,,,83.94,232.16,81.05,224.87,,,,,,,,,,,,
1301,8.44,,,83.95,232.19,81.06,224.9,,,,,,,,,,,,
1301.1,8.44,,,83.96,232.21,81.07,224.92,,,,,,,,,,,,
1301.2,8.44,,,83.97,232.24,81.08,224.95,,,,,,,,,,,,
1301.3,8.44,,,83.98,232.26,81.09,224.97,,,,,,,,,,,,
1301.4,8.44,,,83.99,232.29,81.1,225,,,,,,,,,,,,
1301.5,8.44,,,84,232.31,81.11,225.02,,,,,,,,,,,,
1301.6,8.43,,,84.01,232.34,81.12,225.05,,,,,,,,,,,,
1301.7,8.43,,,84.02,232.36,81.13,225.07,,,,,,,,,,,,
1301.8,8.43,,,84.03,232.39,81.14,225.1,,,,,,,,,,,,
1301.9,8.43,,,84.05,232.44,81.15,225.12,,,,,,,,,,,,
1302,8.43,,,84.06,232.47,81.16,225.15,,,,,,,,,,,,
1302.1,8.43,,,84.07,232.49,81.17,225.17,,,,,,,,,,,,
1302.2,8.43,,,84.08,232.52,81.18,225.2,,,,,,,,,,,,
1302.3,8.43,,,84.09,232.54,81.19,225.22,,,,,,,,,,,,
1302.4,8.43,,,84.1,232.57,81.2,225.25,,,,,,,,,,,,
1302.5,8.43,,,84.11,232.59,81.21,225.27,,,,,,,,,,,,
1302.6,8.43,,,84.12,232.62,81.22,225.3,,,,,,,,,,,,
1302.7,8.43,,,84.13,232.64,81.23,225.32,,,,,,,,,,,,
1302.8,8.42,,,84.15,232.69,81.24,225.35,,,,,,,,,,,,
1302.9,8.42,,,84.16,232.72,81.25,225.37,,,,,,,,,,,,
1303,8.42,,,84.17,232.74,81.27,225.42,,,,,,,,,,,,
1303.1,8.42,,,84.18,232.77,81.29,225.48,,,,,,,,,,,,
1303.2,8.42,,,84.19,232.79,81.3,225.5,,,,,,,,,,,,
1303.3,8.42,,,84.21,232.84,81.31,225.53,,,,,,,,,,,,
1303.4,8.42,,,84.22,232.87,81.32,225.55,,,,,,,,,,,,
1303.5,8.42,,,84.23,232.9,81.33,225.58,,,,,,,,,,,,
1303.6,8.42,,,84.24,232.92,81.34,225.6,,,,,,,,,,,,
1303.7,8.42,,,84.25,232.95,81.35,225.63,,,,,,,,,,,,
1303.8,8.42,,,84.27,233,81.37,225.68,,,,,,,,,,,,
1303.9,8.42,,,84.29,233.05,81.38,225.7,,,,,,,,,,,,
1304,8.42,,,84.3,233.07,81.4,225.75,,,,,,,,,,,,
1304.1,8.41,,,84.31,233.1,81.41,225.78,,,,,,,,,,,,
1304.2,8.41,,,84.32,233.12,81.43,225.83,,,,,,,,,,,,
1304.3,8.41,,,84.33,233.15,81.44,225.85,,,,,,,,,,,,
1304.4,8.41,,,84.34,233.17,81.45,225.88,,,,,,,,,,,,
1304.5,8.41,,,84.35,233.2,81.46,225.9,,,,,,,,,,,,
1304.6,8.41,,,84.36,233.22,81.47,225.93,,,,,,,,,,,,
1304.7,8.41,,,84.37,233.25,81.48,225.95,,,,,,,,,,,,
1304.9,8.41,,,84.38,233.27,81.49,225.98,,,,,,,,,,,,
1305,8.41,,,84.39,233.3,81.5,226,,,,,,,,,,,,
1305.1,8.41,,,84.4,233.33,81.51,226.03,,,,,,,,,,,,
1305.2,8.41,,,84.41,233.35,81.52,226.05,,,,,,,,,,,,
1305.3,8.4,,,84.42,233.38,81.53,226.08,,,,,,,,,,,,
1305.4,8.4,,,84.43,233.4,81.54,226.11,,,,,,,,,,,,
1305.5,8.4,,,84.45,233.45,81.55,226.13,,,,,,,,,,,,
1305.6,8.4,,,84.46,233.48,81.57,226.18,,,,,,,,,,,,
1305.7,8.4,,,84.47,233.5,81.58,226.21,,,,,,,,,,,,
1305.9,8.4,,,84.48,233.53,81.59,226.23,,,,,,,,,,,,
1306,8.4,,,84.49,233.55,81.61,226.28,,,,,,,,,,,,
1306.1,8.4,,,84.5,233.58,81.62,226.31,,,,,,,,,,,,
1306.3,8.4,,,84.51,233.6,81.64,226.36,,,,,,,,,,,,
1306.4,8.4,,,84.52,233.63,81.65,226.38,,,,,,,,,,,,
1306.7,8.39,,,84.53,233.65,81.67,226.43,,,,,,,,,,,,
1306.8,8.39,,,84.54,233.68,81.68,226.46,,,,,,,,,,,,
1307.2,8.39,,,84.55,233.7,81.7,226.51,,,,,,,,,,,,
1307.3,8.39,,,84.56,233.73,81.71,226.53,,,,,,,,,,,,
1307.4,8.39,,,84.57,233.75,81.72,226.56,,,,,,,,,,,,
1307.6,8.39,,,84.58,233.78,81.73,226.58,,,,,,,,,,,,
1307.7,8.39,,,84.59,233.81,81.74,226.61,,,,,,,,,,,,
1307.8,8.38,,,84.61,233.86,81.75,226.63,,,,,,,,,,,,
1307.9,8.38,,,84.62,233.88,81.76,226.66,,,,,,,,,,,,
1308.6,8.38,,,84.63,233.91,81.77,226.69,,,,,,,,,,,,
1309,8.37,,,84.64,233.93,81.78,226.71,,,,,,,,,,,,
1309.3,8.37,,,84.65,233.96,81.79,226.74,,,,,,,,,,,,
1309.5,8.37,,,84.66,233.98,81.8,226.76,,,,,,,,,,,,
1309.6,8.37,,,84.67,234.01,81.81,226.79,,,,,,,,,,,,
1309.7,8.37,,,84.68,234.03,81.82,226.81,,,,,,,,,,,,
1309.9,8.37,,,84.69,234.06,81.83,226.84,,,,,,,,,,,,
1310.1,8.37,,,84.7,234.08,81.85,226.89,,,,,,,,,,,,
1310.2,8.37,,,84.71,234.11,81.86,226.91,,,,,,,,,,,,
1310.6,8.36,,,84.72,234.13,81.87,226.94,,,,,,,,,,,,
1310.7,8.36,,,84.73,234.16,81.89,226.99,,,,,,,,,,,,
1310.8,8.36,,,84.74,234.18,81.9,227.01,,,,,,,,,,,,
1311,8.36,,,84.75,234.21,81.91,227.04,,,,,,,,,,,,
1311.3,8.36,,,84.76,234.24,81.92,227.06,,,,,,,,,,,,
1311.4,8.36,,,84.77,234.26,81.93,227.09,,,,,,,,,,,,
1311.5,8.35,,,84.78,234.29,81.94,227.11,,,,,,,,,,,,
1312,8.35,,,84.79,234.31,81.95,227.14,,,,,,,,,,,,
1312.1,8.35,,,84.8,234.34,81.96,227.16,,,,,,,,,,,,
1312.3,8.35,,,84.81,234.36,81.97,227.19,,,,,,,,,,,,
1312.5,8.35,,,84.82,234.39,81.98,227.21,,,,,,,,,,,,
1313.2,8.34,,,84.83,234.41,81.99,227.24,,,,,,,,,,,,
1313.3,8.34,,,84.84,234.44,82.01,227.29,,,,,,,,,,,,
1313.5,8.34,,,84.85,234.46,82.02,227.32,,,,,,,,,,,,
1313.6,8.34,,,84.86,234.49,82.03,227.34,,,,,,,,,,,,
1313.7,8.34,,,84.87,234.51,82.04,227.37,,,,,,,,,,,,
1314,8.33,,,84.88,234.54,82.05,227.39,,,,,,,,,,,,
1314.1,8.33,,,84.89,234.56,82.07,227.44,,,,,,,,,,,,
1314.4,8.33,,,84.9,234.59,82.08,227.47,,,,,,,,,,,,
1314.6,8.33,,,84.91,234.61,82.09,227.49,,,,,,,,,,,,
1314.7,8.33,,,84.92,234.64,82.1,227.52,,,,,,,,,,,,
1314.8,8.33,,,84.93,234.66,82.11,227.54,,,,,,,,,,,,
1314.9,8.33,,,84.94,234.69,82.12,227.57,,,,,,,,,,,,
1315,8.33,,,84.95,234.72,82.13,227.59,,,,,,,,,,,,
1315.1,8.33,,,84.96,234.74,82.14,227.62,,,,,,,,,,,,
1315.2,8.33,,,84.98,234.79,82.15,227.64,,,,,,,,,,,,
1315.5,8.32,,,84.99,234.82,82.17,227.69,,,,,,,,,,,,
1315.6,8.32,,,85,234.84,82.18,227.72,,,,,,,,,,,,
1315.7,8.32,,,85.01,234.87,82.19,227.74,,,,,,,,,,,,
1315.9,8.32,,,85.02,234.89,82.2,227.77,,,,,,,,,,,,
1316,8.32,,,85.03,234.92,82.21,227.8,,,,,,,,,,,,
1316.3,8.32,,,85.04,234.94,82.22,227.82,,,,,,,,,,,,
1316.4,8.32,,,85.05,234.97,82.23,227.85,,,,,,,,,,,,
1316.6,8.31,,,85.06,234.99,82.24,227.87,,,,,,,,,,,,
1316.7,8.31,,,85.07,235.02,82.25,227.9,,,,,,,,,,,,
1317.3,8.31,,,85.08,235.04,82.26,227.92,,,,,,,,,,,,
1317.4,8.31,,,85.09,235.07,82.27,227.95,,,,,,,,,,,,
1317.5,8.31,,,85.11,235.12,82.28,227.97,,,,,,,,,,,,
1317.7,8.31,,,85.12,235.15,82.29,228,,,,,,,,,,,,
1317.8,8.3,,,85.13,235.17,82.3,228.02,,,,,,,,,,,,
1317.9,8.3,,,85.14,235.2,82.32,228.07,,,,,,,,,,,,
1318.1,8.3,,,85.15,235.22,82.33,228.1,,,,,,,,,,,,
1318.3,8.3,,,85.16,235.25,82.34,228.12,,,,,,,,,,,,
1318.7,8.3,,,85.17,235.27,82.35,228.15,,,,,,,,,,,,
1318.9,8.3,,,85.18,235.3,82.36,228.17,,,,,,,,,,,,
1319,8.3,,,85.19,235.32,82.38,228.22,,,,,,,,,,,,
1319.1,8.29,,,85.2,235.35,82.39,228.25,,,,,,,,,,,,
1319.3,8.29,,,85.21,235.37,82.4,228.27,,,,,,,,,,,,
1319.4,8.29,,,85.22,235.4,82.41,228.3,,,,,,,,,,,,
1319.5,8.29,,,85.23,235.42,82.42,228.32,,,,,,,,,,,,
1319.6,8.29,,,85.24,235.45,82.43,228.35,,,,,,,,,,,,
1319.7,8.29,,,85.25,235.47,82.45,228.4,,,,,,,,,,,,
1319.8,8.29,,,85.26,235.5,82.46,228.43,,,,,,,,,,,,
1320,8.29,,,85.27,235.52,82.47,228.45,,,,,,,,,,,,
1320.3,8.29,,,85.28,235.55,82.48,228.48,,,,,,,,,,,,
1320.4,8.28,,,85.29,235.58,82.49,228.5,,,,,,,,,,,,
1320.7,8.28,,,85.3,235.6,82.5,228.53,,,,,,,,,,,,
1320.8,8.28,,,85.32,235.65,82.52,228.58,,,,,,,,,,,,
1321,8.28,,,85.33,235.68,82.53,228.6,,,,,,,,,,,,
1321.1,8.28,,,85.34,235.7,82.54,228.63,,,,,,,,,,,,
1321.2,8.28,,,85.35,235.73,82.55,228.65,,,,,,,,,,,,
1321.3,8.28,,,85.36,235.75,82.58,228.73,,,,,,,,,,,,
1321.4,8.28,,,85.37,235.78,82.59,228.75,,,,,,,,,,,,
1321.5,8.28,,,85.38,235.8,82.6,228.78,,,,,,,,,,,,
1321.6,8.27,,,85.39,235.83,82.61,228.8,,,,,,,,,,,,
1321.8,8.27,,,85.4,235.85,82.62,228.83,,,,,,,,,,,,
1321.9,8.27,,,85.41,235.88,82.63,228.85,,,,,,,,,,,,
1322.1,8.27,,,85.42,235.9,82.65,228.91,,,,,,,,,,,,
1322.2,8.27,,,85.43,235.93,82.66,228.93,,,,,,,,,,,,
1322.3,8.27,,,85.44,235.95,82.68,228.98,,,,,,,,,,,,
1322.5,8.27,,,85.45,235.98,82.69,229.01,,,,,,,,,,,,
1322.7,8.27,,,85.46,236.01,82.7,229.03,,,,,,,,,,,,
1322.8,8.27,,,85.47,236.03,82.71,229.06,,,,,,,,,,,,
1322.9,8.26,,,85.48,236.06,82.72,229.08,,,,,,,,,,,,
1323.1,8.26,,,85.49,236.08,82.73,229.11,,,,,,,,,,,,
1323.3,8.26,,,85.5,236.11,82.74,229.13,,,,,,,,,,,,
1323.4,8.26,,,85.51,236.13,82.75,229.16,,,,,,,,,,,,
1323.5,8.26,,,85.53,236.18,82.76,229.18,,,,,,,,,,,,
1323.6,8.26,,,85.54,236.21,82.77,229.21,,,,,,,,,,,,
1323.7,8.26,,,85.55,236.23,82.78,229.23,,,,,,,,,,,,
1323.9,8.26,,,85.56,236.26,82.79,229.26,,,,,,,,,,,,
1324,8.26,,,85.57,236.28,82.8,229.28,,,,,,,,,,,,
1324.1,8.26,,,85.58,236.31,82.81,229.31,,,,,,,,,,,,
1324.2,8.25,,,85.59,236.33,82.82,229.33,,,,,,,,,,,,
1324.3,8.25,,,85.6,236.36,82.84,229.38,,,,,,,,,,,,
1324.6,8.25,,,85.61,236.38,82.85,229.41,,,,,,,,,,,,
1324.7,8.25,,,85.62,236.41,82.86,229.44,,,,,,,,,,,,
1324.8,8.25,,,85.63,236.44,82.87,229.46,,,,,,,,,,,,
1324.9,8.25,,,85.64,236.46,82.88,229.49,,,,,,,,,,,,
1325,8.25,,,85.66,236.51,82.9,229.54,,,,,,,,,,,,
1325.1,8.25,,,85.67,236.54,82.91,229.56,,,,,,,,,,,,
1325.2,8.25,,,85.68,236.56,82.92,229.59,,,,,,,,,,,,
1325.3,8.25,,,85.69,236.59,82.93,229.61,,,,,,,,,,,,
1325.5,8.24,,,85.71,236.64,82.94,229.64,,,,,,,,,,,,
1325.6,8.24,,,85.72,236.66,82.95,229.66,,,,,,,,,,,,
1325.7,8.24,,,85.73,236.69,82.97,229.71,,,,,,,,,,,,
1325.8,8.24,,,85.74,236.71,82.98,229.74,,,,,,,,,,,,
1325.9,8.24,,,85.75,236.74,82.99,229.76,,,,,,,,,,,,
1326.1,8.24,,,85.76,236.76,83,229.79,,,,,,,,,,,,
1326.4,8.24,,,85.77,236.79,83.01,229.81,,,,,,,,,,,,
1326.6,8.24,,,85.78,236.81,83.03,229.86,,,,,,,,,,,,
1326.8,8.23,,,85.79,236.84,83.04,229.89,,,,,,,,,,,,
1326.9,8.23,,,85.81,236.89,83.05,229.91,,,,,,,,,,,,
1327,8.23,,,85.82,236.92,83.06,229.94,,,,,,,,,,,,
1327.1,8.23,,,85.84,236.97,83.07,229.97,,,,,,,,,,,,
1327.2,8.23,,,85.86,237.02,83.08,229.99,,,,,,,,,,,,
1327.3,8.23,,,85.87,237.04,83.09,230.02,,,,,,,,,,,,
1327.4,8.23,,,85.89,237.09,83.1,230.04,,,,,,,,,,,,
1327.7,8.23,,,85.9,237.12,83.11,230.07,,,,,,,,,,,,
1327.8,8.23,,,85.91,237.14,83.12,230.09,,,,,,,,,,,,
1327.9,8.23,,,85.92,237.17,83.13,230.12,,,,,,,,,,,,
1328,8.23,,,85.93,237.19,83.14,230.14,,,,,,,,,,,,
1328.1,8.22,,,85.94,237.22,83.16,230.19,,,,,,,,,,,,
1328.2,8.22,,,85.95,237.25,83.17,230.22,,,,,,,,,,,,
1328.5,8.22,,,85.96,237.27,83.18,230.24,,,,,,,,,,,,
1328.6,8.22,,,85.97,237.3,83.19,230.27,,,,,,,,,,,,
1328.8,8.22,,,85.98,237.32,83.2,230.29,,,,,,,,,,,,
1329,8.22,,,86,237.37,83.21,230.32,,,,,,,,,,,,
1329.1,8.22,,,86.01,237.4,83.22,230.34,,,,,,,,,,,,
1329.2,8.22,,,86.02,237.42,83.23,230.37,,,,,,,,,,,,
1329.3,8.22,,,86.03,237.45,83.24,230.39,,,,,,,,,,,,
1329.4,8.21,,,86.04,237.47,83.25,230.42,,,,,,,,,,,,
1329.5,8.21,,,86.05,237.5,83.27,230.47,,,,,,,,,,,,
1329.6,8.21,,,86.06,237.52,83.28,230.5,,,,,,,,,,,,
1329.8,8.21,,,86.07,237.55,83.29,230.52,,,,,,,,,,,,
1330,8.21,,,86.09,237.6,83.3,230.55,,,,,,,,,,,,
1330.2,8.21,,,86.1,237.62,83.32,230.6,,,,,,,,,,,,
1330.3,8.21,,,86.11,237.65,83.33,230.62,,,,,,,,,,,,
1330.4,8.21,,,86.12,237.68,83.34,230.65,,,,,,,,,,,,
1330.5,8.21,,,86.13,237.7,83.35,230.67,,,,,,,,,,,,
1330.8,8.2,,,86.14,237.73,83.36,230.7,,,,,,,,,,,,
1331.1,8.2,,,86.15,237.75,83.37,230.72,,,,,,,,,,,,
1331.2,8.2,,,86.16,237.78,83.39,230.77,,,,,,,,,,,,
1331.4,8.2,,,86.17,237.8,83.4,230.8,,,,,,,,,,,,
1331.6,8.2,,,86.18,237.83,83.41,230.82,,,,,,,,,,,,
1331.8,8.2,,,86.19,237.85,83.42,230.85,,,,,,,,,,,,
1331.9,8.2,,,86.2,237.88,83.43,230.87,,,,,,,,,,,,
1332,8.19,,,86.21,237.9,83.45,230.92,,,,,,,,,,,,
1332.1,8.19,,,86.22,237.93,83.46,230.95,,,,,,,,,,,,
1332.2,8.19,,,86.23,237.95,83.47,230.98,,,,,,,,,,,,
1332.3,8.19,,,86.24,237.98,83.48,231,,,,,,,,,,,,
1332.5,8.19,,,86.25,238,83.49,231.03,,,,,,,,,,,,
1332.6,8.19,,,86.26,238.03,83.5,231.05,,,,,,,,,,,,
1332.7,8.19,,,86.27,238.06,83.51,231.08,,,,,,,,,,,,
1332.8,8.19,,,86.28,238.08,83.52,231.1,,,,,,,,,,,,
1332.9,8.19,,,86.29,238.11,83.54,231.15,,,,,,,,,,,,
1333.1,8.19,,,86.3,238.13,83.55,231.18,,,,,,,,,,,,
1333.2,8.19,,,86.31,238.16,83.56,231.2,,,,,,,,,,,,
1333.4,8.18,,,86.32,238.18,83.57,231.23,,,,,,,,,,,,
1333.5,8.18,,,86.33,238.21,83.58,231.25,,,,,,,,,,,,
1333.6,8.18,,,86.34,238.23,83.59,231.28,,,,,,,,,,,,
1333.7,8.18,,,86.35,238.26,83.6,231.3,,,,,,,,,,,,
1333.8,8.18,,,86.36,238.28,83.61,231.33,,,,,,,,,,,,
1333.9,8.18,,,86.37,238.31,83.62,231.35,,,,,,,,,,,,
1334,8.18,,,86.38,238.33,83.64,231.4,,,,,,,,,,,,
1334.2,8.18,,,86.39,238.36,83.65,231.43,,,,,,,,,,,,
1334.5,8.18,,,86.4,238.38,83.66,231.46,,,,,,,,,,,,
1334.9,8.17,,,86.41,238.41,83.67,231.48,,,,,,,,,,,,
1335.1,8.17,,,86.42,238.43,83.68,231.51,,,,,,,,,,,,
1335.3,8.17,,,86.43,238.46,83.69,231.53,,,,,,,,,,,,
1335.7,8.17,,,86.44,238.49,83.71,231.58,,,,,,,,,,,,
1335.8,8.17,,,86.45,238.51,83.72,231.61,,,,,,,,,,,,
1335.9,8.16,,,86.46,238.54,83.73,231.63,,,,,,,,,,,,
1336.1,8.16,,,86.47,238.56,83.74,231.66,,,,,,,,,,,,
1336.3,8.16,,,86.49,238.61,83.75,231.68,,,,,,,,,,,,
1336.5,8.16,,,86.5,238.64,83.76,231.71,,,,,,,,,,,,
1336.6,8.16,,,86.51,238.66,83.77,231.73,,,,,,,,,,,,
1337,8.16,,,86.52,238.69,83.78,231.76,,,,,,,,,,,,
1337.3,8.15,,,86.53,238.71,83.79,231.78,,,,,,,,,,,,
1337.4,8.15,,,86.54,238.74,83.8,231.81,,,,,,,,,,,,
1337.5,8.15,,,86.55,238.76,83.81,231.83,,,,,,,,,,,,
1337.8,8.15,,,86.56,238.79,83.82,231.86,,,,,,,,,,,,
1337.9,8.15,,,86.57,238.81,83.83,231.88,,,,,,,,,,,,
1338.1,8.15,,,86.59,238.87,83.84,231.91,,,,,,,,,,,,
1338.2,8.15,,,86.61,238.92,83.85,231.94,,,,,,,,,,,,
1338.3,8.15,,,86.62,238.94,83.86,231.96,,,,,,,,,,,,
1338.4,8.15,,,86.63,238.97,83.88,232.01,,,,,,,,,,,,
1338.6,8.14,,,86.64,238.99,83.89,232.04,,,,,,,,,,,,
1338.8,8.14,,,86.65,239.02,83.9,232.06,,,,,,,,,,,,
1339.3,8.14,,,86.66,239.04,83.91,232.09,,,,,,,,,,,,
1339.8,8.14,,,86.67,239.07,83.92,232.11,,,,,,,,,,,,
1339.9,8.13,,,86.68,239.09,83.93,232.14,,,,,,,,,,,,
1340.2,8.13,,,86.69,239.12,83.94,232.16,,,,,,,,,,,,
1340.4,8.13,,,86.7,239.14,83.96,232.21,,,,,,,,,,,,
1340.6,8.13,,,86.71,239.17,83.97,232.24,,,,,,,,,,,,
1340.7,8.13,,,86.72,239.19,83.98,232.26,,,,,,,,,,,,
1341.2,8.12,,,86.73,239.22,83.99,232.29,,,,,,,,,,,,
1341.3,8.12,,,86.74,239.25,84,232.31,,,,,,,,,,,,
1341.7,8.12,,,86.75,239.27,84.01,232.34,,,,,,,,,,,,
1341.8,8.12,,,86.76,239.3,84.02,232.36,,,,,,,,,,,,
1342.3,8.12,,,86.77,239.32,84.03,232.39,,,,,,,,,,,,
1342.5,8.11,,,86.78,239.35,84.05,232.44,,,,,,,,,,,,
1342.6,8.11,,,86.79,239.37,84.06,232.47,,,,,,,,,,,,
1342.8,8.11,,,86.8,239.4,84.07,232.49,,,,,,,,,,,,
1342.9,8.11,,,86.81,239.42,84.08,232.52,,,,,,,,,,,,
1343.3,8.11,,,86.82,239.45,84.09,232.54,,,,,,,,,,,,
1343.4,8.11,,,86.83,239.47,84.1,232.57,,,,,,,,,,,,
1343.6,8.11,,,86.84,239.5,84.11,232.59,,,,,,,,,,,,
1343.7,8.11,,,86.85,239.52,84.12,232.62,,,,,,,,,,,,
1343.9,8.1,,,86.86,239.55,84.14,232.67,,,,,,,,,,,,
1344.2,8.1,,,86.87,239.57,84.15,232.69,,,,,,,,,,,,
1344.3,8.1,,,86.88,239.6,84.16,232.72,,,,,,,,,,,,
1344.4,8.1,,,86.89,239.63,84.17,232.74,,,,,,,,,,,,
1344.8,8.1,,,86.9,239.65,84.18,232.77,,,,,,,,,,,,
1344.9,8.1,,,86.91,239.68,84.19,232.79,,,,,,,,,,,,
1345.1,8.1,,,86.92,239.7,84.2,232.82,,,,,,,,,,,,
1345.4,8.09,,,86.93,239.73,84.21,232.84,,,,,,,,,,,,
1345.5,8.09,,,86.94,239.75,84.22,232.87,,,,,,,,,,,,
1345.7,8.09,,,86.95,239.78,84.24,232.92,,,,,,,,,,,,
1345.9,8.09,,,86.96,239.8,84.26,232.97,,,,,,,,,,,,
1346.1,8.09,,,86.97,239.83,84.27,233,,,,,,,,,,,,
1346.2,8.09,,,86.98,239.85,84.28,233.02,,,,,,,,,,,,
1346.3,8.09,,,87,239.9,84.3,233.07,,,,,,,,,,,,
1346.4,8.09,,,87.01,239.93,84.31,233.1,,,,,,,,,,,,
1346.5,8.08,,,87.02,239.95,84.32,233.12,,,,,,,,,,,,
1346.8,8.08,,,87.03,239.98,84.33,233.15,,,,,,,,,,,,
1347,8.08,,,87.04,240,84.34,233.17,,,,,,,,,,,,
1347.2,8.08,,,87.05,240.03,84.35,233.2,,,,,,,,,,,,
1347.6,8.08,,,87.06,240.06,84.36,233.22,,,,,,,,,,,,
1347.7,8.08,,,87.07,240.08,84.37,233.25,,,,,,,,,,,,
1347.9,8.07,,,87.08,240.11,84.38,233.27,,,,,,,,,,,,
1348.1,8.07,,,87.09,240.13,84.39,233.3,,,,,,,,,,,,
1348.3,8.07,,,87.1,240.16,84.4,233.33,,,,,,,,,,,,
1349,8.07,,,87.11,240.18,84.41,233.35,,,,,,,,,,,,
1349.3,8.06,,,87.12,240.21,84.42,233.38,,,,,,,,,,,,
1349.6,8.06,,,87.13,240.23,84.43,233.4,,,,,,,,,,,,
1350,8.06,,,87.14,240.26,84.44,233.43,,,,,,,,,,,,
1350.3,8.06,,,87.15,240.28,84.45,233.45,,,,,,,,,,,,
1350.8,8.05,,,87.16,240.31,84.46,233.48,,,,,,,,,,,,
1350.9,8.05,,,87.17,240.33,84.47,233.5,,,,,,,,,,,,
1351,8.05,,,87.18,240.36,84.48,233.53,,,,,,,,,,,,
1351.4,8.05,,,87.19,240.38,84.49,233.55,,,,,,,,,,,,
1351.6,8.05,,,87.2,240.41,84.5,233.58,,,,,,,,,,,,
1351.8,8.05,,,87.21,240.44,84.51,233.6,,,,,,,,,,,,
1351.9,8.04,,,87.22,240.46,84.52,233.63,,,,,,,,,,,,
1352.1,8.04,,,87.23,240.49,84.53,233.65,,,,,,,,,,,,
1352.2,8.04,,,87.24,240.51,84.54,233.68,,,,,,,,,,,,
1353,8.04,,,87.25,240.54,84.55,233.7,,,,,,,,,,,,
1353.1,8.04,,,87.26,240.56,84.56,233.73,,,,,,,,,,,,
1353.2,8.04,,,87.27,240.59,84.57,233.75,,,,,,,,,,,,
1353.3,8.03,,,87.28,240.61,84.58,233.78,,,,,,,,,,,,
1353.4,8.03,,,87.29,240.64,84.59,233.81,,,,,,,,,,,,
1353.5,8.03,,,87.3,240.66,84.6,233.83,,,,,,,,,,,,
1353.6,8.03,,,87.31,240.69,84.61,233.86,,,,,,,,,,,,
1353.9,8.03,,,87.32,240.71,84.62,233.88,,,,,,,,,,,,
1354,8.03,,,87.33,240.74,84.63,233.91,,,,,,,,,,,,
1354.1,8.03,,,87.34,240.77,84.64,233.93,,,,,,,,,,,,
1354.3,8.03,,,87.35,240.79,84.66,233.98,,,,,,,,,,,,
1354.7,8.02,,,87.36,240.82,84.67,234.01,,,,,,,,,,,,
1354.8,8.02,,,87.37,240.84,84.68,234.03,,,,,,,,,,,,
1354.9,8.02,,,87.38,240.87,84.69,234.06,,,,,,,,,,,,
1355.4,8.02,,,87.39,240.89,84.7,234.08,,,,,,,,,,,,
1355.5,8.02,,,87.4,240.92,84.71,234.11,,,,,,,,,,,,
1355.6,8.02,,,87.41,240.94,84.72,234.13,,,,,,,,,,,,
1355.7,8.02,,,87.42,240.97,84.73,234.16,,,,,,,,,,,,
1355.9,8.02,,,87.43,240.99,84.74,234.18,,,,,,,,,,,,
1356,8.01,,,87.44,241.02,84.75,234.21,,,,,,,,,,,,
1356.1,8.01,,,87.45,241.04,84.76,234.24,,,,,,,,,,,,
1356.5,8.01,,,87.46,241.07,84.77,234.26,,,,,,,,,,,,
1356.8,8.01,,,87.47,241.09,84.78,234.29,,,,,,,,,,,,
1357,8.01,,,87.48,241.12,84.79,234.31,,,,,,,,,,,,
1357.1,8.01,,,87.49,241.15,84.8,234.34,,,,,,,,,,,,
1357.4,8,,,87.5,241.17,84.81,234.36,,,,,,,,,,,,
1357.6,8,,,87.51,241.2,84.82,234.39,,,,,,,,,,,,
1357.7,8,,,87.52,241.22,84.84,234.44,,,,,,,,,,,,
1357.8,8,,,87.53,241.25,84.85,234.46,,,,,,,,,,,,
1358,8,,,87.54,241.27,84.86,234.49,,,,,,,,,,,,
1358.2,8,,,87.55,241.3,84.87,234.51,,,,,,,,,,,,
1358.3,8,,,87.56,241.32,84.88,234.54,,,,,,,,,,,,
1358.6,8,,,87.57,241.35,84.89,234.56,,,,,,,,,,,,
1358.7,7.99,,,87.58,241.37,84.9,234.59,,,,,,,,,,,,
1358.9,7.99,,,87.59,241.4,84.91,234.61,,,,,,,,,,,,
1359.1,7.99,,,87.6,241.42,84.92,234.64,,,,,,,,,,,,
1359.2,7.99,,,87.61,241.45,84.93,234.66,,,,,,,,,,,,
1359.3,7.99,,,87.62,241.47,84.94,234.69,,,,,,,,,,,,
1359.4,7.99,,,87.63,241.5,84.95,234.72,,,,,,,,,,,,
1359.5,7.99,,,87.64,241.53,84.97,234.77,,,,,,,,,,,,
1359.8,7.99,,,87.65,241.55,84.98,234.79,,,,,,,,,,,,
1359.9,7.99,,,87.66,241.58,84.99,234.82,,,,,,,,,,,,
1360.1,7.98,,,87.67,241.6,85,234.84,,,,,,,,,,,,
1360.3,7.98,,,87.68,241.63,85.01,234.87,,,,,,,,,,,,
1360.4,7.98,,,87.69,241.65,85.02,234.89,,,,,,,,,,,,
1360.5,7.98,,,87.71,241.7,85.03,234.92,,,,,,,,,,,,
1360.6,7.98,,,87.72,241.73,85.04,234.94,,,,,,,,,,,,
1360.7,7.98,,,87.73,241.75,85.05,234.97,,,,,,,,,,,,
1360.9,7.98,,,87.74,241.78,85.06,234.99,,,,,,,,,,,,
1361,7.98,,,87.75,241.8,85.07,235.02,,,,,,,,,,,,
1361.1,7.98,,,87.76,241.83,85.09,235.07,,,,,,,,,,,,
1361.2,7.98,,,87.77,241.85,85.1,235.09,,,,,,,,,,,,
1361.3,7.98,,,87.78,241.88,85.11,235.12,,,,,,,,,,,,
1361.4,7.98,,,87.79,241.91,85.12,235.15,,,,,,,,,,,,
1361.6,7.97,,,87.8,241.93,85.13,235.17,,,,,,,,,,,,
1361.8,7.97,,,87.81,241.96,85.14,235.2,,,,,,,,,,,,
1361.9,7.97,,,87.82,241.98,85.15,235.22,,,,,,,,,,,,
1362,7.97,,,87.83,242.01,85.16,235.25,,,,,,,,,,,,
1362.1,7.97,,,87.84,242.03,85.17,235.27,,,,,,,,,,,,
1362.3,7.97,,,87.85,242.06,85.18,235.3,,,,,,,,,,,,
1362.6,7.97,,,87.86,242.08,85.19,235.32,,,,,,,,,,,,
1362.9,7.96,,,87.87,242.11,85.2,235.35,,,,,,,,,,,,
1363.2,7.96,,,87.88,242.13,85.21,235.37,,,,,,,,,,,,
1363.3,7.96,,,87.89,242.16,85.22,235.4,,,,,,,,,,,,
1363.6,7.96,,,87.9,242.18,85.23,235.42,,,,,,,,,,,,
1363.7,7.96,,,87.91,242.21,85.24,235.45,,,,,,,,,,,,
1363.8,7.96,,,87.92,242.23,85.25,235.47,,,,,,,,,,,,
1364,7.96,,,87.93,242.26,85.26,235.5,,,,,,,,,,,,
1364.1,7.96,,,87.94,242.29,85.27,235.52,,,,,,,,,,,,
1364.2,7.96,,,87.95,242.31,85.28,235.55,,,,,,,,,,,,
1364.3,7.95,,,87.96,242.34,85.3,235.6,,,,,,,,,,,,
1364.6,7.95,,,87.97,242.36,85.31,235.63,,,,,,,,,,,,
1364.9,7.95,,,87.98,242.39,85.32,235.65,,,,,,,,,,,,
1365,7.95,,,87.99,242.41,85.33,235.68,,,,,,,,,,,,
1365.2,7.95,,,88,242.44,85.35,235.73,,,,,,,,,,,,
1365.3,7.95,,,88.01,242.46,85.36,235.75,,,,,,,,,,,,
1365.4,7.95,,,88.02,242.49,85.37,235.78,,,,,,,,,,,,
1365.5,7.95,,,88.03,242.51,85.38,235.8,,,,,,,,,,,,
1366,7.94,,,88.04,242.54,85.39,235.83,,,,,,,,,,,,
1366.2,7.94,,,88.05,242.56,85.4,235.85,,,,,,,,,,,,
1366.3,7.94,,,88.06,242.59,85.41,235.88,,,,,,,,,,,,
1366.5,7.94,,,88.07,242.62,85.42,235.9,,,,,,,,,,,,
1366.8,7.94,,,88.08,242.64,85.43,235.93,,,,,,,,,,,,
1367,7.94,,,88.09,242.67,85.44,235.95,,,,,,,,,,,,
1367.3,7.93,,,88.1,242.69,85.45,235.98,,,,,,,,,,,,
1367.4,7.93,,,88.11,242.72,85.46,236.01,,,,,,,,,,,,
1367.6,7.93,,,88.12,242.74,85.48,236.06,,,,,,,,,,,,
1367.8,7.93,,,88.13,242.77,85.49,236.08,,,,,,,,,,,,
1367.9,7.93,,,88.14,242.79,85.5,236.11,,,,,,,,,,,,
1368,7.93,,,88.15,242.82,85.51,236.13,,,,,,,,,,,,
1368.1,7.93,,,88.16,242.84,85.53,236.18,,,,,,,,,,,,
1368.3,7.93,,,88.17,242.87,85.54,236.21,,,,,,,,,,,,
1368.4,7.93,,,88.18,242.89,85.55,236.23,,,,,,,,,,,,
1368.8,7.92,,,88.19,242.92,85.56,236.26,,,,,,,,,,,,
1368.9,7.92,,,88.2,242.94,85.57,236.28,,,,,,,,,,,,
1369.2,7.92,,,88.21,242.97,85.58,236.31,,,,,,,,,,,,
1369.3,7.92,,,88.22,243,85.59,236.33,,,,,,,,,,,,
1369.4,7.92,,,88.23,243.02,85.6,236.36,,,,,,,,,,,,
1369.7,7.92,,,88.24,243.05,85.61,236.38,,,,,,,,,,,,
1370,7.91,,,88.25,243.07,85.62,236.41,,,,,,,,,,,,
1370.2,7.91,,,88.26,243.1,85.63,236.44,,,,,,,,,,,,
1370.7,7.91,,,88.27,243.12,85.64,236.46,,,,,,,,,,,,
1371.3,7.9,,,88.28,243.15,85.65,236.49,,,,,,,,,,,,
1371.7,7.9,,,88.29,243.17,85.66,236.51,,,,,,,,,,,,
1372.3,7.9,,,88.3,243.2,85.67,236.54,,,,,,,,,,,,
1372.5,7.9,,,88.31,243.22,85.69,236.59,,,,,,,,,,,,
1373.1,7.89,,,88.32,243.25,85.7,236.61,,,,,,,,,,,,
1373.7,7.89,,,88.33,243.27,85.71,236.64,,,,,,,,,,,,
1373.9,7.89,,,88.34,243.3,85.72,236.66,,,,,,,,,,,,
1374.6,7.88,,,88.35,243.33,85.74,236.71,,,,,,,,,,,,
1375.5,7.87,,,88.36,243.35,85.75,236.74,,,,,,,,,,,,
1375.7,7.87,,,88.37,243.38,85.76,236.76,,,,,,,,,,,,
1376.9,7.86,,,88.38,243.4,85.78,236.81,,,,,,,,,,,,
1377,7.86,,,88.39,243.43,85.79,236.84,,,,,,,,,,,,
1377.3,7.86,,,88.4,243.45,85.8,236.87,,,,,,,,,,,,
1377.4,7.86,,,88.41,243.48,85.81,236.89,,,,,,,,,,,,
1377.5,7.86,,,88.42,243.5,85.82,236.92,,,,,,,,,,,,
1377.6,7.86,,,88.43,243.53,85.84,236.97,,,,,,,,,,,,
1377.8,7.86,,,88.44,243.55,85.85,236.99,,,,,,,,,,,,
1378.5,7.85,,,88.45,243.58,85.86,237.02,,,,,,,,,,,,
1379.2,7.85,,,88.46,243.6,85.88,237.07,,,,,,,,,,,,
1379.3,7.85,,,88.47,243.63,85.89,237.09,,,,,,,,,,,,
1379.5,7.85,,,88.48,243.65,85.9,237.12,,,,,,,,,,,,
1379.6,7.85,,,88.49,243.68,85.91,237.14,,,,,,,,,,,,
1379.7,7.85,,,88.5,243.71,85.92,237.17,,,,,,,,,,,,
1380.2,7.84,,,88.51,243.73,85.93,237.19,,,,,,,,,,,,
1380.3,7.84,,,88.52,243.76,85.94,237.22,,,,,,,,,,,,
1380.4,7.84,,,88.53,243.78,85.95,237.25,,,,,,,,,,,,
1380.5,7.84,,,88.54,243.81,85.96,237.27,,,,,,,,,,,,
1380.6,7.84,,,88.55,243.83,85.97,237.3,,,,,,,,,,,,
1380.8,7.84,,,88.56,243.86,85.98,237.32,,,,,,,,,,,,
1381,7.84,,,88.57,243.88,85.99,237.35,,,,,,,,,,,,
1381.3,7.83,,,88.58,243.91,86,237.37,,,,,,,,,,,,
1381.4,7.83,,,88.59,243.93,86.01,237.4,,,,,,,,,,,,
1381.7,7.83,,,88.6,243.96,86.02,237.42,,,,,,,,,,,,
1381.8,7.83,,,88.61,243.98,86.03,237.45,,,,,,,,,,,,
1381.9,7.83,,,88.62,244.01,86.04,237.47,,,,,,,,,,,,
1382,7.83,,,88.63,244.04,86.05,237.5,,,,,,,,,,,,
1382.4,7.83,,,88.64,244.06,86.06,237.52,,,,,,,,,,,,
1382.6,7.82,,,88.65,244.09,86.07,237.55,,,,,,,,,,,,
1383,7.82,,,88.66,244.11,86.08,237.57,,,,,,,,,,,,
1383.1,7.82,,,88.67,244.14,86.09,237.6,,,,,,,,,,,,
1383.3,7.82,,,88.68,244.16,86.1,237.62,,,,,,,,,,,,
1383.7,7.82,,,88.69,244.19,86.11,237.65,,,,,,,,,,,,
1383.8,7.82,,,88.7,244.21,86.12,237.68,,,,,,,,,,,,
1384,7.82,,,88.71,244.24,86.13,237.7,,,,,,,,,,,,
1385.2,7.81,,,88.72,244.26,86.14,237.73,,,,,,,,,,,,
1385.6,7.8,,,88.73,244.29,86.15,237.75,,,,,,,,,,,,
1386.3,7.8,,,88.74,244.31,86.16,237.78,,,,,,,,,,,,
1386.5,7.8,,,88.75,244.34,86.17,237.8,,,,,,,,,,,,
1386.6,7.8,,,88.76,244.36,86.19,237.85,,,,,,,,,,,,
1386.8,7.8,,,88.77,244.39,86.2,237.88,,,,,,,,,,,,
1387.2,7.79,,,88.78,244.42,86.21,237.9,,,,,,,,,,,,
1387.5,7.79,,,88.79,244.44,86.22,237.93,,,,,,,,,,,,
1387.6,7.79,,,88.8,244.47,86.23,237.95,,,,,,,,,,,,
1387.7,7.79,,,88.81,244.49,86.24,237.98,,,,,,,,,,,,
1387.8,7.79,,,88.82,244.52,86.25,238,,,,,,,,,,,,
1388,7.79,,,88.83,244.54,86.26,238.03,,,,,,,,,,,,
1388.1,7.79,,,88.84,244.57,86.27,238.06,,,,,,,,,,,,
1388.2,7.79,,,88.85,244.59,86.29,238.11,,,,,,,,,,,,
1388.5,7.78,,,88.86,244.62,86.3,238.13,,,,,,,,,,,,
1388.6,7.78,,,88.87,244.64,86.31,238.16,,,,,,,,,,,,
1389.4,7.78,,,88.88,244.67,86.32,238.18,,,,,,,,,,,,
1389.6,7.78,,,88.89,244.69,86.33,238.21,,,,,,,,,,,,
1389.7,7.78,,,88.9,244.72,86.35,238.26,,,,,,,,,,,,
1389.9,7.77,,,88.91,244.75,86.36,238.28,,,,,,,,,,,,
1390.2,7.77,,,88.92,244.77,86.37,238.31,,,,,,,,,,,,
1390.3,7.77,,,88.93,244.8,86.38,238.33,,,,,,,,,,,,
1390.4,7.77,,,88.94,244.82,86.39,238.36,,,,,,,,,,,,
1390.9,7.77,,,88.95,244.85,86.4,238.38,,,,,,,,,,,,
1391,7.77,,,88.96,244.87,86.41,238.41,,,,,,,,,,,,
1392,7.76,,,88.97,244.9,86.42,238.43,,,,,,,,,,,,
1392.1,7.76,,,88.98,244.92,86.43,238.46,,,,,,,,,,,,
1392.4,7.76,,,88.99,244.95,86.44,238.49,,,,,,,,,,,,
1393.2,7.75,,,89,244.97,86.45,238.51,,,,,,,,,,,,
1393.6,7.75,,,89.01,245,86.46,238.54,,,,,,,,,,,,
1393.8,7.75,,,89.02,245.02,86.47,238.56,,,,,,,,,,,,
1393.9,7.75,,,89.03,245.05,86.48,238.59,,,,,,,,,,,,
1394.1,7.75,,,89.04,245.08,86.49,238.61,,,,,,,,,,,,
1394.2,7.75,,,89.05,245.1,86.5,238.64,,,,,,,,,,,,
1394.4,7.74,,,89.06,245.13,86.52,238.69,,,,,,,,,,,,
1395.1,7.74,,,89.07,245.15,86.53,238.71,,,,,,,,,,,,
1395.2,7.74,,,89.08,245.18,86.54,238.74,,,,,,,,,,,,
1395.4,7.74,,,89.09,245.2,86.55,238.76,,,,,,,,,,,,
1395.6,7.74,,,89.1,245.23,86.56,238.79,,,,,,,,,,,,
1395.8,7.73,,,89.11,245.25,86.57,238.81,,,,,,,,,,,,
1396.1,7.73,,,89.12,245.28,86.58,238.84,,,,,,,,,,,,
1396.6,7.73,,,89.13,245.3,86.6,238.89,,,,,,,,,,,,
1397.2,7.72,,,89.14,245.33,86.61,238.92,,,,,,,,,,,,
1397.7,7.72,,,89.15,245.35,86.62,238.94,,,,,,,,,,,,
1397.8,7.72,,,89.16,245.38,86.63,238.97,,,,,,,,,,,,
1397.9,7.72,,,89.17,245.41,86.64,238.99,,,,,,,,,,,,
1398.1,7.72,,,89.18,245.43,86.65,239.02,,,,,,,,,,,,
1398.3,7.72,,,89.19,245.46,86.67,239.07,,,,,,,,,,,,
1398.5,7.72,,,89.2,245.48,86.68,239.09,,,,,,,,,,,,
1398.6,7.72,,,89.21,245.51,86.69,239.12,,,,,,,,,,,,
1399,7.71,,,89.22,245.53,86.7,239.14,,,,,,,,,,,,
1399.2,7.71,,,89.23,245.56,86.71,239.17,,,,,,,,,,,,
1399.3,7.71,,,89.24,245.58,86.72,239.19,,,,,,,,,,,,
1399.4,7.71,,,89.25,245.61,86.73,239.22,,,,,,,,,,,,
1399.5,7.71,,,89.26,245.63,86.75,239.27,,,,,,,,,,,,
1399.6,7.71,,,89.27,245.66,86.76,239.3,,,,,,,,,,,,
1400.1,7.71,,,89.28,245.68,86.77,239.32,,,,,,,,,,,,
1400.3,7.7,,,89.29,245.71,86.78,239.35,,,,,,,,,,,,
1400.4,7.7,,,89.3,245.73,86.79,239.37,,,,,,,,,,,,
1400.5,7.7,,,89.31,245.76,86.8,239.4,,,,,,,,,,,,
1400.7,7.7,,,89.32,245.79,86.81,239.42,,,,,,,,,,,,
1401.3,7.7,,,89.33,245.81,86.82,239.45,,,,,,,,,,,,
1401.9,7.69,,,89.34,245.84,86.83,239.47,,,,,,,,,,,,
1402.4,7.69,,,89.35,245.86,86.84,239.5,,,,,,,,,,,,
1402.6,7.69,,,89.36,245.89,86.85,239.52,,,,,,,,,,,,
1402.7,7.69,,,89.37,245.91,86.86,239.55,,,,,,,,,,,,
1402.9,7.69,,,89.38,245.94,86.87,239.57,,,,,,,,,,,,
1403.1,7.69,,,89.39,245.96,86.88,239.6,,,,,,,,,,,,
1403.2,7.68,,,89.4,245.99,86.89,239.63,,,,,,,,,,,,
1403.4,7.68,,,89.41,246.01,86.9,239.65,,,,,,,,,,,,
1403.6,7.68,,,89.42,246.04,86.91,239.68,,,,,,,,,,,,
1404.1,7.68,,,89.43,246.06,86.92,239.7,,,,,,,,,,,,
1404.2,7.68,,,89.44,246.09,86.93,239.73,,,,,,,,,,,,
1404.4,7.68,,,89.45,246.12,86.94,239.75,,,,,,,,,,,,
1404.5,7.68,,,89.46,246.14,86.95,239.78,,,,,,,,,,,,
1405,7.67,,,89.47,246.17,86.97,239.83,,,,,,,,,,,,
1405.3,7.67,,,89.48,246.19,86.98,239.85,,,,,,,,,,,,
1405.5,7.67,,,89.49,246.22,86.99,239.88,,,,,,,,,,,,
1405.6,7.67,,,89.5,246.24,87,239.9,,,,,,,,,,,,
1405.7,7.67,,,89.51,246.27,87.01,239.93,,,,,,,,,,,,
1406,7.67,,,89.52,246.29,87.02,239.95,,,,,,,,,,,,
1406.5,7.66,,,89.53,246.32,87.03,239.98,,,,,,,,,,,,
1406.7,7.66,,,89.54,246.34,87.04,240,,,,,,,,,,,,
1406.8,7.66,,,89.55,246.37,87.05,240.03,,,,,,,,,,,,
1406.9,7.66,,,89.56,246.39,87.06,240.06,,,,,,,,,,,,
1407.2,7.66,,,89.57,246.42,87.07,240.08,,,,,,,,,,,,
1407.3,7.66,,,89.58,246.45,87.08,240.11,,,,,,,,,,,,
1407.4,7.66,,,89.59,246.47,87.09,240.13,,,,,,,,,,,,
1407.7,7.65,,,89.6,246.5,87.1,240.16,,,,,,,,,,,,
1407.9,7.65,,,89.61,246.52,87.11,240.18,,,,,,,,,,,,
1408,7.65,,,89.62,246.55,87.12,240.21,,,,,,,,,,,,
1408.1,7.65,,,89.63,246.57,87.13,240.23,,,,,,,,,,,,
1408.8,7.65,,,89.64,246.6,87.14,240.26,,,,,,,,,,,,
1409.2,7.64,,,89.65,246.62,87.15,240.28,,,,,,,,,,,,
1409.3,7.64,,,89.66,246.65,87.16,240.31,,,,,,,,,,,,
1409.5,7.64,,,89.67,246.67,87.17,240.33,,,,,,,,,,,,
1409.8,7.64,,,89.68,246.7,87.18,240.36,,,,,,,,,,,,
1409.9,7.64,,,89.69,246.72,87.19,240.38,,,,,,,,,,,,
1410.1,7.64,,,89.7,246.75,87.2,240.41,,,,,,,,,,,,
1410.8,7.63,,,89.71,246.78,87.21,240.44,,,,,,,,,,,,
1411.1,7.63,,,89.72,246.8,87.22,240.46,,,,,,,,,,,,
1411.2,7.63,,,89.73,246.83,87.23,240.49,,,,,,,,,,,,
1411.8,7.63,,,89.74,246.85,87.25,240.54,,,,,,,,,,,,
1412.2,7.62,,,89.75,246.88,87.26,240.56,,,,,,,,,,,,
1412.3,7.62,,,89.76,246.9,87.27,240.59,,,,,,,,,,,,
1412.4,7.62,,,89.77,246.93,87.28,240.61,,,,,,,,,,,,
1412.5,7.62,,,89.78,246.95,87.29,240.64,,,,,,,,,,,,
1412.6,7.62,,,89.79,246.98,87.3,240.66,,,,,,,,,,,,
1412.9,7.62,,,89.8,247,87.31,240.69,,,,,,,,,,,,
1413.1,7.62,,,89.81,247.03,87.32,240.71,,,,,,,,,,,,
1413.3,7.62,,,89.82,247.05,87.33,240.74,,,,,,,,,,,,
1415.5,7.6,,,89.83,247.08,87.34,240.77,,,,,,,,,,,,
1416,7.6,,,89.84,247.11,87.35,240.79,,,,,,,,,,,,
1416.3,7.6,,,89.85,247.13,87.36,240.82,,,,,,,,,,,,
1416.5,7.6,,,89.86,247.16,87.37,240.84,,,,,,,,,,,,
1416.6,7.6,,,89.87,247.18,87.38,240.87,,,,,,,,,,,,
1417.1,7.59,,,89.88,247.21,87.39,240.89,,,,,,,,,,,,
1417.4,7.59,,,89.89,247.23,87.4,240.92,,,,,,,,,,,,
1417.5,7.59,,,89.9,247.26,87.41,240.94,,,,,,,,,,,,
1417.6,7.59,,,89.91,247.28,87.42,240.97,,,,,,,,,,,,
1417.7,7.59,,,89.92,247.31,87.44,241.02,,,,,,,,,,,,
1417.8,7.59,,,89.93,247.33,87.45,241.04,,,,,,,,,,,,
1418.7,7.58,,,89.94,247.36,87.46,241.07,,,,,,,,,,,,
1419.1,7.58,,,89.95,247.38,87.47,241.09,,,,,,,,,,,,
1419.7,7.58,,,89.96,247.41,87.48,241.12,,,,,,,,,,,,
1419.9,7.57,,,89.97,247.44,87.49,241.15,,,,,,,,,,,,
1420.4,7.57,,,89.98,247.46,87.5,241.17,,,,,,,,,,,,
1420.5,7.57,,,89.99,247.49,87.51,241.2,,,,,,,,,,,,
1420.8,7.57,,,90,247.51,87.52,241.22,,,,,,,,,,,,
1421,7.57,,,90.01,247.54,87.53,241.25,,,,,,,,,,,,
1421.1,7.57,,,90.02,247.56,87.54,241.27,,,,,,,,,,,,
1421.4,7.56,,,90.03,247.59,87.55,241.3,,,,,,,,,,,,
1421.9,7.56,,,90.04,247.61,87.56,241.32,,,,,,,,,,,,
1422,7.56,,,90.05,247.64,87.57,241.35,,,,,,,,,,,,
1422.2,7.56,,,90.06,247.66,87.58,241.37,,,,,,,,,,,,
1422.4,7.56,,,90.07,247.69,87.59,241.4,,,,,,,,,,,,
1422.6,7.56,,,90.08,247.71,87.6,241.42,,,,,,,,,,,,
1422.7,7.56,,,90.09,247.74,87.61,241.45,,,,,,,,,,,,
1422.9,7.56,,,90.1,247.77,87.62,241.47,,,,,,,,,,,,
1423.2,7.55,,,90.11,247.79,87.63,241.5,,,,,,,,,,,,
1423.3,7.55,,,90.12,247.82,87.64,241.53,,,,,,,,,,,,
1423.4,7.55,,,90.13,247.84,87.65,241.55,,,,,,,,,,,,
1423.6,7.55,,,90.14,247.87,87.66,241.58,,,,,,,,,,,,
1424.1,7.55,,,90.15,247.89,87.67,241.6,,,,,,,,,,,,
1424.7,7.54,,,90.16,247.92,87.68,241.63,,,,,,,,,,,,
1425.1,7.54,,,90.17,247.94,87.69,241.65,,,,,,,,,,,,
1425.2,7.54,,,90.18,247.97,87.7,241.68,,,,,,,,,,,,
1425.5,7.54,,,90.19,247.99,87.71,241.7,,,,,,,,,,,,
1425.8,7.54,,,90.2,248.02,87.72,241.73,,,,,,,,,,,,
1426,7.54,,,90.21,248.05,87.73,241.75,,,,,,,,,,,,
1426.4,7.53,,,90.22,248.07,87.74,241.78,,,,,,,,,,,,
1426.6,7.53,,,90.23,248.1,87.75,241.8,,,,,,,,,,,,
1426.7,7.53,,,90.24,248.12,87.76,241.83,,,,,,,,,,,,
1426.9,7.53,,,90.25,248.15,87.77,241.85,,,,,,,,,,,,
1427.3,7.53,,,90.26,248.17,87.78,241.88,,,,,,,,,,,,
1427.4,7.53,,,90.27,248.2,87.79,241.91,,,,,,,,,,,,
1427.5,7.53,,,90.28,248.22,87.8,241.93,,,,,,,,,,,,
1427.6,7.53,,,90.29,248.25,87.81,241.96,,,,,,,,,,,,
1428.1,7.52,,,90.3,248.27,87.82,241.98,,,,,,,,,,,,
1428.4,7.52,,,90.31,248.3,87.83,242.01,,,,,,,,,,,,
1428.7,7.52,,,90.32,248.32,87.84,242.03,,,,,,,,,,,,
1428.8,7.52,,,90.33,248.35,87.85,242.06,,,,,,,,,,,,
1429,7.52,,,90.34,248.38,87.87,242.11,,,,,,,,,,,,
1429.3,7.51,,,90.35,248.4,87.88,242.13,,,,,,,,,,,,
1429.8,7.51,,,90.36,248.43,87.89,242.16,,,,,,,,,,,,
1429.9,7.51,,,90.37,248.45,87.9,242.18,,,,,,,,,,,,
1430,7.51,,,90.38,248.48,87.92,242.23,,,,,,,,,,,,
1430.1,7.51,,,90.39,248.5,87.93,242.26,,,,,,,,,,,,
1430.2,7.51,,,90.4,248.53,87.94,242.29,,,,,,,,,,,,
1430.3,7.51,,,90.41,248.55,87.95,242.31,,,,,,,,,,,,
1430.5,7.51,,,90.42,248.58,87.96,242.34,,,,,,,,,,,,
1430.7,7.51,,,90.43,248.6,87.97,242.36,,,,,,,,,,,,
1430.9,7.5,,,90.44,248.63,87.98,242.39,,,,,,,,,,,,
1431,7.5,,,90.45,248.65,87.99,242.41,,,,,,,,,,,,
1431.1,7.5,,,90.46,248.68,88,242.44,,,,,,,,,,,,
1431.2,7.5,,,90.47,248.71,88.01,242.46,,,,,,,,,,,,
1431.4,7.5,,,90.48,248.73,88.02,242.49,,,,,,,,,,,,
1432,7.5,,,90.49,248.76,88.03,242.51,,,,,,,,,,,,
1432.2,7.5,,,90.5,248.78,88.04,242.54,,,,,,,,,,,,
1432.7,7.49,,,90.51,248.81,88.05,242.56,,,,,,,,,,,,
1432.8,7.49,,,90.52,248.83,88.06,242.59,,,,,,,,,,,,
1432.9,7.49,,,90.53,248.86,88.07,242.62,,,,,,,,,,,,
1433.1,7.49,,,90.54,248.88,88.08,242.64,,,,,,,,,,,,
1433.2,7.49,,,90.55,248.91,88.09,242.67,,,,,,,,,,,,
1433.4,7.49,,,90.56,248.93,88.1,242.69,,,,,,,,,,,,
1433.7,7.49,,,90.57,248.96,88.11,242.72,,,,,,,,,,,,
1433.9,7.48,,,90.58,248.98,88.12,242.74,,,,,,,,,,,,
1434.2,7.48,,,90.59,249.01,88.13,242.77,,,,,,,,,,,,
1434.4,7.48,,,90.6,249.04,88.14,242.79,,,,,,,,,,,,
1434.5,7.48,,,90.61,249.06,88.15,242.82,,,,,,,,,,,,
1434.7,7.48,,,90.62,249.09,88.16,242.84,,,,,,,,,,,,
1434.9,7.48,,,90.63,249.11,88.17,242.87,,,,,,,,,,,,
1435,7.48,,,90.64,249.14,88.18,242.89,,,,,,,,,,,,
1435.2,7.48,,,90.65,249.16,88.19,242.92,,,,,,,,,,,,
1435.4,7.48,,,90.66,249.19,88.2,242.94,,,,,,,,,,,,
1435.6,7.47,,,90.67,249.21,88.21,242.97,,,,,,,,,,,,
1435.8,7.47,,,90.68,249.24,88.22,243,,,,,,,,,,,,
1436,7.47,,,90.69,249.26,88.23,243.02,,,,,,,,,,,,
1436.1,7.47,,,90.7,249.29,88.24,243.05,,,,,,,,,,,,
1436.4,7.47,,,90.71,249.31,88.25,243.07,,,,,,,,,,,,
1436.5,7.47,,,90.72,249.34,88.26,243.1,,,,,,,,,,,,
1436.6,7.47,,,90.73,249.37,88.27,243.12,,,,,,,,,,,,
1436.9,7.47,,,90.74,249.39,88.28,243.15,,,,,,,,,,,,
1437,7.47,,,90.75,249.42,88.29,243.17,,,,,,,,,,,,
1437.1,7.46,,,90.76,249.44,88.3,243.2,,,,,,,,,,,,
1437.3,7.46,,,90.77,249.47,88.31,243.22,,,,,,,,,,,,
1437.4,7.46,,,90.78,249.49,88.32,243.25,,,,,,,,,,,,
1437.5,7.46,,,90.79,249.52,88.33,243.27,,,,,,,,,,,,
1437.6,7.46,,,90.8,249.54,88.34,243.3,,,,,,,,,,,,
1437.7,7.46,,,90.81,249.57,88.35,243.33,,,,,,,,,,,,
1437.8,7.46,,,90.82,249.59,88.36,243.35,,,,,,,,,,,,
1438,7.46,,,90.83,249.62,88.37,243.38,,,,,,,,,,,,
1438.2,7.46,,,90.84,249.65,88.38,243.4,,,,,,,,,,,,
1438.3,7.46,,,90.85,249.67,88.39,243.43,,,,,,,,,,,,
1438.4,7.46,,,90.86,249.7,88.4,243.45,,,,,,,,,,,,
1438.7,7.45,,,90.87,249.72,88.41,243.48,,,,,,,,,,,,
1438.8,7.45,,,90.88,249.75,88.42,243.5,,,,,,,,,,,,
1438.9,7.45,,,90.89,249.77,88.43,243.53,,,,,,,,,,,,
1439,7.45,,,90.9,249.8,88.44,243.55,,,,,,,,,,,,
1439.4,7.45,,,90.91,249.82,88.45,243.58,,,,,,,,,,,,
1439.8,7.45,,,90.92,249.85,88.46,243.6,,,,,,,,,,,,
1440.2,7.45,,,90.93,249.87,88.47,243.63,,,,,,,,,,,,
1440.6,7.44,,,90.94,249.9,88.48,243.65,,,,,,,,,,,,
1440.9,7.44,,,90.95,249.92,88.49,243.68,,,,,,,,,,,,
1441.2,7.44,,,90.96,249.95,88.5,243.71,,,,,,,,,,,,
1441.4,7.44,,,90.97,249.98,88.51,243.73,,,,,,,,,,,,
1441.5,7.44,,,90.98,250,88.52,243.76,,,,,,,,,,,,
1441.6,7.44,,,90.99,250.03,88.53,243.78,,,,,,,,,,,,
1441.7,7.44,,,91,250.05,88.54,243.81,,,,,,,,,,,,
1442,7.43,,,91.01,250.08,88.55,243.83,,,,,,,,,,,,
1442.1,7.43,,,91.02,250.1,88.56,243.86,,,,,,,,,,,,
1442.4,7.43,,,91.03,250.13,88.57,243.88,,,,,,,,,,,,
1442.6,7.43,,,91.04,250.15,88.58,243.91,,,,,,,,,,,,
1442.9,7.43,,,91.05,250.18,88.59,243.93,,,,,,,,,,,,
1443,7.43,,,91.06,250.2,88.6,243.96,,,,,,,,,,,,
1443.2,7.43,,,91.07,250.23,88.61,243.98,,,,,,,,,,,,
1443.3,7.43,,,91.08,250.26,88.62,244.01,,,,,,,,,,,,
1443.9,7.42,,,91.09,250.28,88.63,244.04,,,,,,,,,,,,
1444,7.42,,,91.1,250.31,88.64,244.06,,,,,,,,,,,,
1444.5,7.42,,,91.11,250.33,88.65,244.09,,,,,,,,,,,,
1445,7.42,,,91.12,250.36,88.66,244.11,,,,,,,,,,,,
1445.1,7.41,,,91.13,250.38,88.67,244.14,,,,,,,,,,,,
1445.2,7.41,,,91.14,250.41,88.68,244.16,,,,,,,,,,,,
1445.4,7.41,,,91.15,250.43,88.69,244.19,,,,,,,,,,,,
1445.5,7.41,,,91.16,250.46,88.7,244.21,,,,,,,,,,,,
1446.1,7.41,,,91.17,250.48,88.71,244.24,,,,,,,,,,,,
1446.7,7.41,,,91.18,250.51,88.72,244.26,,,,,,,,,,,,
1447,7.4,,,91.19,250.53,88.73,244.29,,,,,,,,,,,,
1447.1,7.4,,,91.2,250.56,88.74,244.31,,,,,,,,,,,,
1447.2,7.4,,,91.21,250.59,88.75,244.34,,,,,,,,,,,,
1447.4,7.4,,,91.22,250.61,88.76,244.36,,,,,,,,,,,,
1447.5,7.4,,,91.23,250.64,88.77,244.39,,,,,,,,,,,,
1447.7,7.4,,,91.24,250.66,88.78,244.42,,,,,,,,,,,,
1448,7.4,,,91.25,250.69,88.79,244.44,,,,,,,,,,,,
1448.5,7.39,,,91.26,250.71,88.8,244.47,,,,,,,,,,,,
1448.7,7.39,,,91.27,250.74,88.81,244.49,,,,,,,,,,,,
1448.8,7.39,,,91.28,250.76,88.82,244.52,,,,,,,,,,,,
1449.3,7.39,,,91.29,250.79,88.83,244.54,,,,,,,,,,,,
1449.8,7.39,,,91.3,250.81,88.84,244.57,,,,,,,,,,,,
1450.2,7.38,,,91.31,250.84,88.85,244.59,,,,,,,,,,,,
1450.8,7.38,,,91.32,250.86,88.86,244.62,,,,,,,,,,,,
1450.9,7.38,,,91.33,250.89,88.87,244.64,,,,,,,,,,,,
1451.1,7.38,,,91.34,250.92,88.88,244.67,,,,,,,,,,,,
1451.3,7.38,,,91.35,250.94,88.89,244.69,,,,,,,,,,,,
1451.4,7.38,,,91.36,250.97,88.9,244.72,,,,,,,,,,,,
1451.6,7.37,,,91.37,250.99,88.91,244.75,,,,,,,,,,,,
1452.2,7.37,,,91.38,251.02,88.92,244.77,,,,,,,,,,,,
1452.3,7.37,,,91.39,251.04,88.93,244.8,,,,,,,,,,,,
1452.4,7.37,,,91.4,251.07,88.94,244.82,,,,,,,,,,,,
1452.6,7.37,,,91.41,251.09,88.95,244.85,,,,,,,,,,,,
1453,7.37,,,91.42,251.12,88.96,244.87,,,,,,,,,,,,
1453.3,7.36,,,91.43,251.14,88.97,244.9,,,,,,,,,,,,
1453.6,7.36,,,91.44,251.17,88.98,244.92,,,,,,,,,,,,
1454.2,7.36,,,91.45,251.2,88.99,244.95,,,,,,,,,,,,
1454.5,7.36,,,91.46,251.22,89,244.97,,,,,,,,,,,,
1454.7,7.36,,,91.47,251.25,89.01,245,,,,,,,,,,,,
1454.8,7.36,,,91.48,251.27,89.02,245.02,,,,,,,,,,,,
1454.9,7.35,,,91.49,251.3,89.03,245.05,,,,,,,,,,,,
1455.4,7.35,,,91.5,251.32,89.04,245.08,,,,,,,,,,,,
1455.5,7.35,,,91.51,251.35,89.05,245.1,,,,,,,,,,,,
1455.6,7.35,,,91.52,251.37,89.06,245.13,,,,,,,,,,,,
1455.7,7.35,,,91.53,251.4,89.07,245.15,,,,,,,,,,,,
1455.8,7.35,,,91.54,251.42,89.08,245.18,,,,,,,,,,,,
1455.9,7.35,,,91.55,251.45,89.09,245.2,,,,,,,,,,,,
1456,7.35,,,91.56,251.48,89.1,245.23,,,,,,,,,,,,
1456.3,7.35,,,91.57,251.5,89.11,245.25,,,,,,,,,,,,
1456.7,7.34,,,91.58,251.53,89.12,245.28,,,,,,,,,,,,
1456.8,7.34,,,91.59,251.55,89.13,245.3,,,,,,,,,,,,
1457,7.34,,,91.6,251.58,89.14,245.33,,,,,,,,,,,,
1457.1,7.34,,,91.61,251.6,89.15,245.35,,,,,,,,,,,,
1457.2,7.34,,,91.62,251.63,89.16,245.38,,,,,,,,,,,,
1457.3,7.34,,,91.63,251.65,89.17,245.41,,,,,,,,,,,,
1457.8,7.34,,,91.64,251.68,89.18,245.43,,,,,,,,,,,,
1457.9,7.34,,,91.65,251.7,89.19,245.46,,,,,,,,,,,,
1458.2,7.33,,,91.66,251.73,89.2,245.48,,,,,,,,,,,,
1458.3,7.33,,,91.67,251.75,89.21,245.51,,,,,,,,,,,,
1458.5,7.33,,,91.68,251.78,89.22,245.53,,,,,,,,,,,,
1458.6,7.33,,,91.69,251.81,89.23,245.56,,,,,,,,,,,,
1458.7,7.33,,,91.7,251.83,89.24,245.58,,,,,,,,,,,,
1458.8,7.33,,,91.71,251.86,89.25,245.61,,,,,,,,,,,,
1459.1,7.33,,,91.72,251.88,89.26,245.63,,,,,,,,,,,,
1459.2,7.33,,,91.73,251.91,89.27,245.66,,,,,,,,,,,,
1459.3,7.33,,,91.74,251.93,89.28,245.68,,,,,,,,,,,,
1459.4,7.33,,,91.75,251.96,89.29,245.71,,,,,,,,,,,,
1459.5,7.33,,,91.76,251.98,89.3,245.73,,,,,,,,,,,,
1459.6,7.33,,,91.77,252.01,89.31,245.76,,,,,,,,,,,,
1459.9,7.32,,,91.78,252.03,89.32,245.79,,,,,,,,,,,,
1460.1,7.32,,,91.79,252.06,89.33,245.81,,,,,,,,,,,,
1460.2,7.32,,,91.8,252.09,89.34,245.84,,,,,,,,,,,,
1460.4,7.32,,,91.81,252.11,89.35,245.86,,,,,,,,,,,,
1461.1,7.32,,,91.82,252.14,89.36,245.89,,,,,,,,,,,,
1461.3,7.32,,,91.83,252.16,89.37,245.91,,,,,,,,,,,,
1461.9,7.31,,,91.84,252.19,89.38,245.94,,,,,,,,,,,,
1462,7.31,,,91.85,252.21,89.39,245.96,,,,,,,,,,,,
1462.1,7.31,,,91.86,252.24,89.4,245.99,,,,,,,,,,,,
1462.4,7.31,,,91.87,252.26,89.41,246.01,,,,,,,,,,,,
1462.6,7.31,,,91.88,252.29,89.42,246.04,,,,,,,,,,,,
1462.7,7.31,,,91.89,252.31,89.43,246.06,,,,,,,,,,,,
1462.9,7.31,,,91.9,252.34,89.44,246.09,,,,,,,,,,,,
1463.5,7.3,,,91.91,252.36,89.45,246.12,,,,,,,,,,,,
1463.6,7.3,,,91.92,252.39,89.46,246.14,,,,,,,,,,,,
1463.7,7.3,,,91.93,252.42,89.47,246.17,,,,,,,,,,,,
1463.8,7.3,,,91.94,252.44,89.48,246.19,,,,,,,,,,,,
1463.9,7.3,,,91.95,252.47,89.49,246.22,,,,,,,,,,,,
1464,7.3,,,91.96,252.49,89.5,246.24,,,,,,,,,,,,
1464.1,7.3,,,91.97,252.52,89.51,246.27,,,,,,,,,,,,
1464.2,7.3,,,91.98,252.54,89.53,246.32,,,,,,,,,,,,
1464.3,7.3,,,91.99,252.57,89.54,246.34,,,,,,,,,,,,
1464.8,7.3,,,92,252.59,89.55,246.37,,,,,,,,,,,,
1465,7.29,,,92.01,252.62,89.56,246.39,,,,,,,,,,,,
1465.1,7.29,,,92.02,252.64,89.57,246.42,,,,,,,,,,,,
1465.5,7.29,,,92.03,252.67,89.58,246.45,,,,,,,,,,,,
1465.6,7.29,,,92.04,252.7,89.59,246.47,,,,,,,,,,,,
1465.9,7.29,,,92.05,252.72,89.6,246.5,,,,,,,,,,,,
1466,7.29,,,92.06,252.75,89.61,246.52,,,,,,,,,,,,
1466.1,7.29,,,92.07,252.77,89.62,246.55,,,,,,,,,,,,
1466.2,7.29,,,92.08,252.8,89.63,246.57,,,,,,,,,,,,
1466.5,7.29,,,92.09,252.82,89.64,246.6,,,,,,,,,,,,
1466.7,7.28,,,92.1,252.85,89.65,246.62,,,,,,,,,,,,
1466.9,7.28,,,92.11,252.87,89.66,246.65,,,,,,,,,,,,
1467,7.28,,,92.12,252.9,89.67,246.67,,,,,,,,,,,,
1467.1,7.28,,,92.13,252.92,89.68,246.7,,,,,,,,,,,,
1467.2,7.28,,,92.14,252.95,89.69,246.72,,,,,,,,,,,,
1467.5,7.28,,,92.15,252.98,89.7,246.75,,,,,,,,,,,,
1467.6,7.28,,,92.16,253,89.71,246.78,,,,,,,,,,,,
1467.7,7.28,,,92.17,253.03,89.72,246.8,,,,,,,,,,,,
1467.8,7.28,,,92.18,253.05,89.73,246.83,,,,,,,,,,,,
1467.9,7.28,,,92.19,253.08,89.74,246.85,,,,,,,,,,,,
1468,7.28,,,92.2,253.1,89.75,246.88,,,,,,,,,,,,
1468.1,7.28,,,92.21,253.13,89.76,246.9,,,,,,,,,,,,
1468.3,7.27,,,92.22,253.15,89.77,246.93,,,,,,,,,,,,
1468.5,7.27,,,92.23,253.18,89.78,246.95,,,,,,,,,,,,
1468.8,7.27,,,92.24,253.2,89.79,246.98,,,,,,,,,,,,
1468.9,7.27,,,92.25,253.23,89.8,247,,,,,,,,,,,,
1469,7.27,,,92.26,253.25,89.81,247.03,,,,,,,,,,,,
1469.3,7.27,,,92.27,253.28,89.82,247.05,,,,,,,,,,,,
1469.4,7.27,,,92.28,253.31,89.83,247.08,,,,,,,,,,,,
1469.5,7.27,,,92.29,253.33,89.84,247.11,,,,,,,,,,,,
1469.6,7.27,,,92.3,253.36,89.85,247.13,,,,,,,,,,,,
1469.7,7.27,,,92.31,253.38,89.86,247.16,,,,,,,,,,,,
1469.8,7.27,,,92.32,253.41,89.87,247.18,,,,,,,,,,,,
1470,7.26,,,92.33,253.43,89.88,247.21,,,,,,,,,,,,
1470.1,7.26,,,92.34,253.46,89.89,247.23,,,,,,,,,,,,
1470.2,7.26,,,92.35,253.48,89.9,247.26,,,,,,,,,,,,
1470.4,7.26,,,92.36,253.51,89.91,247.28,,,,,,,,,,,,
1470.6,7.26,,,92.37,253.53,89.92,247.31,,,,,,,,,,,,
1470.7,7.26,,,92.38,253.56,89.93,247.33,,,,,,,,,,,,
1470.8,7.26,,,92.39,253.59,89.94,247.36,,,,,,,,,,,,
1471,7.26,,,92.4,253.61,89.95,247.38,,,,,,,,,,,,
1471.1,7.26,,,92.41,253.64,89.96,247.41,,,,,,,,,,,,
1471.3,7.26,,,92.42,253.66,89.97,247.44,,,,,,,,,,,,
1471.4,7.26,,,92.43,253.69,89.98,247.46,,,,,,,,,,,,
1471.6,7.25,,,92.44,253.71,89.99,247.49,,,,,,,,,,,,
1471.7,7.25,,,92.45,253.74,90,247.51,,,,,,,,,,,,
1471.8,7.25,,,92.46,253.76,90.01,247.54,,,,,,,,,,,,
1471.9,7.25,,,92.47,253.79,90.02,247.56,,,,,,,,,,,,
1472.1,7.25,,,92.48,253.81,90.03,247.59,,,,,,,,,,,,
1472.3,7.25,,,92.49,253.84,90.04,247.61,,,,,,,,,,,,
1472.5,7.25,,,92.5,253.87,90.05,247.64,,,,,,,,,,,,
1472.6,7.25,,,92.51,253.89,90.06,247.66,,,,,,,,,,,,
1472.7,7.25,,,92.52,253.92,90.07,247.69,,,,,,,,,,,,
1473,7.25,,,92.53,253.94,90.08,247.71,,,,,,,,,,,,
1473.1,7.25,,,92.54,253.97,90.09,247.74,,,,,,,,,,,,
1473.6,7.24,,,92.55,253.99,90.1,247.77,,,,,,,,,,,,
1474.2,7.24,,,92.56,254.02,90.11,247.79,,,,,,,,,,,,
1474.6,7.24,,,92.57,254.04,90.12,247.82,,,,,,,,,,,,
1474.7,7.24,,,92.58,254.07,90.13,247.84,,,,,,,,,,,,
1474.9,7.24,,,92.59,254.09,90.14,247.87,,,,,,,,,,,,
1475.3,7.23,,,92.6,254.12,90.15,247.89,,,,,,,,,,,,
1475.4,7.23,,,92.61,254.15,90.16,247.92,,,,,,,,,,,,
1475.5,7.23,,,92.62,254.17,90.17,247.94,,,,,,,,,,,,
1475.8,7.23,,,92.63,254.2,90.18,247.97,,,,,,,,,,,,
1476.3,7.23,,,92.64,254.22,90.19,247.99,,,,,,,,,,,,
1476.7,7.22,,,92.65,254.25,90.2,248.02,,,,,,,,,,,,
1477.1,7.22,,,92.66,254.27,90.21,248.05,,,,,,,,,,,,
1477.2,7.22,,,92.67,254.3,90.22,248.07,,,,,,,,,,,,
1477.3,7.22,,,92.68,254.32,90.23,248.1,,,,,,,,,,,,
1477.4,7.22,,,92.69,254.35,90.24,248.12,,,,,,,,,,,,
1477.7,7.22,,,92.7,254.37,90.25,248.15,,,,,,,,,,,,
1477.8,7.22,,,92.71,254.4,90.26,248.17,,,,,,,,,,,,
1477.9,7.22,,,92.72,254.43,90.27,248.2,,,,,,,,,,,,
1478,7.22,,,92.73,254.45,90.28,248.22,,,,,,,,,,,,
1478.2,7.22,,,92.74,254.48,90.29,248.25,,,,,,,,,,,,
1478.4,7.21,,,92.75,254.5,90.3,248.27,,,,,,,,,,,,
1478.5,7.21,,,92.76,254.53,90.31,248.3,,,,,,,,,,,,
1478.9,7.21,,,92.77,254.55,90.32,248.32,,,,,,,,,,,,
1479.1,7.21,,,92.78,254.58,90.33,248.35,,,,,,,,,,,,
1479.3,7.21,,,92.79,254.6,90.34,248.38,,,,,,,,,,,,
1479.4,7.21,,,92.8,254.63,90.35,248.4,,,,,,,,,,,,
1479.5,7.21,,,92.81,254.65,90.36,248.43,,,,,,,,,,,,
1480,7.21,,,92.82,254.68,90.37,248.45,,,,,,,,,,,,
1480.7,7.2,,,92.83,254.7,90.38,248.48,,,,,,,,,,,,
1481.1,7.2,,,92.84,254.73,90.39,248.5,,,,,,,,,,,,
1481.3,7.2,,,92.85,254.76,90.4,248.53,,,,,,,,,,,,
1481.6,7.2,,,92.86,254.78,90.41,248.55,,,,,,,,,,,,
1481.9,7.19,,,92.87,254.81,90.42,248.58,,,,,,,,,,,,
1482.3,7.19,,,92.88,254.83,90.43,248.6,,,,,,,,,,,,
1482.5,7.19,,,92.89,254.86,90.44,248.63,,,,,,,,,,,,
1482.7,7.19,,,92.9,254.88,90.45,248.65,,,,,,,,,,,,
1482.8,7.19,,,92.91,254.91,90.46,248.68,,,,,,,,,,,,
1483,7.19,,,92.92,254.93,90.47,248.71,,,,,,,,,,,,
1483.3,7.19,,,92.93,254.96,90.48,248.73,,,,,,,,,,,,
1484.1,7.18,,,92.94,254.98,90.49,248.76,,,,,,,,,,,,
1484.3,7.18,,,92.95,255.01,90.5,248.78,,,,,,,,,,,,
1484.4,7.18,,,92.96,255.04,90.51,248.81,,,,,,,,,,,,
1484.5,7.18,,,92.97,255.06,90.52,248.83,,,,,,,,,,,,
1485.2,7.18,,,92.98,255.09,90.53,248.86,,,,,,,,,,,,
1485.4,7.17,,,92.99,255.11,90.54,248.88,,,,,,,,,,,,
1485.7,7.17,,,93,255.14,90.55,248.91,,,,,,,,,,,,
1486.2,7.17,,,93.01,255.16,90.56,248.93,,,,,,,,,,,,
1486.5,7.17,,,93.02,255.19,90.57,248.96,,,,,,,,,,,,
1486.7,7.17,,,93.03,255.21,90.58,248.98,,,,,,,,,,,,
1486.8,7.17,,,93.04,255.24,90.59,249.01,,,,,,,,,,,,
1487.2,7.16,,,93.05,255.26,90.6,249.04,,,,,,,,,,,,
1487.3,7.16,,,93.06,255.29,90.61,249.06,,,,,,,,,,,,
1487.4,7.16,,,93.07,255.32,90.62,249.09,,,,,,,,,,,,
1488.1,7.16,,,93.08,255.34,90.63,249.11,,,,,,,,,,,,
1488.3,7.16,,,93.09,255.37,90.64,249.14,,,,,,,,,,,,
1488.5,7.16,,,93.1,255.39,90.65,249.16,,,,,,,,,,,,
1488.6,7.16,,,93.11,255.42,90.66,249.19,,,,,,,,,,,,
1488.7,7.16,,,93.12,255.44,90.67,249.21,,,,,,,,,,,,
1488.9,7.15,,,93.13,255.47,90.68,249.24,,,,,,,,,,,,
1489,7.15,,,93.14,255.49,90.69,249.26,,,,,,,,,,,,
1489.1,7.15,,,93.15,255.52,90.7,249.29,,,,,,,,,,,,
1489.2,7.15,,,93.16,255.54,90.71,249.31,,,,,,,,,,,,
1489.3,7.15,,,93.17,255.57,90.72,249.34,,,,,,,,,,,,
1489.5,7.15,,,93.18,255.6,90.73,249.37,,,,,,,,,,,,
1489.6,7.15,,,93.19,255.62,90.74,249.39,,,,,,,,,,,,
1489.7,7.15,,,93.2,255.65,90.75,249.42,,,,,,,,,,,,
1489.9,7.15,,,93.21,255.67,90.76,249.44,,,,,,,,,,,,
1490,7.15,,,93.22,255.7,90.77,249.47,,,,,,,,,,,,
1490.2,7.15,,,93.23,255.72,90.78,249.49,,,,,,,,,,,,
1490.3,7.15,,,93.24,255.75,90.79,249.52,,,,,,,,,,,,
1490.5,7.15,,,93.25,255.77,90.8,249.54,,,,,,,,,,,,
1490.6,7.14,,,93.26,255.8,90.81,249.57,,,,,,,,,,,,
1490.7,7.14,,,93.27,255.82,90.82,249.59,,,,,,,,,,,,
1490.8,7.14,,,93.28,255.85,90.83,249.62,,,,,,,,,,,,
1490.9,7.14,,,93.29,255.88,90.84,249.65,,,,,,,,,,,,
1491,7.14,,,93.3,255.9,90.85,249.67,,,,,,,,,,,,
1491.1,7.14,,,93.31,255.93,90.86,249.7,,,,,,,,,,,,
1491.2,7.14,,,93.32,255.95,90.87,249.72,,,,,,,,,,,,
1491.4,7.14,,,93.33,255.98,90.88,249.75,,,,,,,,,,,,
1491.6,7.14,,,93.34,256,90.89,249.77,,,,,,,,,,,,
1491.7,7.14,,,93.35,256.03,90.9,249.8,,,,,,,,,,,,
1491.8,7.14,,,93.36,256.05,90.91,249.82,,,,,,,,,,,,
1491.9,7.14,,,93.37,256.08,90.92,249.85,,,,,,,,,,,,
1492.1,7.14,,,93.38,256.1,90.93,249.87,,,,,,,,,,,,
1492.4,7.13,,,93.39,256.13,90.94,249.9,,,,,,,,,,,,
1492.5,7.13,,,93.4,256.16,90.95,249.92,,,,,,,,,,,,
1492.6,7.13,,,93.41,256.18,90.96,249.95,,,,,,,,,,,,
1492.7,7.13,,,93.42,256.21,90.97,249.98,,,,,,,,,,,,
1492.9,7.13,,,93.43,256.23,90.98,250,,,,,,,,,,,,
1493,7.13,,,93.44,256.26,90.99,250.03,,,,,,,,,,,,
1493.1,7.13,,,93.45,256.28,91,250.05,,,,,,,,,,,,
1493.2,7.13,,,93.46,256.31,91.01,250.08,,,,,,,,,,,,
1493.3,7.13,,,93.47,256.33,91.02,250.1,,,,,,,,,,,,
1493.4,7.13,,,93.48,256.36,91.03,250.13,,,,,,,,,,,,
1493.5,7.13,,,93.49,256.38,91.04,250.15,,,,,,,,,,,,
1493.7,7.13,,,93.5,256.41,91.05,250.18,,,,,,,,,,,,
1493.8,7.13,,,93.51,256.44,91.06,250.2,,,,,,,,,,,,
1493.9,7.13,,,93.52,256.46,91.07,250.23,,,,,,,,,,,,
1494.2,7.12,,,93.53,256.49,91.08,250.26,,,,,,,,,,,,
1494.3,7.12,,,93.54,256.51,91.09,250.28,,,,,,,,,,,,
1494.4,7.12,,,93.55,256.54,91.1,250.31,,,,,,,,,,,,
1494.7,7.12,,,93.56,256.56,91.11,250.33,,,,,,,,,,,,
1494.8,7.12,,,93.57,256.59,91.12,250.36,,,,,,,,,,,,
1494.9,7.12,,,93.58,256.61,91.13,250.38,,,,,,,,,,,,
1495.6,7.12,,,93.59,256.64,91.14,250.41,,,,,,,,,,,,
1495.7,7.12,,,93.6,256.66,91.15,250.43,,,,,,,,,,,,
1495.8,7.11,,,93.61,256.69,91.16,250.46,,,,,,,,,,,,
1495.9,7.11,,,93.62,256.72,91.17,250.48,,,,,,,,,,,,
1496.2,7.11,,,93.63,256.74,91.18,250.51,,,,,,,,,,,,
1496.3,7.11,,,93.64,256.77,91.19,250.53,,,,,,,,,,,,
1496.4,7.11,,,93.65,256.79,91.2,250.56,,,,,,,,,,,,
1496.5,7.11,,,93.66,256.82,91.21,250.59,,,,,,,,,,,,
1496.6,7.11,,,93.67,256.84,91.22,250.61,,,,,,,,,,,,
1496.7,7.11,,,93.68,256.87,91.23,250.64,,,,,,,,,,,,
1497.1,7.11,,,93.69,256.89,91.24,250.66,,,,,,,,,,,,
1497.3,7.11,,,93.7,256.92,91.25,250.69,,,,,,,,,,,,
1497.5,7.11,,,93.71,256.94,91.26,250.71,,,,,,,,,,,,
1497.7,7.1,,,93.72,256.97,91.27,250.74,,,,,,,,,,,,
1497.8,7.1,,,93.73,257,91.28,250.76,,,,,,,,,,,,
1498,7.1,,,93.74,257.02,91.29,250.79,,,,,,,,,,,,
1498.1,7.1,,,93.75,257.05,91.3,250.81,,,,,,,,,,,,
1498.2,7.1,,,93.76,257.07,91.31,250.84,,,,,,,,,,,,
1498.3,7.1,,,93.77,257.1,91.32,250.86,,,,,,,,,,,,
1498.4,7.1,,,93.78,257.12,91.33,250.89,,,,,,,,,,,,
1498.5,7.1,,,93.79,257.15,91.34,250.92,,,,,,,,,,,,
1498.7,7.1,,,93.8,257.17,91.35,250.94,,,,,,,,,,,,
1498.9,7.1,,,93.81,257.2,91.36,250.97,,,,,,,,,,,,
1499.1,7.1,,,93.82,257.22,91.37,250.99,,,,,,,,,,,,
1499.3,7.1,,,93.83,257.25,91.38,251.02,,,,,,,,,,,,
1499.4,7.09,,,93.84,257.28,91.39,251.04,,,,,,,,,,,,
1499.5,7.09,,,93.85,257.3,91.4,251.07,,,,,,,,,,,,
1499.6,7.09,,,93.86,257.33,91.41,251.09,,,,,,,,,,,,
1499.8,7.09,,,93.87,257.35,91.42,251.12,,,,,,,,,,,,
1499.9,7.09,,,93.88,257.38,91.43,251.14,,,,,,,,,,,,
1500.1,7.09,,,93.89,257.4,91.44,251.17,,,,,,,,,,,,
1500.3,7.09,,,93.9,257.43,91.45,251.2,,,,,,,,,,,,
1500.4,7.09,,,93.91,257.45,91.46,251.22,,,,,,,,,,,,
1500.5,7.09,,,93.92,257.48,91.47,251.25,,,,,,,,,,,,
1500.6,7.09,,,93.93,257.5,91.48,251.27,,,,,,,,,,,,
1500.7,7.09,,,93.94,257.53,91.49,251.3,,,,,,,,,,,,
1500.9,7.09,,,93.95,257.56,91.5,251.32,,,,,,,,,,,,
1501,7.09,,,93.96,257.58,91.51,251.35,,,,,,,,,,,,
1501.1,7.09,,,93.97,257.61,91.52,251.37,,,,,,,,,,,,
1501.2,7.08,,,93.98,257.63,91.53,251.4,,,,,,,,,,,,
1501.3,7.08,,,93.99,257.66,91.54,251.42,,,,,,,,,,,,
1501.4,7.08,,,94,257.68,91.55,251.45,,,,,,,,,,,,
1501.5,7.08,,,94.01,257.71,91.56,251.48,,,,,,,,,,,,
1501.6,7.08,,,94.02,257.73,91.57,251.5,,,,,,,,,,,,
1501.7,7.08,,,94.03,257.76,91.58,251.53,,,,,,,,,,,,
1501.8,7.08,,,94.04,257.79,91.59,251.55,,,,,,,,,,,,
1502,7.08,,,94.05,257.81,91.6,251.58,,,,,,,,,,,,
1502.1,7.08,,,94.06,257.84,91.61,251.6,,,,,,,,,,,,
1502.2,7.08,,,94.07,257.86,91.62,251.63,,,,,,,,,,,,
1502.3,7.08,,,94.08,257.89,91.63,251.65,,,,,,,,,,,,
1502.4,7.08,,,94.09,257.91,91.64,251.68,,,,,,,,,,,,
1502.5,7.08,,,94.1,257.94,91.65,251.7,,,,,,,,,,,,
1502.6,7.08,,,94.11,257.96,91.66,251.73,,,,,,,,,,,,
1502.7,7.08,,,94.12,257.99,91.67,251.75,,,,,,,,,,,,
1502.8,7.08,,,94.13,258.01,91.68,251.78,,,,,,,,,,,,
1502.9,7.08,,,94.14,258.04,91.69,251.81,,,,,,,,,,,,
1503,7.07,,,94.15,258.07,91.7,251.83,,,,,,,,,,,,
1503.1,7.07,,,94.16,258.09,91.71,251.86,,,,,,,,,,,,
1503.2,7.07,,,94.17,258.12,91.72,251.88,,,,,,,,,,,,
1503.3,7.07,,,94.18,258.14,91.73,251.91,,,,,,,,,,,,
1503.4,7.07,,,94.19,258.17,91.74,251.93,,,,,,,,,,,,
1503.5,7.07,,,94.2,258.19,91.75,251.96,,,,,,,,,,,,
1503.6,7.07,,,94.21,258.22,91.76,251.98,,,,,,,,,,,,
1503.7,7.07,,,94.22,258.24,91.77,252.01,,,,,,,,,,,,
1503.9,7.07,,,94.23,258.27,91.78,252.03,,,,,,,,,,,,
1504,7.07,,,94.24,258.29,91.79,252.06,,,,,,,,,,,,
1504.1,7.07,,,94.25,258.32,91.8,252.09,,,,,,,,,,,,
1504.2,7.07,,,94.26,258.35,91.81,252.11,,,,,,,,,,,,
1504.3,7.07,,,94.27,258.37,91.82,252.14,,,,,,,,,,,,
1504.4,7.07,,,94.28,258.4,91.83,252.16,,,,,,,,,,,,
1504.5,7.07,,,94.29,258.42,91.84,252.19,,,,,,,,,,,,
1504.6,7.07,,,94.3,258.45,91.85,252.21,,,,,,,,,,,,
1504.7,7.06,,,94.31,258.47,91.86,252.24,,,,,,,,,,,,
1504.8,7.06,,,94.32,258.5,91.87,252.26,,,,,,,,,,,,
1504.9,7.06,,,94.33,258.52,91.88,252.29,,,,,,,,,,,,
1505,7.06,,,94.34,258.55,91.89,252.31,,,,,,,,,,,,
1505.1,7.06,,,94.35,258.57,91.9,252.34,,,,,,,,,,,,
1505.2,7.06,,,94.36,258.6,91.91,252.36,,,,,,,,,,,,
1505.3,7.06,,,94.37,258.63,91.92,252.39,,,,,,,,,,,,
1505.4,7.06,,,94.38,258.65,91.93,252.42,,,,,,,,,,,,
1505.5,7.06,,,94.39,258.68,91.94,252.44,,,,,,,,,,,,
1505.6,7.06,,,94.4,258.7,91.95,252.47,,,,,,,,,,,,
1505.7,7.06,,,94.41,258.73,91.96,252.49,,,,,,,,,,,,
1505.8,7.06,,,94.42,258.75,91.97,252.52,,,,,,,,,,,,
1505.9,7.06,,,94.43,258.78,91.98,252.54,,,,,,,,,,,,
1506,7.06,,,94.44,258.8,91.99,252.57,,,,,,,,,,,,
1506.1,7.06,,,94.45,258.83,92,252.59,,,,,,,,,,,,
1506.3,7.06,,,94.46,258.85,92.01,252.62,,,,,,,,,,,,
1506.4,7.06,,,94.47,258.88,92.02,252.64,,,,,,,,,,,,
1506.5,7.05,,,94.48,258.91,92.03,252.67,,,,,,,,,,,,
1506.6,7.05,,,94.49,258.93,92.04,252.7,,,,,,,,,,,,
1506.7,7.05,,,94.5,258.96,92.05,252.72,,,,,,,,,,,,
1506.8,7.05,,,94.51,258.98,92.06,252.75,,,,,,,,,,,,
1507,7.05,,,94.52,259.01,92.07,252.77,,,,,,,,,,,,
1507.1,7.05,,,94.53,259.03,92.08,252.8,,,,,,,,,,,,
1507.2,7.05,,,94.54,259.06,92.09,252.82,,,,,,,,,,,,
1507.3,7.05,,,94.55,259.08,92.1,252.85,,,,,,,,,,,,
1507.4,7.05,,,94.56,259.11,92.11,252.87,,,,,,,,,,,,
1507.6,7.05,,,94.57,259.14,92.12,252.9,,,,,,,,,,,,
1507.8,7.05,,,94.58,259.16,92.13,252.92,,,,,,,,,,,,
1507.9,7.05,,,94.59,259.19,92.14,252.95,,,,,,,,,,,,
1508,7.05,,,94.6,259.21,92.15,252.98,,,,,,,,,,,,
1508.2,7.05,,,94.61,259.24,92.16,253,,,,,,,,,,,,
1508.4,7.04,,,94.62,259.26,92.17,253.03,,,,,,,,,,,,
1508.5,7.04,,,94.63,259.29,92.18,253.05,,,,,,,,,,,,
1508.6,7.04,,,94.64,259.31,92.19,253.08,,,,,,,,,,,,
1508.7,7.04,,,94.65,259.34,92.2,253.1,,,,,,,,,,,,
1508.8,7.04,,,94.66,259.36,92.21,253.13,,,,,,,,,,,,
1508.9,7.04,,,94.67,259.39,92.22,253.15,,,,,,,,,,,,
1509,7.04,,,94.68,259.42,92.23,253.18,,,,,,,,,,,,
1509.1,7.04,,,94.69,259.44,92.24,253.2,,,,,,,,,,,,
1509.2,7.04,,,94.7,259.47,92.25,253.23,,,,,,,,,,,,
1509.3,7.04,,,94.71,259.49,92.26,253.25,,,,,,,,,,,,
1509.4,7.04,,,94.72,259.52,92.27,253.28,,,,,,,,,,,,
1509.6,7.04,,,94.73,259.54,92.28,253.31,,,,,,,,,,,,
1509.8,7.04,,,94.74,259.57,92.29,253.33,,,,,,,,,,,,
1509.9,7.04,,,94.75,259.59,92.3,253.36,,,,,,,,,,,,
1510,7.04,,,94.76,259.62,92.31,253.38,,,,,,,,,,,,
1510.1,7.04,,,94.77,259.64,92.32,253.41,,,,,,,,,,,,
1510.2,7.03,,,94.78,259.67,92.33,253.43,,,,,,,,,,,,
1510.5,7.03,,,94.79,259.7,92.34,253.46,,,,,,,,,,,,
1510.6,7.03,,,94.8,259.72,92.35,253.48,,,,,,,,,,,,
1510.7,7.03,,,94.81,259.75,92.36,253.51,,,,,,,,,,,,
1510.8,7.03,,,94.82,259.77,92.37,253.53,,,,,,,,,,,,
1510.9,7.03,,,94.83,259.8,92.38,253.56,,,,,,,,,,,,
1511,7.03,,,94.84,259.82,92.39,253.59,,,,,,,,,,,,
1511.1,7.03,,,94.85,259.85,92.4,253.61,,,,,,,,,,,,
1511.2,7.03,,,94.86,259.87,92.41,253.64,,,,,,,,,,,,
1511.3,7.03,,,94.87,259.9,92.42,253.66,,,,,,,,,,,,
1511.4,7.03,,,94.88,259.92,92.43,253.69,,,,,,,,,,,,
1511.5,7.03,,,94.89,259.95,92.44,253.71,,,,,,,,,,,,
1511.6,7.03,,,94.9,259.98,92.45,253.74,,,,,,,,,,,,
1511.7,7.03,,,94.91,260,92.46,253.76,,,,,,,,,,,,
1511.8,7.03,,,94.92,260.03,92.47,253.79,,,,,,,,,,,,
1511.9,7.03,,,94.93,260.05,92.48,253.81,,,,,,,,,,,,
1512,7.02,,,94.94,260.08,92.49,253.84,,,,,,,,,,,,
1512.1,7.02,,,94.95,260.1,92.5,253.87,,,,,,,,,,,,
1512.3,7.02,,,94.96,260.13,92.51,253.89,,,,,,,,,,,,
1512.4,7.02,,,94.97,260.15,92.52,253.92,,,,,,,,,,,,
1512.6,7.02,,,94.98,260.18,92.53,253.94,,,,,,,,,,,,
1512.7,7.02,,,94.99,260.21,92.54,253.97,,,,,,,,,,,,
1512.8,7.02,,,95,260.23,92.55,253.99,,,,,,,,,,,,
1512.9,7.02,,,95.01,260.26,92.56,254.02,,,,,,,,,,,,
1513,7.02,,,95.02,260.28,92.57,254.04,,,,,,,,,,,,
1513.2,7.02,,,95.03,260.31,92.58,254.07,,,,,,,,,,,,
1513.3,7.02,,,95.04,260.33,92.59,254.09,,,,,,,,,,,,
1513.4,7.02,,,95.05,260.36,92.6,254.12,,,,,,,,,,,,
1513.5,7.02,,,95.06,260.38,92.61,254.15,,,,,,,,,,,,
1513.6,7.02,,,95.07,260.41,92.62,254.17,,,,,,,,,,,,
1513.7,7.02,,,95.08,260.43,92.63,254.2,,,,,,,,,,,,
1513.8,7.01,,,95.09,260.46,92.64,254.22,,,,,,,,,,,,
1513.9,7.01,,,95.1,260.49,92.65,254.25,,,,,,,,,,,,
1514,7.01,,,95.11,260.51,92.66,254.27,,,,,,,,,,,,
1514.1,7.01,,,95.12,260.54,92.67,254.3,,,,,,,,,,,,
1514.2,7.01,,,95.13,260.56,92.68,254.32,,,,,,,,,,,,
1514.3,7.01,,,95.14,260.59,92.69,254.35,,,,,,,,,,,,
1514.5,7.01,,,95.15,260.61,92.7,254.37,,,,,,,,,,,,
1514.6,7.01,,,95.16,260.64,92.71,254.4,,,,,,,,,,,,
1514.7,7.01,,,95.17,260.66,92.72,254.43,,,,,,,,,,,,
1514.8,7.01,,,95.18,260.69,92.73,254.45,,,,,,,,,,,,
1515,7.01,,,95.19,260.71,92.74,254.48,,,,,,,,,,,,
1515.1,7.01,,,95.2,260.74,92.75,254.5,,,,,,,,,,,,
1515.3,7.01,,,95.21,260.77,92.76,254.53,,,,,,,,,,,,
1515.5,7.01,,,95.22,260.79,92.77,254.55,,,,,,,,,,,,
1515.6,7,,,95.23,260.82,92.78,254.58,,,,,,,,,,,,
1515.7,7,,,95.24,260.84,92.79,254.6,,,,,,,,,,,,
1515.8,7,,,95.25,260.87,92.8,254.63,,,,,,,,,,,,
1515.9,7,,,95.26,260.89,92.81,254.65,,,,,,,,,,,,
1516.1,7,,,95.27,260.92,92.82,254.68,,,,,,,,,,,,
1516.5,7,,,95.28,260.94,92.83,254.7,,,,,,,,,,,,
1516.6,7,,,95.29,260.97,92.84,254.73,,,,,,,,,,,,
1516.7,7,,,95.3,261,92.85,254.76,,,,,,,,,,,,
1516.8,7,,,95.31,261.02,92.86,254.78,,,,,,,,,,,,
1516.9,7,,,95.32,261.05,92.87,254.81,,,,,,,,,,,,
1517,7,,,95.33,261.07,92.88,254.83,,,,,,,,,,,,
1517.1,7,,,95.34,261.1,92.89,254.86,,,,,,,,,,,,
1517.2,7,,,95.35,261.12,92.9,254.88,,,,,,,,,,,,
1517.4,7,,,95.36,261.15,92.91,254.91,,,,,,,,,,,,
1517.5,6.99,,,95.37,261.17,92.92,254.93,,,,,,,,,,,,
1517.6,6.99,,,95.38,261.2,92.93,254.96,,,,,,,,,,,,
1517.7,6.99,,,95.39,261.22,92.94,254.98,,,,,,,,,,,,
1517.8,6.99,,,95.4,261.25,92.95,255.01,,,,,,,,,,,,
1518,6.99,,,95.41,261.28,92.96,255.04,,,,,,,,,,,,
1518.2,6.99,,,95.42,261.3,92.97,255.06,,,,,,,,,,,,
1518.3,6.99,,,95.43,261.33,92.98,255.09,,,,,,,,,,,,
1518.4,6.99,,,95.44,261.35,92.99,255.11,,,,,,,,,,,,
1518.5,6.99,,,95.45,261.38,93,255.14,,,,,,,,,,,,
1518.8,6.99,,,95.46,261.4,93.01,255.16,,,,,,,,,,,,
1518.9,6.99,,,95.47,261.43,93.02,255.19,,,,,,,,,,,,
1519,6.99,,,95.48,261.45,93.03,255.21,,,,,,,,,,,,
1519.2,6.99,,,95.49,261.48,93.04,255.24,,,,,,,,,,,,
1519.3,6.98,,,95.5,261.51,93.05,255.26,,,,,,,,,,,,
1519.4,6.98,,,95.51,261.53,93.06,255.29,,,,,,,,,,,,
1519.5,6.98,,,95.52,261.56,93.07,255.32,,,,,,,,,,,,
1519.7,6.98,,,95.53,261.58,93.08,255.34,,,,,,,,,,,,
1520.1,6.98,,,95.54,261.61,93.09,255.37,,,,,,,,,,,,
1520.2,6.98,,,95.55,261.63,93.1,255.39,,,,,,,,,,,,
1520.3,6.98,,,95.56,261.66,93.11,255.42,,,,,,,,,,,,
1520.5,6.98,,,95.57,261.68,93.12,255.44,,,,,,,,,,,,
1520.6,6.98,,,95.58,261.71,93.13,255.47,,,,,,,,,,,,
1521.3,6.97,,,95.59,261.73,93.14,255.49,,,,,,,,,,,,
1521.5,6.97,,,95.6,261.76,93.15,255.52,,,,,,,,,,,,
1521.6,6.97,,,95.61,261.79,93.16,255.54,,,,,,,,,,,,
1521.8,6.97,,,95.62,261.81,93.17,255.57,,,,,,,,,,,,
1521.9,6.97,,,95.63,261.84,93.18,255.6,,,,,,,,,,,,
1522,6.97,,,95.64,261.86,93.19,255.62,,,,,,,,,,,,
1522.2,6.97,,,95.65,261.89,93.2,255.65,,,,,,,,,,,,
1522.3,6.97,,,95.66,261.91,93.21,255.67,,,,,,,,,,,,
1522.4,6.97,,,95.67,261.94,93.22,255.7,,,,,,,,,,,,
1522.6,6.97,,,95.68,261.96,93.23,255.72,,,,,,,,,,,,
1522.8,6.97,,,95.69,261.99,93.24,255.75,,,,,,,,,,,,
1523.6,6.96,,,95.7,262.02,93.25,255.77,,,,,,,,,,,,
1523.7,6.96,,,95.71,262.04,93.26,255.8,,,,,,,,,,,,
1523.8,6.96,,,95.72,262.07,93.27,255.82,,,,,,,,,,,,
1524,6.96,,,95.73,262.09,93.28,255.85,,,,,,,,,,,,
1524.6,6.96,,,95.74,262.12,93.29,255.88,,,,,,,,,,,,
1524.8,6.95,,,95.75,262.14,93.3,255.9,,,,,,,,,,,,
1524.9,6.95,,,95.76,262.17,93.31,255.93,,,,,,,,,,,,
1525,6.95,,,95.77,262.19,93.32,255.95,,,,,,,,,,,,
1525.1,6.95,,,95.78,262.22,93.33,255.98,,,,,,,,,,,,
1525.5,6.95,,,95.79,262.24,93.34,256,,,,,,,,,,,,
1526.1,6.95,,,95.8,262.27,93.35,256.03,,,,,,,,,,,,
1526.4,6.95,,,95.81,262.3,93.36,256.05,,,,,,,,,,,,
1526.6,6.95,,,95.82,262.32,93.37,256.08,,,,,,,,,,,,
1526.8,6.94,,,95.83,262.35,93.38,256.1,,,,,,,,,,,,
1527.3,6.94,,,95.84,262.37,93.39,256.13,,,,,,,,,,,,
1527.8,6.94,,,95.85,262.4,93.4,256.16,,,,,,,,,,,,
1528,6.94,,,95.86,262.42,93.41,256.18,,,,,,,,,,,,
1528.2,6.94,,,95.87,262.45,93.42,256.21,,,,,,,,,,,,
1528.7,6.93,,,95.88,262.47,93.43,256.23,,,,,,,,,,,,
1529,6.93,,,95.89,262.5,93.44,256.26,,,,,,,,,,,,
1529.5,6.93,,,95.9,262.53,93.45,256.28,,,,,,,,,,,,
1529.9,6.93,,,95.91,262.55,93.46,256.31,,,,,,,,,,,,
1530,6.93,,,95.92,262.58,93.47,256.33,,,,,,,,,,,,
1530.1,6.93,,,95.93,262.6,93.48,256.36,,,,,,,,,,,,
1530.4,6.92,,,95.94,262.63,93.49,256.38,,,,,,,,,,,,
1530.5,6.92,,,95.95,262.65,93.5,256.41,,,,,,,,,,,,
1530.6,6.92,,,95.96,262.68,93.51,256.44,,,,,,,,,,,,
1530.9,6.92,,,95.97,262.7,93.52,256.46,,,,,,,,,,,,
1531,6.92,,,95.98,262.73,93.53,256.49,,,,,,,,,,,,
1531.4,6.92,,,95.99,262.75,93.54,256.51,,,,,,,,,,,,
1531.7,6.92,,,96,262.78,93.55,256.54,,,,,,,,,,,,
1532.2,6.92,,,96.01,262.81,93.56,256.56,,,,,,,,,,,,
1533,6.91,,,96.02,262.83,93.57,256.59,,,,,,,,,,,,
1533.4,6.91,,,96.03,262.86,93.58,256.61,,,,,,,,,,,,
1533.8,6.91,,,96.04,262.88,93.59,256.64,,,,,,,,,,,,
1534,6.91,,,96.05,262.91,93.6,256.66,,,,,,,,,,,,
1534.1,6.91,,,96.06,262.93,93.61,256.69,,,,,,,,,,,,
1536.4,6.89,,,96.07,262.96,93.62,256.72,,,,,,,,,,,,
1536.5,6.89,,,96.08,262.98,93.63,256.74,,,,,,,,,,,,
1536.7,6.89,,,96.09,263.01,93.64,256.77,,,,,,,,,,,,
1536.8,6.89,,,96.1,263.04,93.65,256.79,,,,,,,,,,,,
1537.1,6.89,,,96.11,263.06,93.66,256.82,,,,,,,,,,,,
1537.9,6.89,,,96.12,263.09,93.67,256.84,,,,,,,,,,,,
1538.2,6.88,,,96.13,263.11,93.68,256.87,,,,,,,,,,,,
1538.4,6.88,,,96.14,263.14,93.69,256.89,,,,,,,,,,,,
1538.9,6.88,,,96.15,263.16,93.7,256.92,,,,,,,,,,,,
1539.7,6.88,,,96.16,263.19,93.71,256.94,,,,,,,,,,,,
1540.3,6.87,,,96.17,263.21,93.72,256.97,,,,,,,,,,,,
1540.5,6.87,,,96.18,263.24,93.73,257,,,,,,,,,,,,
1540.9,6.87,,,96.19,263.26,93.74,257.02,,,,,,,,,,,,
1541.3,6.87,,,96.2,263.29,93.75,257.05,,,,,,,,,,,,
1541.7,6.87,,,96.21,263.32,93.76,257.07,,,,,,,,,,,,
1541.8,6.86,,,96.22,263.34,93.77,257.1,,,,,,,,,,,,
1542.2,6.86,,,96.23,263.37,93.78,257.12,,,,,,,,,,,,
1542.5,6.86,,,96.24,263.39,93.79,257.15,,,,,,,,,,,,
1542.8,6.86,,,96.25,263.42,93.8,257.17,,,,,,,,,,,,
1543.3,6.86,,,96.26,263.44,93.81,257.2,,,,,,,,,,,,
1544,6.85,,,96.27,263.47,93.82,257.22,,,,,,,,,,,,
1544.6,6.85,,,96.28,263.49,93.83,257.25,,,,,,,,,,,,
1544.8,6.85,,,96.29,263.52,93.84,257.28,,,,,,,,,,,,
1545,6.85,,,96.3,263.55,93.85,257.3,,,,,,,,,,,,
1545.2,6.85,,,96.31,263.57,93.86,257.33,,,,,,,,,,,,
1545.6,6.84,,,96.32,263.6,93.87,257.35,,,,,,,,,,,,
1545.7,6.84,,,96.33,263.62,93.88,257.38,,,,,,,,,,,,
1547,6.84,,,96.34,263.65,93.89,257.4,,,,,,,,,,,,
1547.1,6.84,,,96.35,263.67,93.9,257.43,,,,,,,,,,,,
1548,6.83,,,96.36,263.7,93.91,257.45,,,,,,,,,,,,
1548.4,6.83,,,96.37,263.72,93.92,257.48,,,,,,,,,,,,
1549,6.83,,,96.38,263.75,93.93,257.5,,,,,,,,,,,,
1550,6.82,,,96.39,263.77,93.94,257.53,,,,,,,,,,,,
1551.3,6.82,,,96.4,263.8,93.95,257.56,,,,,,,,,,,,
1551.4,6.82,,,96.41,263.83,93.96,257.58,,,,,,,,,,,,
1551.8,6.81,,,96.42,263.85,93.97,257.61,,,,,,,,,,,,
1551.9,6.81,,,96.43,263.88,93.98,257.63,,,,,,,,,,,,
1552.7,6.81,,,96.44,263.9,93.99,257.66,,,,,,,,,,,,
1554.6,6.8,,,96.45,263.93,94,257.68,,,,,,,,,,,,
1555,6.8,,,96.46,263.95,94.01,257.71,,,,,,,,,,,,
1555.8,6.79,,,96.47,263.98,94.02,257.73,,,,,,,,,,,,
1555.9,6.79,,,96.48,264,94.03,257.76,,,,,,,,,,,,
1556.1,6.79,,,96.49,264.03,94.04,257.79,,,,,,,,,,,,
1556.2,6.79,,,96.5,264.06,94.05,257.81,,,,,,,,,,,,
1556.6,6.79,,,96.51,264.08,94.06,257.84,,,,,,,,,,,,
1557.3,6.78,,,96.52,264.11,94.07,257.86,,,,,,,,,,,,
1557.8,6.78,,,96.53,264.13,94.08,257.89,,,,,,,,,,,,
1557.9,6.78,,,96.54,264.16,94.09,257.91,,,,,,,,,,,,
1558,6.78,,,96.55,264.18,94.1,257.94,,,,,,,,,,,,
1558.3,6.78,,,96.56,264.21,94.11,257.96,,,,,,,,,,,,
1558.6,6.78,,,96.57,264.23,94.12,257.99,,,,,,,,,,,,
1559.2,6.78,,,96.58,264.26,94.13,258.01,,,,,,,,,,,,
1559.7,6.77,,,96.59,264.28,94.14,258.04,,,,,,,,,,,,
1559.8,6.77,,,96.6,264.31,94.15,258.07,,,,,,,,,,,,
1560,6.77,,,96.61,264.34,94.16,258.09,,,,,,,,,,,,
1560.3,6.77,,,96.62,264.36,94.17,258.12,,,,,,,,,,,,
1560.5,6.77,,,96.63,264.39,94.18,258.14,,,,,,,,,,,,
1561.5,6.76,,,96.64,264.41,94.19,258.17,,,,,,,,,,,,
1561.6,6.76,,,96.65,264.44,94.2,258.19,,,,,,,,,,,,
1561.8,6.76,,,96.66,264.46,94.21,258.22,,,,,,,,,,,,
1562,6.76,,,96.67,264.49,94.22,258.24,,,,,,,,,,,,
1562.5,6.76,,,96.68,264.51,94.23,258.27,,,,,,,,,,,,
1563.1,6.76,,,96.69,264.54,94.24,258.29,,,,,,,,,,,,
1563.4,6.75,,,96.7,264.57,94.25,258.32,,,,,,,,,,,,
1563.7,6.75,,,96.71,264.59,94.26,258.35,,,,,,,,,,,,
1564.3,6.75,,,96.72,264.62,94.27,258.37,,,,,,,,,,,,
1564.9,6.75,,,96.73,264.64,94.28,258.4,,,,,,,,,,,,
1565.1,6.75,,,96.74,264.67,94.29,258.42,,,,,,,,,,,,
1565.5,6.74,,,96.75,264.69,94.3,258.45,,,,,,,,,,,,
1565.8,6.74,,,96.76,264.72,94.31,258.47,,,,,,,,,,,,
1565.9,6.74,,,96.77,264.74,94.32,258.5,,,,,,,,,,,,
1566.1,6.74,,,96.78,264.77,94.33,258.52,,,,,,,,,,,,
1566.2,6.74,,,96.79,264.8,94.34,258.55,,,,,,,,,,,,
1566.4,6.74,,,96.8,264.82,94.35,258.57,,,,,,,,,,,,
1566.6,6.74,,,96.81,264.85,94.36,258.6,,,,,,,,,,,,
1566.7,6.74,,,96.82,264.87,94.37,258.63,,,,,,,,,,,,
1567,6.74,,,96.83,264.9,94.38,258.65,,,,,,,,,,,,
1567.1,6.74,,,96.84,264.92,94.39,258.68,,,,,,,,,,,,
1567.3,6.73,,,96.85,264.95,94.4,258.7,,,,,,,,,,,,
1567.6,6.73,,,96.86,264.97,94.41,258.73,,,,,,,,,,,,
1567.8,6.73,,,96.87,265,94.42,258.75,,,,,,,,,,,,
1568.1,6.73,,,96.88,265.02,94.43,258.78,,,,,,,,,,,,
1568.2,6.73,,,96.89,265.05,94.44,258.8,,,,,,,,,,,,
1568.3,6.73,,,96.9,265.08,94.45,258.83,,,,,,,,,,,,
1568.4,6.73,,,96.91,265.1,94.46,258.85,,,,,,,,,,,,
1568.7,6.73,,,96.92,265.13,94.47,258.88,,,,,,,,,,,,
1568.9,6.73,,,96.93,265.15,94.48,258.91,,,,,,,,,,,,
1569.3,6.72,,,96.94,265.18,94.49,258.93,,,,,,,,,,,,
1569.7,6.72,,,96.95,265.2,94.5,258.96,,,,,,,,,,,,
1569.8,6.72,,,96.96,265.23,94.51,258.98,,,,,,,,,,,,
1569.9,6.72,,,96.97,265.25,94.52,259.01,,,,,,,,,,,,
1570,6.72,,,96.98,265.28,94.53,259.03,,,,,,,,,,,,
1570.5,6.72,,,96.99,265.31,94.54,259.06,,,,,,,,,,,,
1570.8,6.72,,,97,265.33,94.55,259.08,,,,,,,,,,,,
1571.1,6.72,,,97.01,265.36,94.56,259.11,,,,,,,,,,,,
1571.2,6.71,,,97.02,265.38,94.57,259.14,,,,,,,,,,,,
1571.3,6.71,,,97.03,265.41,94.58,259.16,,,,,,,,,,,,
1571.4,6.71,,,97.04,265.43,94.59,259.19,,,,,,,,,,,,
1571.5,6.71,,,97.05,265.46,94.6,259.21,,,,,,,,,,,,
1571.6,6.71,,,97.06,265.48,94.61,259.24,,,,,,,,,,,,
1571.7,6.71,,,97.07,265.51,94.62,259.26,,,,,,,,,,,,
1571.8,6.71,,,97.08,265.54,94.63,259.29,,,,,,,,,,,,
1572,6.71,,,97.09,265.56,94.64,259.31,,,,,,,,,,,,
1572.1,6.71,,,97.1,265.59,94.65,259.34,,,,,,,,,,,,
1572.2,6.71,,,97.11,265.61,94.66,259.36,,,,,,,,,,,,
1572.3,6.71,,,97.12,265.64,94.67,259.39,,,,,,,,,,,,
1572.5,6.71,,,97.13,265.66,94.68,259.42,,,,,,,,,,,,
1572.6,6.71,,,97.14,265.69,94.69,259.44,,,,,,,,,,,,
1572.8,6.71,,,97.15,265.71,94.7,259.47,,,,,,,,,,,,
1573.1,6.71,,,97.16,265.74,94.71,259.49,,,,,,,,,,,,
1573.2,6.7,,,97.17,265.76,94.72,259.52,,,,,,,,,,,,
1573.4,6.7,,,97.18,265.79,94.73,259.54,,,,,,,,,,,,
1573.5,6.7,,,97.19,265.82,94.74,259.57,,,,,,,,,,,,
1573.7,6.7,,,97.2,265.84,94.75,259.59,,,,,,,,,,,,
1573.8,6.7,,,97.21,265.87,94.76,259.62,,,,,,,,,,,,
1573.9,6.7,,,97.22,265.89,94.77,259.64,,,,,,,,,,,,
1574.1,6.7,,,97.23,265.92,94.78,259.67,,,,,,,,,,,,
1574.2,6.7,,,97.24,265.94,94.79,259.7,,,,,,,,,,,,
1574.4,6.7,,,97.25,265.97,94.8,259.72,,,,,,,,,,,,
1574.5,6.7,,,97.26,265.99,94.81,259.75,,,,,,,,,,,,
1574.6,6.7,,,97.27,266.02,94.82,259.77,,,,,,,,,,,,
1574.7,6.7,,,97.28,266.05,94.83,259.8,,,,,,,,,,,,
1574.8,6.7,,,97.29,266.07,94.84,259.82,,,,,,,,,,,,
1574.9,6.7,,,97.3,266.1,94.85,259.85,,,,,,,,,,,,
1575,6.7,,,97.31,266.12,94.86,259.87,,,,,,,,,,,,
1575.1,6.7,,,97.32,266.15,94.87,259.9,,,,,,,,,,,,
1575.2,6.69,,,97.33,266.17,94.88,259.92,,,,,,,,,,,,
1575.3,6.69,,,97.34,266.2,94.89,259.95,,,,,,,,,,,,
1575.4,6.69,,,97.35,266.22,94.9,259.98,,,,,,,,,,,,
1575.5,6.69,,,97.36,266.25,94.91,260,,,,,,,,,,,,
1575.6,6.69,,,97.37,266.28,94.92,260.03,,,,,,,,,,,,
1575.8,6.69,,,97.38,266.3,94.93,260.05,,,,,,,,,,,,
1575.9,6.69,,,97.39,266.33,94.94,260.08,,,,,,,,,,,,
1576,6.69,,,97.4,266.35,94.95,260.1,,,,,,,,,,,,
1576.4,6.69,,,97.41,266.38,94.96,260.13,,,,,,,,,,,,
1576.6,6.69,,,97.42,266.4,94.97,260.15,,,,,,,,,,,,
1576.7,6.69,,,97.43,266.43,94.98,260.18,,,,,,,,,,,,
1576.9,6.69,,,97.44,266.45,94.99,260.21,,,,,,,,,,,,
1577.1,6.69,,,97.45,266.48,95,260.23,,,,,,,,,,,,
1577.2,6.69,,,97.46,266.51,95.01,260.26,,,,,,,,,,,,
1577.3,6.68,,,97.47,266.53,95.02,260.28,,,,,,,,,,,,
1577.6,6.68,,,97.48,266.56,95.03,260.31,,,,,,,,,,,,
1577.7,6.68,,,97.49,266.58,95.04,260.33,,,,,,,,,,,,
1577.8,6.68,,,97.5,266.61,95.05,260.36,,,,,,,,,,,,
1578,6.68,,,97.51,266.63,95.06,260.38,,,,,,,,,,,,
1578.1,6.68,,,97.52,266.66,95.07,260.41,,,,,,,,,,,,
1578.2,6.68,,,97.53,266.68,95.08,260.43,,,,,,,,,,,,
1578.4,6.68,,,97.54,266.71,95.09,260.46,,,,,,,,,,,,
1578.5,6.68,,,97.55,266.73,95.1,260.49,,,,,,,,,,,,
1578.6,6.68,,,97.56,266.76,95.11,260.51,,,,,,,,,,,,
1578.8,6.68,,,97.57,266.79,95.12,260.54,,,,,,,,,,,,
1578.9,6.68,,,97.58,266.81,95.13,260.56,,,,,,,,,,,,
1579,6.68,,,97.59,266.84,95.14,260.59,,,,,,,,,,,,
1579.1,6.68,,,97.6,266.86,95.15,260.61,,,,,,,,,,,,
1579.5,6.67,,,97.61,266.89,95.16,260.64,,,,,,,,,,,,
1579.7,6.67,,,97.62,266.91,95.17,260.66,,,,,,,,,,,,
1579.8,6.67,,,97.63,266.94,95.18,260.69,,,,,,,,,,,,
1580.6,6.67,,,97.64,266.96,95.19,260.71,,,,,,,,,,,,
1580.7,6.67,,,97.65,266.99,95.2,260.74,,,,,,,,,,,,
1580.8,6.67,,,97.66,267.02,95.21,260.77,,,,,,,,,,,,
1581.4,6.66,,,97.67,267.04,95.22,260.79,,,,,,,,,,,,
1581.5,6.66,,,97.68,267.07,95.23,260.82,,,,,,,,,,,,
1581.7,6.66,,,97.69,267.09,95.24,260.84,,,,,,,,,,,,
1582,6.66,,,97.7,267.12,95.25,260.87,,,,,,,,,,,,
1582.1,6.66,,,97.71,267.14,95.26,260.89,,,,,,,,,,,,
1582.2,6.66,,,97.72,267.17,95.27,260.92,,,,,,,,,,,,
1582.3,6.66,,,97.73,267.19,95.28,260.94,,,,,,,,,,,,
1582.7,6.66,,,97.74,267.22,95.29,260.97,,,,,,,,,,,,
1583,6.66,,,97.75,267.25,95.3,261,,,,,,,,,,,,
1583.1,6.66,,,97.76,267.27,95.31,261.02,,,,,,,,,,,,
1583.6,6.65,,,97.77,267.3,95.32,261.05,,,,,,,,,,,,
1583.8,6.65,,,97.78,267.32,95.33,261.07,,,,,,,,,,,,
1584,6.65,,,97.79,267.35,95.34,261.1,,,,,,,,,,,,
1584.4,6.65,,,97.8,267.37,95.35,261.12,,,,,,,,,,,,
1584.8,6.65,,,97.81,267.4,95.36,261.15,,,,,,,,,,,,
1584.9,6.65,,,97.82,267.42,95.37,261.17,,,,,,,,,,,,
1585,6.65,,,97.83,267.45,95.38,261.2,,,,,,,,,,,,
1585.4,6.64,,,97.84,267.48,95.39,261.22,,,,,,,,,,,,
1585.6,6.64,,,97.85,267.5,95.4,261.25,,,,,,,,,,,,
1585.7,6.64,,,97.86,267.53,95.41,261.28,,,,,,,,,,,,
1585.9,6.64,,,97.87,267.55,95.42,261.3,,,,,,,,,,,,
1586.6,6.64,,,97.88,267.58,95.43,261.33,,,,,,,,,,,,
1586.9,6.64,,,97.89,267.6,95.44,261.35,,,,,,,,,,,,
1587.1,6.64,,,97.9,267.63,95.45,261.38,,,,,,,,,,,,
1587.4,6.64,,,97.91,267.65,95.46,261.4,,,,,,,,,,,,
1587.5,6.63,,,97.92,267.68,95.47,261.43,,,,,,,,,,,,
1588,6.63,,,97.93,267.71,95.48,261.45,,,,,,,,,,,,
1588.1,6.63,,,97.94,267.73,95.49,261.48,,,,,,,,,,,,
1588.4,6.63,,,97.95,267.76,95.5,261.51,,,,,,,,,,,,
1588.5,6.63,,,97.96,267.78,95.51,261.53,,,,,,,,,,,,
1588.8,6.63,,,97.97,267.81,95.52,261.56,,,,,,,,,,,,
1589,6.63,,,97.98,267.83,95.53,261.58,,,,,,,,,,,,
1589.1,6.63,,,97.99,267.86,95.54,261.61,,,,,,,,,,,,
1590.3,6.62,,,98,267.88,95.55,261.63,,,,,,,,,,,,
1590.4,6.62,,,98.01,267.91,95.56,261.66,,,,,,,,,,,,
1590.6,6.62,,,98.02,267.93,95.57,261.68,,,,,,,,,,,,
1590.7,6.62,,,98.03,267.96,95.58,261.71,,,,,,,,,,,,
1591.8,6.61,,,98.04,267.99,95.59,261.73,,,,,,,,,,,,
1591.9,6.61,,,98.05,268.01,95.6,261.76,,,,,,,,,,,,
1592.1,6.61,,,98.06,268.04,95.61,261.79,,,,,,,,,,,,
1592.3,6.61,,,98.07,268.06,95.62,261.81,,,,,,,,,,,,
1592.5,6.61,,,98.08,268.09,95.63,261.84,,,,,,,,,,,,
1593.2,6.61,,,98.09,268.11,95.64,261.86,,,,,,,,,,,,
1593.3,6.61,,,98.1,268.14,95.65,261.89,,,,,,,,,,,,
1593.5,6.61,,,98.11,268.16,95.66,261.91,,,,,,,,,,,,
1593.8,6.6,,,98.12,268.19,95.67,261.94,,,,,,,,,,,,
1594,6.6,,,98.13,268.22,95.68,261.96,,,,,,,,,,,,
1594.2,6.6,,,98.14,268.24,95.69,261.99,,,,,,,,,,,,
1594.5,6.6,,,98.15,268.27,95.7,262.02,,,,,,,,,,,,
1594.8,6.6,,,98.16,268.29,95.71,262.04,,,,,,,,,,,,
1595.8,6.59,,,98.17,268.32,95.72,262.07,,,,,,,,,,,,
1596,6.59,,,98.18,268.34,95.73,262.09,,,,,,,,,,,,
1596.3,6.59,,,98.19,268.37,95.74,262.12,,,,,,,,,,,,
1596.5,6.59,,,98.2,268.39,95.75,262.14,,,,,,,,,,,,
1596.6,6.59,,,98.21,268.42,95.76,262.17,,,,,,,,,,,,
1596.8,6.59,,,98.22,268.45,95.77,262.19,,,,,,,,,,,,
1597,6.59,,,98.23,268.47,95.78,262.22,,,,,,,,,,,,
1597.2,6.59,,,98.24,268.5,95.79,262.24,,,,,,,,,,,,
1597.4,6.59,,,98.25,268.52,95.8,262.27,,,,,,,,,,,,
1597.6,6.59,,,98.26,268.55,95.81,262.3,,,,,,,,,,,,
1597.9,6.58,,,98.27,268.57,95.82,262.32,,,,,,,,,,,,
1598,6.58,,,98.28,268.6,95.83,262.35,,,,,,,,,,,,
1598.1,6.58,,,98.29,268.62,95.84,262.37,,,,,,,,,,,,
1598.3,6.58,,,98.3,268.65,95.85,262.4,,,,,,,,,,,,
1598.4,6.58,,,98.31,268.68,95.86,262.42,,,,,,,,,,,,
1598.8,6.58,,,98.32,268.7,95.87,262.45,,,,,,,,,,,,
1598.9,6.58,,,98.33,268.73,95.88,262.47,,,,,,,,,,,,
1599.3,6.58,,,98.34,268.75,95.89,262.5,,,,,,,,,,,,
1599.5,6.58,,,98.35,268.78,95.9,262.53,,,,,,,,,,,,
1599.6,6.58,,,98.36,268.8,95.91,262.55,,,,,,,,,,,,
1599.8,6.58,,,98.37,268.83,95.92,262.58,,,,,,,,,,,,
1599.9,6.58,,,98.38,268.85,95.93,262.6,,,,,,,,,,,,
1600.3,6.57,,,98.39,268.88,95.94,262.63,,,,,,,,,,,,
1600.9,6.57,,,98.4,268.91,95.95,262.65,,,,,,,,,,,,
1601.2,6.57,,,98.41,268.93,95.96,262.68,,,,,,,,,,,,
1601.5,6.57,,,98.42,268.96,95.97,262.7,,,,,,,,,,,,
1601.8,6.57,,,98.43,268.98,95.98,262.73,,,,,,,,,,,,
1602,6.57,,,98.44,269.01,95.99,262.75,,,,,,,,,,,,
1602.1,6.56,,,98.45,269.03,96,262.78,,,,,,,,,,,,
1602.4,6.56,,,98.46,269.06,96.01,262.81,,,,,,,,,,,,
1602.5,6.56,,,98.47,269.08,96.02,262.83,,,,,,,,,,,,
1602.7,6.56,,,98.48,269.11,96.03,262.86,,,,,,,,,,,,
1602.9,6.56,,,98.49,269.14,96.04,262.88,,,,,,,,,,,,
1603.1,6.56,,,98.5,269.16,96.05,262.91,,,,,,,,,,,,
1603.2,6.56,,,98.51,269.19,96.06,262.93,,,,,,,,,,,,
1603.4,6.56,,,98.52,269.21,96.07,262.96,,,,,,,,,,,,
1603.5,6.56,,,98.53,269.24,96.08,262.98,,,,,,,,,,,,
1604.3,6.55,,,98.54,269.26,96.09,263.01,,,,,,,,,,,,
1604.4,6.55,,,98.55,269.29,96.1,263.04,,,,,,,,,,,,
1604.5,6.55,,,98.56,269.31,96.11,263.06,,,,,,,,,,,,
1604.6,6.55,,,98.57,269.34,96.12,263.09,,,,,,,,,,,,
1604.7,6.55,,,98.58,269.37,96.13,263.11,,,,,,,,,,,,
1605.1,6.55,,,98.59,269.39,96.14,263.14,,,,,,,,,,,,
1605.2,6.55,,,98.6,269.42,96.15,263.16,,,,,,,,,,,,
1605.4,6.55,,,98.61,269.44,96.16,263.19,,,,,,,,,,,,
1605.7,6.55,,,98.62,269.47,96.17,263.21,,,,,,,,,,,,
1605.8,6.55,,,98.63,269.49,96.18,263.24,,,,,,,,,,,,
1605.9,6.55,,,98.64,269.52,96.19,263.26,,,,,,,,,,,,
1606.1,6.55,,,98.65,269.54,96.2,263.29,,,,,,,,,,,,
1606.2,6.55,,,98.66,269.57,96.21,263.32,,,,,,,,,,,,
1606.6,6.54,,,98.67,269.6,96.22,263.34,,,,,,,,,,,,
1606.7,6.54,,,98.68,269.62,96.23,263.37,,,,,,,,,,,,
1607,6.54,,,98.69,269.65,96.24,263.39,,,,,,,,,,,,
1607.1,6.54,,,98.7,269.67,96.25,263.42,,,,,,,,,,,,
1607.2,6.54,,,98.71,269.7,96.26,263.44,,,,,,,,,,,,
1607.3,6.54,,,98.72,269.72,96.27,263.47,,,,,,,,,,,,
1607.4,6.54,,,98.73,269.75,96.28,263.49,,,,,,,,,,,,
1607.5,6.54,,,98.74,269.77,96.29,263.52,,,,,,,,,,,,
1607.6,6.54,,,98.75,269.8,96.3,263.55,,,,,,,,,,,,
1607.7,6.54,,,98.76,269.83,96.31,263.57,,,,,,,,,,,,
1608,6.54,,,98.77,269.85,96.32,263.6,,,,,,,,,,,,
1609.2,6.53,,,98.78,269.88,96.33,263.62,,,,,,,,,,,,
1609.3,6.53,,,98.79,269.9,96.34,263.65,,,,,,,,,,,,
1609.4,6.53,,,98.8,269.93,96.35,263.67,,,,,,,,,,,,
1609.9,6.53,,,98.81,269.95,96.36,263.7,,,,,,,,,,,,
1610,6.53,,,98.82,269.98,96.37,263.72,,,,,,,,,,,,
1610.4,6.53,,,98.83,270,96.38,263.75,,,,,,,,,,,,
1610.7,6.52,,,98.84,270.03,96.39,263.77,,,,,,,,,,,,
1610.8,6.52,,,98.85,270.06,96.4,263.8,,,,,,,,,,,,
1611.5,6.52,,,98.86,270.08,96.41,263.83,,,,,,,,,,,,
1611.7,6.52,,,98.87,270.11,96.42,263.85,,,,,,,,,,,,
1611.8,6.52,,,98.88,270.13,96.43,263.88,,,,,,,,,,,,
1612,6.52,,,98.89,270.16,96.44,263.9,,,,,,,,,,,,
1612.5,6.52,,,98.9,270.18,96.45,263.93,,,,,,,,,,,,
1613.6,6.51,,,98.91,270.21,96.46,263.95,,,,,,,,,,,,
1613.8,6.51,,,98.92,270.23,96.47,263.98,,,,,,,,,,,,
1614.3,6.51,,,98.93,270.26,96.48,264,,,,,,,,,,,,
1615.2,6.5,,,98.94,270.29,96.49,264.03,,,,,,,,,,,,
1615.3,6.5,,,98.95,270.31,96.5,264.06,,,,,,,,,,,,
1615.4,6.5,,,98.96,270.34,96.51,264.08,,,,,,,,,,,,
1615.7,6.5,,,98.97,270.36,96.52,264.11,,,,,,,,,,,,
1616,6.5,,,98.98,270.39,96.53,264.13,,,,,,,,,,,,
1616.5,6.5,,,98.99,270.41,96.54,264.16,,,,,,,,,,,,
1616.6,6.5,,,99,270.44,96.55,264.18,,,,,,,,,,,,
1616.9,6.5,,,99.01,270.46,96.56,264.21,,,,,,,,,,,,
1617.4,6.49,,,99.02,270.49,96.57,264.23,,,,,,,,,,,,
1617.5,6.49,,,99.03,270.52,96.58,264.26,,,,,,,,,,,,
1617.6,6.49,,,99.04,270.54,96.59,264.28,,,,,,,,,,,,
1617.8,6.49,,,99.05,270.57,96.6,264.31,,,,,,,,,,,,
1618,6.49,,,99.06,270.59,96.61,264.34,,,,,,,,,,,,
1618.2,6.49,,,99.07,270.62,96.62,264.36,,,,,,,,,,,,
1618.6,6.49,,,99.08,270.64,96.63,264.39,,,,,,,,,,,,
1618.7,6.49,,,99.09,270.67,96.64,264.41,,,,,,,,,,,,
1619.3,6.48,,,99.1,270.69,96.65,264.44,,,,,,,,,,,,
1619.5,6.48,,,99.11,270.72,96.66,264.46,,,,,,,,,,,,
1619.9,6.48,,,99.12,270.75,96.67,264.49,,,,,,,,,,,,
1620,6.48,,,99.13,270.77,96.68,264.51,,,,,,,,,,,,
1620.1,6.48,,,99.14,270.8,96.69,264.54,,,,,,,,,,,,
1620.5,6.48,,,99.15,270.82,96.7,264.57,,,,,,,,,,,,
1620.9,6.48,,,99.16,270.85,96.71,264.59,,,,,,,,,,,,
1621.6,6.47,,,99.17,270.87,96.72,264.62,,,,,,,,,,,,
1621.8,6.47,,,99.18,270.9,96.73,264.64,,,,,,,,,,,,
1622.8,6.47,,,99.19,270.92,96.74,264.67,,,,,,,,,,,,
1623.2,6.47,,,99.2,270.95,96.75,264.69,,,,,,,,,,,,
1623.6,6.46,,,99.21,270.98,96.76,264.72,,,,,,,,,,,,
1623.7,6.46,,,99.22,271,96.77,264.74,,,,,,,,,,,,
1624,6.46,,,99.23,271.03,96.78,264.77,,,,,,,,,,,,
1624.4,6.46,,,99.24,271.05,96.79,264.8,,,,,,,,,,,,
1624.5,6.46,,,99.25,271.08,96.8,264.82,,,,,,,,,,,,
1624.6,6.46,,,99.26,271.1,96.81,264.85,,,,,,,,,,,,
1624.9,6.46,,,99.27,271.13,96.82,264.87,,,,,,,,,,,,
1625,6.46,,,99.28,271.15,96.83,264.9,,,,,,,,,,,,
1625.1,6.46,,,99.29,271.18,96.84,264.92,,,,,,,,,,,,
1625.8,6.45,,,99.3,271.21,96.85,264.95,,,,,,,,,,,,
1626.2,6.45,,,99.31,271.23,96.86,264.97,,,,,,,,,,,,
1626.3,6.45,,,99.32,271.26,96.87,265,,,,,,,,,,,,
1626.4,6.45,,,99.33,271.28,96.88,265.02,,,,,,,,,,,,
1626.8,6.45,,,99.34,271.31,96.89,265.05,,,,,,,,,,,,
1626.9,6.45,,,99.35,271.33,96.9,265.08,,,,,,,,,,,,
1627.2,6.45,,,99.36,271.36,96.91,265.1,,,,,,,,,,,,
1627.3,6.45,,,99.37,271.38,96.92,265.13,,,,,,,,,,,,
1627.6,6.45,,,99.38,271.41,96.93,265.15,,,,,,,,,,,,
1627.9,6.45,,,99.39,271.44,96.94,265.18,,,,,,,,,,,,
1628,6.44,,,99.4,271.46,96.95,265.2,,,,,,,,,,,,
1628.2,6.44,,,99.41,271.49,96.96,265.23,,,,,,,,,,,,
1628.3,6.44,,,99.42,271.51,96.97,265.25,,,,,,,,,,,,
1628.6,6.44,,,99.43,271.54,96.98,265.28,,,,,,,,,,,,
1628.9,6.44,,,99.44,271.56,96.99,265.31,,,,,,,,,,,,
1629,6.44,,,99.45,271.59,97,265.33,,,,,,,,,,,,
1629.3,6.44,,,99.46,271.61,97.01,265.36,,,,,,,,,,,,
1629.6,6.44,,,99.47,271.64,97.02,265.38,,,,,,,,,,,,
1629.7,6.44,,,99.48,271.67,97.03,265.41,,,,,,,,,,,,
1629.8,6.44,,,99.49,271.69,97.04,265.43,,,,,,,,,,,,
1629.9,6.44,,,99.5,271.72,97.05,265.46,,,,,,,,,,,,
1630,6.44,,,99.51,271.74,97.06,265.48,,,,,,,,,,,,
1630.1,6.44,,,99.52,271.77,97.07,265.51,,,,,,,,,,,,
1630.2,6.43,,,99.53,271.79,97.08,265.54,,,,,,,,,,,,
1630.6,6.43,,,99.54,271.82,97.09,265.56,,,,,,,,,,,,
1630.7,6.43,,,99.55,271.84,97.1,265.59,,,,,,,,,,,,
1631.2,6.43,,,99.56,271.87,97.11,265.61,,,,,,,,,,,,
1631.5,6.43,,,99.57,271.9,97.12,265.64,,,,,,,,,,,,
1631.7,6.43,,,99.58,271.92,97.13,265.66,,,,,,,,,,,,
1631.8,6.43,,,99.59,271.95,97.14,265.69,,,,,,,,,,,,
1632,6.43,,,99.6,271.97,97.15,265.71,,,,,,,,,,,,
1632.3,6.43,,,99.61,272,97.16,265.74,,,,,,,,,,,,
1632.5,6.42,,,99.62,272.02,97.17,265.76,,,,,,,,,,,,
1632.9,6.42,,,99.63,272.05,97.18,265.79,,,,,,,,,,,,
1633.1,6.42,,,99.64,272.07,97.19,265.82,,,,,,,,,,,,
1634,6.42,,,99.65,272.1,97.2,265.84,,,,,,,,,,,,
1634.7,6.41,,,99.66,272.13,97.21,265.87,,,,,,,,,,,,
1634.9,6.41,,,99.67,272.15,97.22,265.89,,,,,,,,,,,,
1635,6.41,,,99.68,272.18,97.23,265.92,,,,,,,,,,,,
1635.1,6.41,,,99.69,272.2,97.24,265.94,,,,,,,,,,,,
1635.3,6.41,,,99.7,272.23,97.25,265.97,,,,,,,,,,,,
1635.4,6.41,,,99.71,272.25,97.26,265.99,,,,,,,,,,,,
1636,6.41,,,99.72,272.28,97.27,266.02,,,,,,,,,,,,
1636.8,6.41,,,99.73,272.3,97.28,266.05,,,,,,,,,,,,
1636.9,6.4,,,99.74,272.33,97.29,266.07,,,,,,,,,,,,
1637.1,6.4,,,99.75,272.36,97.3,266.1,,,,,,,,,,,,
1637.4,6.4,,,99.76,272.38,97.31,266.12,,,,,,,,,,,,
1637.7,6.4,,,99.77,272.41,97.32,266.15,,,,,,,,,,,,
1637.9,6.4,,,99.78,272.43,97.33,266.17,,,,,,,,,,,,
1638.2,6.4,,,99.79,272.46,97.34,266.2,,,,,,,,,,,,
1638.3,6.4,,,99.8,272.48,97.35,266.22,,,,,,,,,,,,
1638.9,6.4,,,99.81,272.51,97.36,266.25,,,,,,,,,,,,
1639.2,6.39,,,99.82,272.53,97.37,266.28,,,,,,,,,,,,
1639.5,6.39,,,99.83,272.56,97.38,266.3,,,,,,,,,,,,
1639.7,6.39,,,99.84,272.59,97.39,266.33,,,,,,,,,,,,
1639.8,6.39,,,99.85,272.61,97.4,266.35,,,,,,,,,,,,
1640.1,6.39,,,99.86,272.64,97.41,266.38,,,,,,,,,,,,
1640.2,6.39,,,99.87,272.66,97.42,266.4,,,,,,,,,,,,
1640.3,6.39,,,99.88,272.69,97.43,266.43,,,,,,,,,,,,
1640.4,6.39,,,99.89,272.71,97.44,266.45,,,,,,,,,,,,
1640.9,6.39,,,99.9,272.74,97.45,266.48,,,,,,,,,,,,
1641,6.39,,,99.91,272.76,97.46,266.51,,,,,,,,,,,,
1641.6,6.38,,,99.92,272.79,97.47,266.53,,,,,,,,,,,,
1641.7,6.38,,,99.93,272.82,97.48,266.56,,,,,,,,,,,,
1641.8,6.38,,,99.94,272.84,97.49,266.58,,,,,,,,,,,,
1642,6.38,,,99.95,272.87,97.5,266.61,,,,,,,,,,,,
1642.3,6.38,,,99.96,272.89,97.51,266.63,,,,,,,,,,,,
1642.4,6.38,,,99.97,272.92,97.52,266.66,,,,,,,,,,,,
1642.6,6.38,,,99.98,272.94,97.53,266.68,,,,,,,,,,,,
1642.7,6.38,,,99.99,272.97,97.54,266.71,,,,,,,,,,,,
1642.8,6.38,,,100,272.99,97.55,266.73,,,,,,,,,,,,
1643.3,6.38,,,100.01,273.02,97.56,266.76,,,,,,,,,,,,
1643.6,6.37,,,100.02,273.05,97.57,266.79,,,,,,,,,,,,
1643.7,6.37,,,100.03,273.07,97.58,266.81,,,,,,,,,,,,
1644.1,6.37,,,100.04,273.1,97.59,266.84,,,,,,,,,,,,
1644.2,6.37,,,100.05,273.12,97.6,266.86,,,,,,,,,,,,
1644.3,6.37,,,100.06,273.15,97.61,266.89,,,,,,,,,,,,
1644.4,6.37,,,100.07,273.17,97.62,266.91,,,,,,,,,,,,
1644.5,6.37,,,100.08,273.2,97.63,266.94,,,,,,,,,,,,
1644.6,6.37,,,100.09,273.22,97.64,266.96,,,,,,,,,,,,
1644.9,6.37,,,100.1,273.25,97.65,266.99,,,,,,,,,,,,
1645.8,6.37,,,100.11,273.28,97.66,267.02,,,,,,,,,,,,
1645.9,6.36,,,100.12,273.3,97.67,267.04,,,,,,,,,,,,
1646,6.36,,,100.13,273.33,97.68,267.07,,,,,,,,,,,,
1646.4,6.36,,,100.14,273.35,97.69,267.09,,,,,,,,,,,,
1646.6,6.36,,,100.15,273.38,97.7,267.12,,,,,,,,,,,,
1646.7,6.36,,,100.16,273.4,97.71,267.14,,,,,,,,,,,,
1646.8,6.36,,,100.17,273.43,97.72,267.17,,,,,,,,,,,,
1647,6.36,,,100.18,273.45,97.73,267.19,,,,,,,,,,,,
1647.2,6.36,,,100.19,273.48,97.74,267.22,,,,,,,,,,,,
1648,6.36,,,100.2,273.51,97.75,267.25,,,,,,,,,,,,
1648.2,6.35,,,100.21,273.53,97.76,267.27,,,,,,,,,,,,
1648.4,6.35,,,100.22,273.56,97.77,267.3,,,,,,,,,,,,
1648.6,6.35,,,100.23,273.58,97.78,267.32,,,,,,,,,,,,
1648.7,6.35,,,100.24,273.61,97.79,267.35,,,,,,,,,,,,
1648.8,6.35,,,100.25,273.63,97.8,267.37,,,,,,,,,,,,
1648.9,6.35,,,100.26,273.66,97.81,267.4,,,,,,,,,,,,
1649,6.35,,,100.27,273.68,97.82,267.42,,,,,,,,,,,,
1649.2,6.35,,,100.28,273.71,97.83,267.45,,,,,,,,,,,,
1649.4,6.35,,,100.29,273.74,97.84,267.48,,,,,,,,,,,,
1649.9,6.35,,,100.3,273.76,97.85,267.5,,,,,,,,,,,,
1650,6.35,,,100.31,273.79,97.86,267.53,,,,,,,,,,,,
1650.4,6.34,,,100.32,273.81,97.87,267.55,,,,,,,,,,,,
1650.5,6.34,,,100.33,273.84,97.88,267.58,,,,,,,,,,,,
1650.6,6.34,,,100.34,273.86,97.89,267.6,,,,,,,,,,,,
1650.7,6.34,,,100.35,273.89,97.9,267.63,,,,,,,,,,,,
1651,6.34,,,100.36,273.92,97.91,267.65,,,,,,,,,,,,
1651.1,6.34,,,100.37,273.94,97.92,267.68,,,,,,,,,,,,
1651.2,6.34,,,100.38,273.97,97.93,267.71,,,,,,,,,,,,
1651.4,6.34,,,100.39,273.99,97.94,267.73,,,,,,,,,,,,
1651.5,6.34,,,100.4,274.02,97.95,267.76,,,,,,,,,,,,
1651.6,6.34,,,100.41,274.04,97.96,267.78,,,,,,,,,,,,
1651.7,6.34,,,100.42,274.07,97.97,267.81,,,,,,,,,,,,
1651.9,6.34,,,100.43,274.09,97.98,267.83,,,,,,,,,,,,
1652.1,6.34,,,100.44,274.12,97.99,267.86,,,,,,,,,,,,
1652.2,6.34,,,100.45,274.15,98,267.88,,,,,,,,,,,,
1652.3,6.34,,,100.46,274.17,98.01,267.91,,,,,,,,,,,,
1652.4,6.34,,,100.47,274.2,98.02,267.93,,,,,,,,,,,,
1652.5,6.34,,,100.48,274.22,98.03,267.96,,,,,,,,,,,,
1652.6,6.34,,,100.49,274.25,98.04,267.99,,,,,,,,,,,,
1652.7,6.33,,,100.5,274.27,98.05,268.01,,,,,,,,,,,,
1652.8,6.33,,,100.51,274.3,98.06,268.04,,,,,,,,,,,,
1653,6.33,,,100.52,274.32,98.07,268.06,,,,,,,,,,,,
1653.2,6.33,,,100.53,274.35,98.08,268.09,,,,,,,,,,,,
1653.4,6.33,,,100.54,274.38,98.09,268.11,,,,,,,,,,,,
1654.1,6.33,,,100.55,274.4,98.1,268.14,,,,,,,,,,,,
1654.3,6.33,,,100.56,274.43,98.11,268.16,,,,,,,,,,,,
1654.6,6.33,,,100.57,274.45,98.12,268.19,,,,,,,,,,,,
1654.9,6.33,,,100.58,274.48,98.13,268.22,,,,,,,,,,,,
1655.3,6.32,,,100.59,274.5,98.14,268.24,,,,,,,,,,,,
1655.7,6.32,,,100.6,274.53,98.15,268.27,,,,,,,,,,,,
1656,6.32,,,100.61,274.55,98.16,268.29,,,,,,,,,,,,
1656.4,6.32,,,100.62,274.58,98.17,268.32,,,,,,,,,,,,
1656.8,6.32,,,100.63,274.61,98.18,268.34,,,,,,,,,,,,
1657,6.32,,,100.64,274.63,98.19,268.37,,,,,,,,,,,,
1657.1,6.32,,,100.65,274.66,98.2,268.39,,,,,,,,,,,,
1657.3,6.31,,,100.66,274.68,98.21,268.42,,,,,,,,,,,,
1657.4,6.31,,,100.67,274.71,98.22,268.45,,,,,,,,,,,,
1657.7,6.31,,,100.68,274.73,98.23,268.47,,,,,,,,,,,,
1658.4,6.31,,,100.69,274.76,98.24,268.5,,,,,,,,,,,,
1658.5,6.31,,,100.7,274.78,98.25,268.52,,,,,,,,,,,,
1658.6,6.31,,,100.71,274.81,98.26,268.55,,,,,,,,,,,,
1658.7,6.31,,,100.72,274.84,98.27,268.57,,,,,,,,,,,,
1659,6.31,,,100.73,274.86,98.28,268.6,,,,,,,,,,,,
1659.1,6.31,,,100.74,274.89,98.29,268.62,,,,,,,,,,,,
1659.3,6.31,,,100.75,274.91,98.3,268.65,,,,,,,,,,,,
1659.4,6.31,,,100.76,274.94,98.31,268.68,,,,,,,,,,,,
1659.6,6.3,,,100.77,274.96,98.32,268.7,,,,,,,,,,,,
1659.8,6.3,,,100.78,274.99,98.33,268.73,,,,,,,,,,,,
1659.9,6.3,,,100.79,275.01,98.34,268.75,,,,,,,,,,,,
1660,6.3,,,100.8,275.04,98.35,268.78,,,,,,,,,,,,
1660.2,6.3,,,100.81,275.07,98.36,268.8,,,,,,,,,,,,
1660.5,6.3,,,100.82,275.09,98.37,268.83,,,,,,,,,,,,
1660.8,6.3,,,100.83,275.12,98.38,268.85,,,,,,,,,,,,
1660.9,6.3,,,100.84,275.14,98.39,268.88,,,,,,,,,,,,
1661.2,6.3,,,100.85,275.17,98.4,268.91,,,,,,,,,,,,
1661.3,6.3,,,100.86,275.19,98.41,268.93,,,,,,,,,,,,
1661.5,6.3,,,100.87,275.22,98.42,268.96,,,,,,,,,,,,
1661.8,6.3,,,100.88,275.25,98.43,268.98,,,,,,,,,,,,
1662,6.29,,,100.89,275.27,98.44,269.01,,,,,,,,,,,,
1662.1,6.29,,,100.9,275.3,98.45,269.03,,,,,,,,,,,,
1662.3,6.29,,,100.91,275.32,98.46,269.06,,,,,,,,,,,,
1662.5,6.29,,,100.92,275.35,98.47,269.08,,,,,,,,,,,,
1662.7,6.29,,,100.93,275.37,98.48,269.11,,,,,,,,,,,,
1662.8,6.29,,,100.94,275.4,98.49,269.14,,,,,,,,,,,,
1663.4,6.29,,,100.95,275.42,98.5,269.16,,,,,,,,,,,,
1663.6,6.29,,,100.96,275.45,98.51,269.19,,,,,,,,,,,,
1663.7,6.29,,,100.97,275.48,98.52,269.21,,,,,,,,,,,,
1664,6.29,,,100.98,275.5,98.53,269.24,,,,,,,,,,,,
1664.1,6.29,,,100.99,275.53,98.54,269.26,,,,,,,,,,,,
1664.6,6.28,,,101,275.55,98.55,269.29,,,,,,,,,,,,
1665.2,6.28,,,101.01,275.58,98.56,269.31,,,,,,,,,,,,
1665.3,6.28,,,101.02,275.6,98.57,269.34,,,,,,,,,,,,
1665.4,6.28,,,101.03,275.63,98.58,269.37,,,,,,,,,,,,
1665.7,6.28,,,101.04,275.65,98.59,269.39,,,,,,,,,,,,
1665.9,6.28,,,101.05,275.68,98.6,269.42,,,,,,,,,,,,
1666,6.28,,,101.06,275.71,98.61,269.44,,,,,,,,,,,,
1666.2,6.28,,,101.07,275.73,98.62,269.47,,,,,,,,,,,,
1666.3,6.28,,,101.08,275.76,98.63,269.49,,,,,,,,,,,,
1666.6,6.27,,,101.09,275.78,98.64,269.52,,,,,,,,,,,,
1666.8,6.27,,,101.1,275.81,98.65,269.54,,,,,,,,,,,,
1666.9,6.27,,,101.11,275.83,98.66,269.57,,,,,,,,,,,,
1667,6.27,,,101.12,275.86,98.67,269.6,,,,,,,,,,,,
1667.4,6.27,,,101.13,275.88,98.68,269.62,,,,,,,,,,,,
1667.6,6.27,,,101.14,275.91,98.69,269.65,,,,,,,,,,,,
1667.7,6.27,,,101.15,275.94,98.7,269.67,,,,,,,,,,,,
1669,6.26,,,101.16,275.96,98.71,269.7,,,,,,,,,,,,
1669.1,6.26,,,101.17,275.99,98.72,269.72,,,,,,,,,,,,
1669.9,6.26,,,101.18,276.01,98.73,269.75,,,,,,,,,,,,
1670.2,6.26,,,101.19,276.04,98.74,269.77,,,,,,,,,,,,
1670.3,6.26,,,101.2,276.06,98.75,269.8,,,,,,,,,,,,
1670.4,6.26,,,101.21,276.09,98.76,269.83,,,,,,,,,,,,
1670.6,6.26,,,101.22,276.12,98.77,269.85,,,,,,,,,,,,
1671.5,6.25,,,101.23,276.14,98.78,269.88,,,,,,,,,,,,
1671.7,6.25,,,101.24,276.17,98.79,269.9,,,,,,,,,,,,
1671.8,6.25,,,101.25,276.19,98.8,269.93,,,,,,,,,,,,
1671.9,6.25,,,101.26,276.22,98.81,269.95,,,,,,,,,,,,
1672.1,6.25,,,101.27,276.24,98.82,269.98,,,,,,,,,,,,
1672.9,6.25,,,101.28,276.27,98.83,270,,,,,,,,,,,,
1673,6.25,,,101.29,276.29,98.84,270.03,,,,,,,,,,,,
1673.2,6.25,,,101.3,276.32,98.85,270.06,,,,,,,,,,,,
1673.5,6.25,,,101.31,276.35,98.86,270.08,,,,,,,,,,,,
1673.8,6.24,,,101.32,276.37,98.87,270.11,,,,,,,,,,,,
1674,6.24,,,101.33,276.4,98.88,270.13,,,,,,,,,,,,
1674.1,6.24,,,101.34,276.42,98.89,270.16,,,,,,,,,,,,
1674.3,6.24,,,101.35,276.45,98.9,270.18,,,,,,,,,,,,
1674.6,6.24,,,101.36,276.47,98.91,270.21,,,,,,,,,,,,
1675.3,6.24,,,101.37,276.5,98.92,270.23,,,,,,,,,,,,
1675.4,6.24,,,101.38,276.52,98.93,270.26,,,,,,,,,,,,
1676.4,6.23,,,101.39,276.55,98.94,270.29,,,,,,,,,,,,
1676.7,6.23,,,101.4,276.58,98.95,270.31,,,,,,,,,,,,
1676.9,6.23,,,101.41,276.6,98.96,270.34,,,,,,,,,,,,
1677.1,6.23,,,101.42,276.63,98.97,270.36,,,,,,,,,,,,
1677.3,6.23,,,101.43,276.65,98.98,270.39,,,,,,,,,,,,
1677.4,6.23,,,101.44,276.68,98.99,270.41,,,,,,,,,,,,
1677.8,6.23,,,101.45,276.7,99,270.44,,,,,,,,,,,,
1678.2,6.23,,,101.46,276.73,99.01,270.46,,,,,,,,,,,,
1678.5,6.22,,,101.47,276.75,99.02,270.49,,,,,,,,,,,,
1679,6.22,,,101.48,276.78,99.03,270.52,,,,,,,,,,,,
1679.3,6.22,,,101.49,276.81,99.04,270.54,,,,,,,,,,,,
1680,6.22,,,101.5,276.83,99.05,270.57,,,,,,,,,,,,
1680.2,6.22,,,101.51,276.86,99.06,270.59,,,,,,,,,,,,
1680.6,6.22,,,101.52,276.88,99.07,270.62,,,,,,,,,,,,
1682,6.21,,,101.53,276.91,99.08,270.64,,,,,,,,,,,,
1683.3,6.2,,,101.54,276.93,99.09,270.67,,,,,,,,,,,,
1684.5,6.2,,,101.55,276.96,99.1,270.69,,,,,,,,,,,,
1684.8,6.2,,,101.56,276.99,99.11,270.72,,,,,,,,,,,,
1685,6.2,,,101.57,277.01,99.12,270.75,,,,,,,,,,,,
1685.6,6.19,,,101.58,277.04,99.13,270.77,,,,,,,,,,,,
1686.2,6.19,,,101.59,277.06,99.14,270.8,,,,,,,,,,,,
1687.2,6.19,,,101.6,277.09,99.15,270.82,,,,,,,,,,,,
1687.7,6.19,,,101.61,277.11,99.16,270.85,,,,,,,,,,,,
1689,6.18,,,101.62,277.14,99.17,270.87,,,,,,,,,,,,
1689.2,6.18,,,101.63,277.16,99.18,270.9,,,,,,,,,,,,
1690.4,6.17,,,101.64,277.19,99.19,270.92,,,,,,,,,,,,
1690.9,6.17,,,101.65,277.22,99.2,270.95,,,,,,,,,,,,
1691,6.17,,,101.66,277.24,99.21,270.98,,,,,,,,,,,,
1691.3,6.17,,,101.67,277.27,99.22,271,,,,,,,,,,,,
1691.6,6.17,,,101.68,277.29,99.23,271.03,,,,,,,,,,,,
1691.8,6.17,,,101.69,277.32,99.24,271.05,,,,,,,,,,,,
1692.2,6.17,,,101.7,277.34,99.25,271.08,,,,,,,,,,,,
1692.4,6.17,,,101.71,277.37,99.26,271.1,,,,,,,,,,,,
1693,6.16,,,101.72,277.39,99.27,271.13,,,,,,,,,,,,
1693.2,6.16,,,101.73,277.42,99.28,271.15,,,,,,,,,,,,
1693.4,6.16,,,101.74,277.45,99.29,271.18,,,,,,,,,,,,
1693.8,6.16,,,101.75,277.47,99.3,271.21,,,,,,,,,,,,
1694,6.16,,,101.76,277.5,99.31,271.23,,,,,,,,,,,,
1694.4,6.16,,,101.77,277.52,99.32,271.26,,,,,,,,,,,,
1694.6,6.16,,,101.78,277.55,99.33,271.28,,,,,,,,,,,,
1695.5,6.15,,,101.79,277.57,99.34,271.31,,,,,,,,,,,,
1695.6,6.15,,,101.8,277.6,99.35,271.33,,,,,,,,,,,,
1695.9,6.15,,,101.81,277.63,99.36,271.36,,,,,,,,,,,,
1696.1,6.15,,,101.82,277.65,99.37,271.38,,,,,,,,,,,,
1696.2,6.15,,,101.83,277.68,99.38,271.41,,,,,,,,,,,,
1696.3,6.15,,,101.84,277.7,99.39,271.44,,,,,,,,,,,,
1696.4,6.15,,,101.85,277.73,99.4,271.46,,,,,,,,,,,,
1696.5,6.15,,,101.86,277.75,99.41,271.49,,,,,,,,,,,,
1696.6,6.15,,,101.87,277.78,99.42,271.51,,,,,,,,,,,,
1697.1,6.15,,,101.88,277.8,99.43,271.54,,,,,,,,,,,,
1697.6,6.15,,,101.89,277.83,99.44,271.56,,,,,,,,,,,,
1697.7,6.14,,,101.9,277.86,99.45,271.59,,,,,,,,,,,,
1698.1,6.14,,,101.91,277.88,99.46,271.61,,,,,,,,,,,,
1698.2,6.14,,,101.92,277.91,99.47,271.64,,,,,,,,,,,,
1698.6,6.14,,,101.93,277.93,99.48,271.67,,,,,,,,,,,,
1698.7,6.14,,,101.94,277.96,99.49,271.69,,,,,,,,,,,,
1698.8,6.14,,,101.95,277.98,99.5,271.72,,,,,,,,,,,,
1698.9,6.14,,,101.96,278.01,99.51,271.74,,,,,,,,,,,,
1699,6.14,,,101.97,278.03,99.52,271.77,,,,,,,,,,,,
1699.1,6.14,,,101.98,278.06,99.53,271.79,,,,,,,,,,,,
1699.2,6.14,,,101.99,278.09,99.54,271.82,,,,,,,,,,,,
1699.3,6.14,,,102,278.11,99.55,271.84,,,,,,,,,,,,
1699.4,6.14,,,102.01,278.14,99.56,271.87,,,,,,,,,,,,
1699.8,6.14,,,102.02,278.16,99.57,271.9,,,,,,,,,,,,
1700,6.14,,,102.03,278.19,99.58,271.92,,,,,,,,,,,,
1700.3,6.13,,,102.04,278.21,99.59,271.95,,,,,,,,,,,,
1700.4,6.13,,,102.05,278.24,99.6,271.97,,,,,,,,,,,,
1701,6.13,,,102.06,278.27,99.61,272,,,,,,,,,,,,
1701.2,6.13,,,102.07,278.29,99.62,272.02,,,,,,,,,,,,
1701.3,6.13,,,102.08,278.32,99.63,272.05,,,,,,,,,,,,
1701.4,6.13,,,102.09,278.34,99.64,272.07,,,,,,,,,,,,
1701.6,6.13,,,102.1,278.37,99.65,272.1,,,,,,,,,,,,
1701.7,6.13,,,102.11,278.39,99.66,272.13,,,,,,,,,,,,
1701.8,6.13,,,102.12,278.42,99.67,272.15,,,,,,,,,,,,
1701.9,6.13,,,102.13,278.44,99.68,272.18,,,,,,,,,,,,
1702,6.13,,,102.14,278.47,99.69,272.2,,,,,,,,,,,,
1702.1,6.13,,,102.15,278.5,99.7,272.23,,,,,,,,,,,,
1702.3,6.13,,,102.16,278.52,99.71,272.25,,,,,,,,,,,,
1702.4,6.13,,,102.17,278.55,99.72,272.28,,,,,,,,,,,,
1702.9,6.12,,,102.18,278.57,99.73,272.3,,,,,,,,,,,,
1703.2,6.12,,,102.19,278.6,99.74,272.33,,,,,,,,,,,,
1703.4,6.12,,,102.2,278.62,99.75,272.36,,,,,,,,,,,,
1703.6,6.12,,,102.21,278.65,99.76,272.38,,,,,,,,,,,,
1703.7,6.12,,,102.22,278.67,99.77,272.41,,,,,,,,,,,,
1703.8,6.12,,,102.23,278.7,99.78,272.43,,,,,,,,,,,,
1704,6.12,,,102.24,278.73,99.79,272.46,,,,,,,,,,,,
1704.3,6.12,,,102.25,278.75,99.8,272.48,,,,,,,,,,,,
1704.4,6.12,,,102.26,278.78,99.81,272.51,,,,,,,,,,,,
1704.6,6.12,,,102.27,278.8,99.82,272.53,,,,,,,,,,,,
1704.8,6.12,,,102.28,278.83,99.83,272.56,,,,,,,,,,,,
1704.9,6.12,,,102.29,278.85,99.84,272.59,,,,,,,,,,,,
1705.5,6.11,,,102.3,278.88,99.85,272.61,,,,,,,,,,,,
1705.6,6.11,,,102.31,278.91,99.86,272.64,,,,,,,,,,,,
1705.8,6.11,,,102.32,278.93,99.87,272.66,,,,,,,,,,,,
1705.9,6.11,,,102.33,278.96,99.88,272.69,,,,,,,,,,,,
1706,6.11,,,102.34,278.98,99.89,272.71,,,,,,,,,,,,
1707,6.11,,,102.35,279.01,99.9,272.74,,,,,,,,,,,,
1707.1,6.11,,,102.36,279.03,99.91,272.76,,,,,,,,,,,,
1707.4,6.11,,,102.37,279.06,99.92,272.79,,,,,,,,,,,,
1707.5,6.11,,,102.38,279.08,99.93,272.82,,,,,,,,,,,,
1707.6,6.1,,,102.39,279.11,99.94,272.84,,,,,,,,,,,,
1707.7,6.1,,,102.4,279.14,99.95,272.87,,,,,,,,,,,,
1707.8,6.1,,,102.41,279.16,99.96,272.89,,,,,,,,,,,,
1708,6.1,,,102.42,279.19,99.97,272.92,,,,,,,,,,,,
1708.1,6.1,,,102.43,279.21,99.98,272.94,,,,,,,,,,,,
1708.3,6.1,,,102.44,279.24,99.99,272.97,,,,,,,,,,,,
1708.5,6.1,,,102.45,279.26,100,272.99,,,,,,,,,,,,
1708.8,6.1,,,102.46,279.29,100.01,273.02,,,,,,,,,,,,
1709.3,6.1,,,102.47,279.32,100.02,273.05,,,,,,,,,,,,
1709.8,6.1,,,102.48,279.34,100.03,273.07,,,,,,,,,,,,
1710,6.1,,,102.49,279.37,100.04,273.1,,,,,,,,,,,,
1710.5,6.09,,,102.5,279.39,100.05,273.12,,,,,,,,,,,,
1710.7,6.09,,,102.51,279.42,100.06,273.15,,,,,,,,,,,,
1710.9,6.09,,,102.52,279.44,100.07,273.17,,,,,,,,,,,,
1711,6.09,,,102.53,279.47,100.08,273.2,,,,,,,,,,,,
1711.1,6.09,,,102.54,279.49,100.09,273.22,,,,,,,,,,,,
1711.2,6.09,,,102.55,279.52,100.1,273.25,,,,,,,,,,,,
1711.4,6.09,,,102.56,279.55,100.11,273.28,,,,,,,,,,,,
1711.5,6.09,,,102.57,279.57,100.12,273.3,,,,,,,,,,,,
1711.7,6.09,,,102.58,279.6,100.13,273.33,,,,,,,,,,,,
1711.8,6.09,,,102.59,279.62,100.14,273.35,,,,,,,,,,,,
1711.9,6.09,,,102.6,279.65,100.15,273.38,,,,,,,,,,,,
1712,6.09,,,102.61,279.67,100.16,273.4,,,,,,,,,,,,
1712.1,6.09,,,102.62,279.7,100.17,273.43,,,,,,,,,,,,
1712.8,6.08,,,102.63,279.72,100.18,273.45,,,,,,,,,,,,
1713.1,6.08,,,102.64,279.75,100.19,273.48,,,,,,,,,,,,
1713.3,6.08,,,102.65,279.78,100.2,273.51,,,,,,,,,,,,
1713.4,6.08,,,102.66,279.8,100.21,273.53,,,,,,,,,,,,
1713.5,6.08,,,102.67,279.83,100.22,273.56,,,,,,,,,,,,
1713.6,6.08,,,102.68,279.85,100.23,273.58,,,,,,,,,,,,
1713.7,6.08,,,102.69,279.88,100.24,273.61,,,,,,,,,,,,
1713.9,6.08,,,102.7,279.9,100.25,273.63,,,,,,,,,,,,
1714,6.08,,,102.71,279.93,100.26,273.66,,,,,,,,,,,,
1714.2,6.08,,,102.72,279.96,100.27,273.68,,,,,,,,,,,,
1714.4,6.08,,,102.73,279.98,100.28,273.71,,,,,,,,,,,,
1714.7,6.08,,,102.74,280.01,100.29,273.74,,,,,,,,,,,,
1714.8,6.08,,,102.75,280.03,100.3,273.76,,,,,,,,,,,,
1714.9,6.08,,,102.76,280.06,100.31,273.79,,,,,,,,,,,,
1715.1,6.08,,,102.77,280.08,100.32,273.81,,,,,,,,,,,,
1715.3,6.07,,,102.78,280.11,100.33,273.84,,,,,,,,,,,,
1715.5,6.07,,,102.79,280.13,100.34,273.86,,,,,,,,,,,,
1715.6,6.07,,,102.8,280.16,100.35,273.89,,,,,,,,,,,,
1715.7,6.07,,,102.81,280.19,100.36,273.92,,,,,,,,,,,,
1715.8,6.07,,,102.82,280.21,100.37,273.94,,,,,,,,,,,,
1715.9,6.07,,,102.83,280.24,100.38,273.97,,,,,,,,,,,,
1716,6.07,,,102.84,280.26,100.39,273.99,,,,,,,,,,,,
1716.2,6.07,,,102.85,280.29,100.4,274.02,,,,,,,,,,,,
1716.5,6.07,,,102.86,280.31,100.41,274.04,,,,,,,,,,,,
1716.8,6.07,,,102.87,280.34,100.42,274.07,,,,,,,,,,,,
1716.9,6.07,,,102.88,280.37,100.43,274.09,,,,,,,,,,,,
1717,6.07,,,102.89,280.39,100.44,274.12,,,,,,,,,,,,
1717.1,6.07,,,102.9,280.42,100.45,274.15,,,,,,,,,,,,
1717.4,6.07,,,102.91,280.44,100.46,274.17,,,,,,,,,,,,
1717.6,6.07,,,102.92,280.47,100.47,274.2,,,,,,,,,,,,
1717.7,6.06,,,102.93,280.49,100.48,274.22,,,,,,,,,,,,
1718.2,6.06,,,102.94,280.52,100.49,274.25,,,,,,,,,,,,
1718.3,6.06,,,102.95,280.54,100.5,274.27,,,,,,,,,,,,
1718.5,6.06,,,102.96,280.57,100.51,274.3,,,,,,,,,,,,
1719.3,6.06,,,102.97,280.6,100.52,274.32,,,,,,,,,,,,
1719.4,6.06,,,102.98,280.62,100.53,274.35,,,,,,,,,,,,
1719.6,6.06,,,102.99,280.65,100.54,274.38,,,,,,,,,,,,
1719.7,6.06,,,103,280.67,100.55,274.4,,,,,,,,,,,,
1719.9,6.06,,,103.01,280.7,100.56,274.43,,,,,,,,,,,,
1720,6.06,,,103.02,280.72,100.57,274.45,,,,,,,,,,,,
1720.1,6.06,,,103.03,280.75,100.58,274.48,,,,,,,,,,,,
1720.4,6.05,,,103.04,280.77,100.59,274.5,,,,,,,,,,,,
1720.9,6.05,,,103.05,280.8,100.6,274.53,,,,,,,,,,,,
1721.1,6.05,,,103.06,280.83,100.61,274.55,,,,,,,,,,,,
1721.3,6.05,,,103.07,280.85,100.62,274.58,,,,,,,,,,,,
1721.4,6.05,,,103.08,280.88,100.63,274.61,,,,,,,,,,,,
1721.5,6.05,,,103.09,280.9,100.64,274.63,,,,,,,,,,,,
1721.9,6.05,,,103.1,280.93,100.65,274.66,,,,,,,,,,,,
1722,6.05,,,103.11,280.95,100.66,274.68,,,,,,,,,,,,
1722.1,6.05,,,103.12,280.98,100.67,274.71,,,,,,,,,,,,
1722.3,6.05,,,103.13,281.01,100.68,274.73,,,,,,,,,,,,
1722.4,6.05,,,103.14,281.03,100.69,274.76,,,,,,,,,,,,
1722.8,6.04,,,103.15,281.06,100.7,274.78,,,,,,,,,,,,
1722.9,6.04,,,103.16,281.08,100.71,274.81,,,,,,,,,,,,
1723.2,6.04,,,103.17,281.11,100.72,274.84,,,,,,,,,,,,
1723.3,6.04,,,103.18,281.13,100.73,274.86,,,,,,,,,,,,
1724.1,6.04,,,103.19,281.16,100.74,274.89,,,,,,,,,,,,
1725.1,6.04,,,103.2,281.18,100.75,274.91,,,,,,,,,,,,
1725.4,6.03,,,103.21,281.21,100.76,274.94,,,,,,,,,,,,
1725.5,6.03,,,103.22,281.24,100.77,274.96,,,,,,,,,,,,
1726.4,6.03,,,103.23,281.26,100.78,274.99,,,,,,,,,,,,
1727.1,6.03,,,103.24,281.29,100.79,275.01,,,,,,,,,,,,
1727.2,6.03,,,103.25,281.31,100.8,275.04,,,,,,,,,,,,
1727.3,6.03,,,103.26,281.34,100.81,275.07,,,,,,,,,,,,
1727.6,6.03,,,103.27,281.36,100.82,275.09,,,,,,,,,,,,
1727.7,6.03,,,103.28,281.39,100.83,275.12,,,,,,,,,,,,
1728.4,6.02,,,103.29,281.42,100.84,275.14,,,,,,,,,,,,
1728.5,6.02,,,103.3,281.44,100.85,275.17,,,,,,,,,,,,
1729.3,6.02,,,103.31,281.47,100.86,275.19,,,,,,,,,,,,
1729.6,6.02,,,103.32,281.49,100.87,275.22,,,,,,,,,,,,
1730.2,6.02,,,103.33,281.52,100.88,275.25,,,,,,,,,,,,
1731.1,6.01,,,103.34,281.54,100.89,275.27,,,,,,,,,,,,
1731.3,6.01,,,103.35,281.57,100.9,275.3,,,,,,,,,,,,
1732.1,6.01,,,103.36,281.59,100.91,275.32,,,,,,,,,,,,
1732.7,6.01,,,103.37,281.62,100.92,275.35,,,,,,,,,,,,
1733.1,6,,,103.38,281.65,100.93,275.37,,,,,,,,,,,,
1733.6,6,,,103.39,281.67,100.94,275.4,,,,,,,,,,,,
1733.9,6,,,103.4,281.7,100.95,275.42,,,,,,,,,,,,
1734.6,6,,,103.41,281.72,100.96,275.45,,,,,,,,,,,,
1734.7,6,,,103.42,281.75,100.97,275.48,,,,,,,,,,,,
1735.1,6,,,103.43,281.77,100.98,275.5,,,,,,,,,,,,
1736.1,5.99,,,103.44,281.8,100.99,275.53,,,,,,,,,,,,
1736.4,5.99,,,103.45,281.83,101,275.55,,,,,,,,,,,,
1736.7,5.99,,,103.46,281.85,101.01,275.58,,,,,,,,,,,,
1737.1,5.99,,,103.47,281.88,101.02,275.6,,,,,,,,,,,,
1737.2,5.99,,,103.48,281.9,101.03,275.63,,,,,,,,,,,,
1737.5,5.99,,,103.49,281.93,101.04,275.65,,,,,,,,,,,,
1738.8,5.98,,,103.5,281.95,101.05,275.68,,,,,,,,,,,,
1739,5.98,,,103.51,281.98,101.06,275.71,,,,,,,,,,,,
1739.4,5.98,,,103.52,282,101.07,275.73,,,,,,,,,,,,
1739.6,5.98,,,103.53,282.03,101.08,275.76,,,,,,,,,,,,
1739.7,5.98,,,103.54,282.06,101.09,275.78,,,,,,,,,,,,
1739.8,5.98,,,103.55,282.08,101.1,275.81,,,,,,,,,,,,
1740,5.98,,,103.56,282.11,101.11,275.83,,,,,,,,,,,,
1740.3,5.98,,,103.57,282.13,101.12,275.86,,,,,,,,,,,,
1741,5.97,,,103.58,282.16,101.13,275.88,,,,,,,,,,,,
1741.1,5.97,,,103.59,282.18,101.14,275.91,,,,,,,,,,,,
1741.3,5.97,,,103.6,282.21,101.15,275.94,,,,,,,,,,,,
1741.7,5.97,,,103.61,282.24,101.16,275.96,,,,,,,,,,,,
1741.8,5.97,,,103.62,282.26,101.17,275.99,,,,,,,,,,,,
1741.9,5.97,,,103.63,282.29,101.18,276.01,,,,,,,,,,,,
1742.2,5.97,,,103.64,282.31,101.19,276.04,,,,,,,,,,,,
1742.3,5.97,,,103.65,282.34,101.2,276.06,,,,,,,,,,,,
1742.7,5.97,,,103.66,282.36,101.21,276.09,,,,,,,,,,,,
1743,5.97,,,103.67,282.39,101.22,276.12,,,,,,,,,,,,
1743.2,5.97,,,103.68,282.41,101.23,276.14,,,,,,,,,,,,
1743.4,5.96,,,103.69,282.44,101.24,276.17,,,,,,,,,,,,
1743.6,5.96,,,103.7,282.47,101.25,276.19,,,,,,,,,,,,
1744,5.96,,,103.71,282.49,101.26,276.22,,,,,,,,,,,,
1744.3,5.96,,,103.72,282.52,101.27,276.24,,,,,,,,,,,,
1744.9,5.96,,,103.73,282.54,101.28,276.27,,,,,,,,,,,,
1745,5.96,,,103.74,282.57,101.29,276.29,,,,,,,,,,,,
1745.1,5.96,,,103.75,282.59,101.3,276.32,,,,,,,,,,,,
1745.2,5.96,,,103.76,282.62,101.31,276.35,,,,,,,,,,,,
1745.4,5.96,,,103.77,282.65,101.32,276.37,,,,,,,,,,,,
1745.5,5.96,,,103.78,282.67,101.33,276.4,,,,,,,,,,,,
1745.6,5.96,,,103.79,282.7,101.34,276.42,,,,,,,,,,,,
1745.8,5.96,,,103.8,282.72,101.35,276.45,,,,,,,,,,,,
1745.9,5.96,,,103.81,282.75,101.36,276.47,,,,,,,,,,,,
1746.1,5.95,,,103.82,282.77,101.37,276.5,,,,,,,,,,,,
1746.3,5.95,,,103.83,282.8,101.38,276.52,,,,,,,,,,,,
1747.1,5.95,,,103.84,282.82,101.39,276.55,,,,,,,,,,,,
1747.2,5.95,,,103.85,282.85,101.4,276.58,,,,,,,,,,,,
1747.7,5.95,,,103.86,282.88,101.41,276.6,,,,,,,,,,,,
1748.1,5.95,,,103.87,282.9,101.42,276.63,,,,,,,,,,,,
1748.2,5.95,,,103.88,282.93,101.43,276.65,,,,,,,,,,,,
1748.5,5.95,,,103.89,282.95,101.44,276.68,,,,,,,,,,,,
1749.4,5.94,,,103.9,282.98,101.45,276.7,,,,,,,,,,,,
1749.5,5.94,,,103.91,283,101.46,276.73,,,,,,,,,,,,
1749.6,5.94,,,103.92,283.03,101.47,276.75,,,,,,,,,,,,
1751,5.94,,,103.93,283.06,101.48,276.78,,,,,,,,,,,,
1751.2,5.94,,,103.94,283.08,101.49,276.81,,,,,,,,,,,,
1752.4,5.93,,,103.95,283.11,101.5,276.83,,,,,,,,,,,,
1752.5,5.93,,,103.96,283.13,101.51,276.86,,,,,,,,,,,,
1752.7,5.93,,,103.97,283.16,101.52,276.88,,,,,,,,,,,,
1753.3,5.93,,,103.98,283.18,101.53,276.91,,,,,,,,,,,,
1753.8,5.93,,,103.99,283.21,101.54,276.93,,,,,,,,,,,,
1755,5.92,,,104,283.23,101.55,276.96,,,,,,,,,,,,
1756.2,5.92,,,104.01,283.26,101.56,276.99,,,,,,,,,,,,
1756.7,5.91,,,104.02,283.29,101.57,277.01,,,,,,,,,,,,
1759.5,5.9,,,104.03,283.31,101.58,277.04,,,,,,,,,,,,
1766.4,5.88,,,104.04,283.34,101.59,277.06,,,,,,,,,,,,
1768.4,5.87,,,104.05,283.36,101.6,277.09,,,,,,,,,,,,
1773,5.85,,,104.06,283.39,101.61,277.11,,,,,,,,,,,,
1781,5.83,,,104.07,283.41,101.62,277.14,,,,,,,,,,,,
1784,5.81,,,104.08,283.44,101.63,277.16,,,,,,,,,,,,
1803,5.75,,,104.09,283.47,101.64,277.19,,,,,,,,,,,,
1823,5.68,,,104.1,283.49,101.65,277.22,,,,,,,,,,,,
1831,5.65,,,104.11,283.52,101.66,277.24,,,,,,,,,,,,
1834,5.64,,,104.12,283.54,101.67,277.27,,,,,,,,,,,,
1845,5.61,,,104.13,283.57,101.68,277.29,,,,,,,,,,,,
1852,5.58,,,104.14,283.59,101.69,277.32,,,,,,,,,,,,
1854,5.58,,,104.15,283.62,101.7,277.34,,,,,,,,,,,,
1861,5.55,,,104.16,283.65,101.71,277.37,,,,,,,,,,,,
1867,5.53,,,104.17,283.67,101.72,277.39,,,,,,,,,,,,
1884,5.48,,,104.18,283.7,101.73,277.42,,,,,,,,,,,,
1900,5.43,,,104.19,283.72,101.74,277.45,,,,,,,,,,,,
1901,5.43,,,104.2,283.75,101.75,277.47,,,,,,,,,,,,
1910,5.4,,,104.21,283.77,101.76,277.5,,,,,,,,,,,,
1922,5.36,,,104.22,283.8,101.77,277.52,,,,,,,,,,,,
1925,5.36,,,104.23,283.82,101.78,277.55,,,,,,,,,,,,
1935,5.33,,,104.24,283.85,101.79,277.57,,,,,,,,,,,,
1942,5.31,,,104.25,283.88,101.8,277.6,,,,,,,,,,,,
1944,5.3,,,104.26,283.9,101.81,277.63,,,,,,,,,,,,
1972,5.22,,,104.27,283.93,101.82,277.65,,,,,,,,,,,,
1983,5.19,,,104.28,283.95,101.83,277.68,,,,,,,,,,,,
1987,5.18,,,104.29,283.98,101.84,277.7,,,,,,,,,,,,
1992,5.16,,,104.3,284,101.85,277.73,,,,,,,,,,,,
2000,5.14,,,104.31,284.03,101.86,277.75,,,,,,,,,,,,
2010,5.12,,,104.32,284.06,101.87,277.78,,,,,,,,,,,,
2011,5.11,,,104.33,284.08,101.88,277.8,,,,,,,,,,,,
2034,5.05,,,104.34,284.11,101.89,277.83,,,,,,,,,,,,
2049,5.02,,,104.35,284.13,101.9,277.86,,,,,,,,,,,,
2071,4.96,,,104.36,284.16,101.91,277.88,,,,,,,,,,,,
2083,4.93,,,104.37,284.18,101.92,277.91,,,,,,,,,,,,
2085,4.93,,,104.38,284.21,101.93,277.93,,,,,,,,,,,,
2087,4.92,,,104.39,284.23,101.94,277.96,,,,,,,,,,,,
2089,4.92,,,104.4,284.26,101.95,277.98,,,,,,,,,,,,
2106,4.88,,,104.41,284.29,101.96,278.01,,,,,,,,,,,,
2122,4.84,,,104.42,284.31,101.97,278.03,,,,,,,,,,,,
2131,4.82,,,104.43,284.34,101.98,278.06,,,,,,,,,,,,
2132,4.82,,,104.44,284.36,101.99,278.09,,,,,,,,,,,,
2140,4.8,,,104.45,284.39,102,278.11,,,,,,,,,,,,
2174,4.72,,,104.46,284.41,102.01,278.14,,,,,,,,,,,,
2175,4.72,,,104.47,284.44,102.02,278.16,,,,,,,,,,,,
2193,4.68,,,104.48,284.47,102.03,278.19,,,,,,,,,,,,
2199,4.67,,,104.49,284.49,102.04,278.21,,,,,,,,,,,,
2220,4.62,,,104.5,284.52,102.05,278.24,,,,,,,,,,,,
2240,4.58,,,104.51,284.54,102.06,278.27,,,,,,,,,,,,
2261,4.54,,,104.52,284.57,102.07,278.29,,,,,,,,,,,,
2264,4.53,,,104.53,284.59,102.08,278.32,,,,,,,,,,,,
2268,4.53,,,104.54,284.62,102.09,278.34,,,,,,,,,,,,
2275,4.51,,,104.55,284.64,102.1,278.37,,,,,,,,,,,,
2320,4.43,,,104.56,284.67,102.11,278.39,,,,,,,,,,,,
2334,4.4,,,104.57,284.7,102.12,278.42,,,,,,,,,,,,
2337,4.39,,,104.58,284.72,102.13,278.44,,,,,,,,,,,,
2375,4.33,,,104.59,284.75,102.14,278.47,,,,,,,,,,,,
2390,4.3,,,104.6,284.77,102.15,278.5,,,,,,,,,,,,
2394,4.29,,,104.61,284.8,102.16,278.52,,,,,,,,,,,,
2412,4.26,,,104.62,284.82,102.17,278.55,,,,,,,,,,,,
2436,4.22,,,104.63,284.85,102.18,278.57,,,,,,,,,,,,
2460,4.18,,,104.64,284.88,102.19,278.6,,,,,,,,,,,,
2479,4.15,,,104.65,284.9,102.2,278.62,,,,,,,,,,,,
2499,4.12,,,104.66,284.93,102.21,278.65,,,,,,,,,,,,
2501,4.12,,,104.67,284.95,102.22,278.67,,,,,,,,,,,,
2529,4.07,,,104.68,284.98,102.23,278.7,,,,,,,,,,,,
2548,4.05,,,104.69,285,102.24,278.73,,,,,,,,,,,,
2573,4.01,,,104.7,285.03,102.25,278.75,,,,,,,,,,,,
2584,3.99,,,104.71,285.06,102.26,278.78,,,,,,,,,,,,
2597,3.97,,,104.72,285.08,102.27,278.8,,,,,,,,,,,,
2607,3.96,,,104.73,285.11,102.28,278.83,,,,,,,,,,,,
2624,3.94,,,104.74,285.13,102.29,278.85,,,,,,,,,,,,
2625,3.93,,,104.75,285.16,102.3,278.88,,,,,,,,,,,,
2646,3.91,,,104.76,285.18,102.31,278.91,,,,,,,,,,,,
2675,3.87,,,104.77,285.21,102.32,278.93,,,,,,,,,,,,
2684,3.85,,,104.78,285.23,102.33,278.96,,,,,,,,,,,,
2710,3.82,,,104.79,285.26,102.34,278.98,,,,,,,,,,,,
2739,3.78,,,104.8,285.29,102.35,279.01,,,,,,,,,,,,
2745,3.78,,,104.81,285.31,102.36,279.03,,,,,,,,,,,,
2760,3.76,,,104.82,285.34,102.37,279.06,,,,,,,,,,,,
2766,3.75,,,104.83,285.36,102.38,279.08,,,,,,,,,,,,
2789,3.72,,,104.84,285.39,102.39,279.11,,,,,,,,,,,,
2834,3.67,,,104.85,285.41,102.4,279.14,,,,,,,,,,,,
2842,3.66,,,104.86,285.44,102.41,279.16,,,,,,,,,,,,
2855,3.64,,,104.87,285.47,102.42,279.19,,,,,,,,,,,,
2885,3.61,,,104.88,285.49,102.43,279.21,,,,,,,,,,,,
2898,3.6,,,104.89,285.52,102.44,279.24,,,,,,,,,,,,
2916,3.58,,,104.9,285.54,102.45,279.26,,,,,,,,,,,,
2955,3.54,,,104.91,285.57,102.46,279.29,,,,,,,,,,,,
2992,3.5,,,104.92,285.59,102.47,279.32,,,,,,,,,,,,
2997,3.49,,,104.93,285.62,102.48,279.34,,,,,,,,,,,,
3008,3.48,,,104.94,285.64,102.49,279.37,,,,,,,,,,,,
3029,3.46,,,104.95,285.67,102.5,279.39,,,,,,,,,,,,
3032,3.46,,,104.96,285.7,102.51,279.42,,,,,,,,,,,,
3055,3.43,,,104.97,285.72,102.52,279.44,,,,,,,,,,,,
3060,3.43,,,104.98,285.75,102.53,279.47,,,,,,,,,,,,
3064,3.43,,,104.99,285.77,102.54,279.49,,,,,,,,,,,,
3071,3.42,,,105,285.8,102.55,279.52,,,,,,,,,,,,
3075,3.41,,,105.01,285.82,102.56,279.55,,,,,,,,,,,,
3079,3.41,,,105.02,285.85,102.57,279.57,,,,,,,,,,,,
3100,3.39,,,105.03,285.88,102.58,279.6,,,,,,,,,,,,
3103,3.39,,,105.04,285.9,102.59,279.62,,,,,,,,,,,,
3114,3.38,,,105.05,285.93,102.6,279.65,,,,,,,,,,,,
3117,3.38,,,105.06,285.95,102.61,279.67,,,,,,,,,,,,
3118,3.37,,,105.07,285.98,102.62,279.7,,,,,,,,,,,,
3121,3.37,,,105.08,286,102.63,279.72,,,,,,,,,,,,
3128,3.37,,,105.09,286.03,102.64,279.75,,,,,,,,,,,,
3137,3.36,,,105.1,286.06,102.65,279.78,,,,,,,,,,,,
3139,3.35,,,105.11,286.08,102.66,279.8,,,,,,,,,,,,
3140,3.35,,,105.12,286.11,102.67,279.83,,,,,,,,,,,,
3142,3.35,,,105.13,286.13,102.68,279.85,,,,,,,,,,,,
3148,3.35,,,105.14,286.16,102.69,279.88,,,,,,,,,,,,
3152,3.34,,,105.15,286.18,102.7,279.9,,,,,,,,,,,,
3154,3.34,,,105.16,286.21,102.71,279.93,,,,,,,,,,,,
3157,3.34,,,105.17,286.23,102.72,279.96,,,,,,,,,,,,
3163,3.33,,,105.18,286.26,102.73,279.98,,,,,,,,,,,,
3164,3.33,,,105.19,286.29,102.74,280.01,,,,,,,,,,,,
3165,3.33,,,105.2,286.31,102.75,280.03,,,,,,,,,,,,
3169,3.33,,,105.21,286.34,102.76,280.06,,,,,,,,,,,,
3171,3.33,,,105.22,286.36,102.77,280.08,,,,,,,,,,,,
3174,3.32,,,105.23,286.39,102.78,280.11,,,,,,,,,,,,
3175,3.32,,,105.24,286.41,102.79,280.13,,,,,,,,,,,,
3176,3.32,,,105.25,286.44,102.8,280.16,,,,,,,,,,,,
3177,3.32,,,105.26,286.47,102.81,280.19,,,,,,,,,,,,
3180,3.32,,,105.27,286.49,102.82,280.21,,,,,,,,,,,,
3184,3.31,,,105.28,286.52,102.83,280.24,,,,,,,,,,,,
3185,3.31,,,105.29,286.54,102.84,280.26,,,,,,,,,,,,
3187,3.31,,,105.3,286.57,102.85,280.29,,,,,,,,,,,,
3190,3.31,,,105.31,286.59,102.86,280.31,,,,,,,,,,,,
3196,3.3,,,105.32,286.62,102.87,280.34,,,,,,,,,,,,
3198,3.3,,,105.33,286.65,102.88,280.37,,,,,,,,,,,,
3199,3.3,,,105.34,286.67,102.89,280.39,,,,,,,,,,,,
3204,3.3,,,105.35,286.7,102.9,280.42,,,,,,,,,,,,
3205,3.3,,,105.36,286.72,102.91,280.44,,,,,,,,,,,,
3206,3.3,,,105.37,286.75,102.92,280.47,,,,,,,,,,,,
3207,3.29,,,105.38,286.77,102.93,280.49,,,,,,,,,,,,
3210,3.29,,,105.39,286.8,102.94,280.52,,,,,,,,,,,,
3211,3.29,,,105.4,286.82,102.95,280.54,,,,,,,,,,,,
3214,3.29,,,105.41,286.85,102.96,280.57,,,,,,,,,,,,
3215,3.29,,,105.42,286.88,102.97,280.6,,,,,,,,,,,,
3218,3.28,,,105.43,286.9,102.98,280.62,,,,,,,,,,,,
3222,3.28,,,105.44,286.93,102.99,280.65,,,,,,,,,,,,
3224,3.28,,,105.45,286.95,103,280.67,,,,,,,,,,,,
3225,3.28,,,105.46,286.98,103.01,280.7,,,,,,,,,,,,
3226,3.28,,,105.47,287,103.02,280.72,,,,,,,,,,,,
3228,3.28,,,105.48,287.03,103.03,280.75,,,,,,,,,,,,
3229,3.28,,,105.49,287.06,103.04,280.77,,,,,,,,,,,,
3231,3.27,,,105.5,287.08,103.05,280.8,,,,,,,,,,,,
3232,3.27,,,105.51,287.11,103.06,280.83,,,,,,,,,,,,
3234,3.27,,,105.52,287.13,103.07,280.85,,,,,,,,,,,,
3235,3.27,,,105.53,287.16,103.08,280.88,,,,,,,,,,,,
3236,3.27,,,105.54,287.18,103.09,280.9,,,,,,,,,,,,
3237,3.27,,,105.55,287.21,103.1,280.93,,,,,,,,,,,,
3238,3.27,,,105.56,287.24,103.11,280.95,,,,,,,,,,,,
3239,3.27,,,105.57,287.26,103.12,280.98,,,,,,,,,,,,
3240,3.27,,,105.58,287.29,103.13,281.01,,,,,,,,,,,,
3241,3.26,,,105.59,287.31,103.14,281.03,,,,,,,,,,,,
3242,3.26,,,105.6,287.34,103.15,281.06,,,,,,,,,,,,
3243,3.26,,,105.61,287.36,103.16,281.08,,,,,,,,,,,,
3244,3.26,,,105.62,287.39,103.17,281.11,,,,,,,,,,,,
3245,3.26,,,105.63,287.41,103.18,281.13,,,,,,,,,,,,
3246,3.26,,,105.64,287.44,103.19,281.16,,,,,,,,,,,,
3247,3.26,,,105.65,287.47,103.2,281.18,,,,,,,,,,,,
3248,3.26,,,105.66,287.49,103.21,281.21,,,,,,,,,,,,
3249,3.26,,,105.67,287.52,103.22,281.24,,,,,,,,,,,,
3250,3.26,,,105.68,287.54,103.23,281.26,,,,,,,,,,,,
3251,3.26,,,105.69,287.57,103.24,281.29,,,,,,,,,,,,
3252,3.26,,,105.7,287.59,103.25,281.31,,,,,,,,,,,,
3253,3.25,,,105.71,287.62,103.26,281.34,,,,,,,,,,,,
3254,3.25,,,105.72,287.65,103.27,281.36,,,,,,,,,,,,
3255,3.25,,,105.73,287.67,103.28,281.39,,,,,,,,,,,,
3256,3.25,,,105.74,287.7,103.29,281.42,,,,,,,,,,,,
3257,3.25,,,105.75,287.72,103.3,281.44,,,,,,,,,,,,
3258,3.25,,,105.76,287.75,103.31,281.47,,,,,,,,,,,,
3259,3.25,,,105.77,287.77,103.32,281.49,,,,,,,,,,,,
3260,3.25,,,105.78,287.8,103.33,281.52,,,,,,,,,,,,
3261,3.25,,,105.79,287.83,103.34,281.54,,,,,,,,,,,,
3262,3.25,,,105.8,287.85,103.35,281.57,,,,,,,,,,,,
3263,3.25,,,105.81,287.88,103.36,281.59,,,,,,,,,,,,
3264,3.25,,,105.82,287.9,103.37,281.62,,,,,,,,,,,,
3265,3.24,,,105.83,287.93,103.38,281.65,,,,,,,,,,,,
3266,3.24,,,105.84,287.95,103.39,281.67,,,,,,,,,,,,
3267,3.24,,,105.85,287.98,103.4,281.7,,,,,,,,,,,,
3268,3.24,,,105.86,288,103.41,281.72,,,,,,,,,,,,
3269,3.24,,,105.87,288.03,103.42,281.75,,,,,,,,,,,,
3270,3.24,,,105.88,288.06,103.43,281.77,,,,,,,,,,,,
3271,3.24,,,105.89,288.08,103.44,281.8,,,,,,,,,,,,
3272,3.24,,,105.9,288.11,103.45,281.83,,,,,,,,,,,,
3273,3.24,,,105.91,288.13,103.46,281.85,,,,,,,,,,,,
3274,3.24,,,105.92,288.16,103.47,281.88,,,,,,,,,,,,
3275,3.24,,,105.93,288.18,103.48,281.9,,,,,,,,,,,,
3276,3.24,,,105.94,288.21,103.49,281.93,,,,,,,,,,,,
3277,3.23,,,105.95,288.24,103.5,281.95,,,,,,,,,,,,
3278,3.23,,,105.96,288.26,103.51,281.98,,,,,,,,,,,,
3279,3.23,,,105.97,288.29,103.52,282,,,,,,,,,,,,
3280,3.23,,,105.98,288.31,103.53,282.03,,,,,,,,,,,,
3281,3.23,,,105.99,288.34,103.54,282.06,,,,,,,,,,,,
3282,3.23,,,106,288.36,103.55,282.08,,,,,,,,,,,,
3283,3.23,,,106.01,288.39,103.56,282.11,,,,,,,,,,,,
3284,3.23,,,106.02,288.42,103.57,282.13,,,,,,,,,,,,
3285,3.23,,,106.03,288.44,103.58,282.16,,,,,,,,,,,,
3286,3.23,,,106.04,288.47,103.59,282.18,,,,,,,,,,,,
3287,3.23,,,106.05,288.49,103.6,282.21,,,,,,,,,,,,
3288,3.23,,,106.06,288.52,103.61,282.24,,,,,,,,,,,,
3289,3.22,,,106.07,288.54,103.62,282.26,,,,,,,,,,,,
3290,3.22,,,106.08,288.57,103.63,282.29,,,,,,,,,,,,
3291,3.22,,,106.09,288.6,103.64,282.31,,,,,,,,,,,,
3292,3.22,,,106.1,288.62,103.65,282.34,,,,,,,,,,,,
3293,3.22,,,106.11,288.65,103.66,282.36,,,,,,,,,,,,
3294,3.22,,,106.12,288.67,103.67,282.39,,,,,,,,,,,,
3295,3.22,,,106.13,288.7,103.68,282.41,,,,,,,,,,,,
3296,3.22,,,106.14,288.72,103.69,282.44,,,,,,,,,,,,
3297,3.22,,,106.15,288.75,103.7,282.47,,,,,,,,,,,,
3298,3.22,,,106.16,288.77,103.71,282.49,,,,,,,,,,,,
3299,3.22,,,106.17,288.8,103.72,282.52,,,,,,,,,,,,
3300,3.22,,,106.18,288.83,103.73,282.54,,,,,,,,,,,,
3301,3.21,,,106.19,288.85,103.74,282.57,,,,,,,,,,,,
3302,3.21,,,106.2,288.88,103.75,282.59,,,,,,,,,,,,
3303,3.21,,,106.21,288.9,103.76,282.62,,,,,,,,,,,,
3304,3.21,,,106.22,288.93,103.77,282.65,,,,,,,,,,,,
3305,3.21,,,106.23,288.95,103.78,282.67,,,,,,,,,,,,
3306,3.21,,,106.24,288.98,103.79,282.7,,,,,,,,,,,,
3307,3.21,,,106.25,289.01,103.8,282.72,,,,,,,,,,,,
3308,3.21,,,106.26,289.03,103.81,282.75,,,,,,,,,,,,
3309,3.21,,,106.27,289.06,103.82,282.77,,,,,,,,,,,,
3310,3.21,,,106.28,289.08,103.83,282.8,,,,,,,,,,,,
3311,3.21,,,106.29,289.11,103.84,282.82,,,,,,,,,,,,
3312,3.21,,,106.3,289.13,103.85,282.85,,,,,,,,,,,,
3313,3.21,,,106.31,289.16,103.86,282.88,,,,,,,,,,,,
3314,3.2,,,106.32,289.19,103.87,282.9,,,,,,,,,,,,
3315,3.2,,,106.33,289.21,103.88,282.93,,,,,,,,,,,,
3316,3.2,,,106.34,289.24,103.89,282.95,,,,,,,,,,,,
3317,3.2,,,106.35,289.26,103.9,282.98,,,,,,,,,,,,
3318,3.2,,,106.36,289.29,103.91,283,,,,,,,,,,,,
3319,3.2,,,106.37,289.31,103.92,283.03,,,,,,,,,,,,
3320,3.2,,,106.38,289.34,103.93,283.06,,,,,,,,,,,,
3321,3.2,,,106.39,289.36,103.94,283.08,,,,,,,,,,,,
3322,3.2,,,106.4,289.39,103.95,283.11,,,,,,,,,,,,
3323,3.2,,,106.41,289.42,103.96,283.13,,,,,,,,,,,,
3324,3.2,,,106.42,289.44,103.97,283.16,,,,,,,,,,,,
3325,3.2,,,106.43,289.47,103.98,283.18,,,,,,,,,,,,
3326,3.19,,,106.44,289.49,103.99,283.21,,,,,,,,,,,,
3327,3.19,,,106.45,289.52,104,283.23,,,,,,,,,,,,
3328,3.19,,,106.46,289.54,104.01,283.26,,,,,,,,,,,,
3329,3.19,,,106.47,289.57,104.02,283.29,,,,,,,,,,,,
3330,3.19,,,106.48,289.6,104.03,283.31,,,,,,,,,,,,
3331,3.19,,,106.49,289.62,104.04,283.34,,,,,,,,,,,,
3332,3.19,,,106.5,289.65,104.05,283.36,,,,,,,,,,,,
3333,3.19,,,106.51,289.67,104.06,283.39,,,,,,,,,,,,
3334,3.19,,,106.52,289.7,104.07,283.41,,,,,,,,,,,,
3335,3.19,,,106.53,289.72,104.08,283.44,,,,,,,,,,,,
3336,3.19,,,106.54,289.75,104.09,283.47,,,,,,,,,,,,
3337,3.19,,,106.55,289.78,104.1,283.49,,,,,,,,,,,,
3338,3.19,,,106.56,289.8,104.11,283.52,,,,,,,,,,,,
3339,3.18,,,106.57,289.83,104.12,283.54,,,,,,,,,,,,
3340,3.18,,,106.58,289.85,104.13,283.57,,,,,,,,,,,,
3341,3.18,,,106.59,289.88,104.14,283.59,,,,,,,,,,,,
3342,3.18,,,106.6,289.9,104.15,283.62,,,,,,,,,,,,
3343,3.18,,,106.61,289.93,104.16,283.65,,,,,,,,,,,,
3344,3.18,,,106.62,289.96,104.17,283.67,,,,,,,,,,,,
3345,3.18,,,106.63,289.98,104.18,283.7,,,,,,,,,,,,
3346,3.18,,,106.64,290.01,104.19,283.72,,,,,,,,,,,,
3347,3.18,,,106.65,290.03,104.2,283.75,,,,,,,,,,,,
3348,3.18,,,106.66,290.06,104.21,283.77,,,,,,,,,,,,
3349,3.18,,,106.67,290.08,104.22,283.8,,,,,,,,,,,,
3350,3.18,,,106.68,290.11,104.23,283.82,,,,,,,,,,,,
3351,3.17,,,106.69,290.14,104.24,283.85,,,,,,,,,,,,
3352,3.17,,,106.7,290.16,104.25,283.88,,,,,,,,,,,,
3353,3.17,,,106.71,290.19,104.26,283.9,,,,,,,,,,,,
3354,3.17,,,106.72,290.21,104.27,283.93,,,,,,,,,,,,
3355,3.17,,,106.73,290.24,104.28,283.95,,,,,,,,,,,,
3356,3.17,,,106.74,290.26,104.29,283.98,,,,,,,,,,,,
3357,3.17,,,106.75,290.29,104.3,284,,,,,,,,,,,,
3358,3.17,,,106.76,290.31,104.31,284.03,,,,,,,,,,,,
3359,3.17,,,106.77,290.34,104.32,284.06,,,,,,,,,,,,
3360,3.17,,,106.78,290.37,104.33,284.08,,,,,,,,,,,,
3361,3.17,,,106.79,290.39,104.34,284.11,,,,,,,,,,,,
3362,3.17,,,106.8,290.42,104.35,284.13,,,,,,,,,,,,
3363,3.17,,,106.81,290.44,104.36,284.16,,,,,,,,,,,,
3364,3.16,,,106.82,290.47,104.37,284.18,,,,,,,,,,,,
3365,3.16,,,106.83,290.49,104.38,284.21,,,,,,,,,,,,
3366,3.16,,,106.84,290.52,104.39,284.23,,,,,,,,,,,,
3367,3.16,,,106.85,290.55,104.4,284.26,,,,,,,,,,,,
3368,3.16,,,106.86,290.57,104.41,284.29,,,,,,,,,,,,
3369,3.16,,,106.87,290.6,104.42,284.31,,,,,,,,,,,,
3370,3.16,,,106.88,290.62,104.43,284.34,,,,,,,,,,,,
3371,3.16,,,106.89,290.65,104.44,284.36,,,,,,,,,,,,
3372,3.16,,,106.9,290.67,104.45,284.39,,,,,,,,,,,,
3373,3.16,,,106.91,290.7,104.46,284.41,,,,,,,,,,,,
3374,3.16,,,106.92,290.73,104.47,284.44,,,,,,,,,,,,
3375,3.16,,,106.93,290.75,104.48,284.47,,,,,,,,,,,,
3376,3.16,,,106.94,290.78,104.49,284.49,,,,,,,,,,,,
3377,3.15,,,106.95,290.8,104.5,284.52,,,,,,,,,,,,
3378,3.15,,,106.96,290.83,104.51,284.54,,,,,,,,,,,,
3379,3.15,,,106.97,290.85,104.52,284.57,,,,,,,,,,,,
3380,3.15,,,106.98,290.88,104.53,284.59,,,,,,,,,,,,
3381,3.15,,,106.99,290.91,104.54,284.62,,,,,,,,,,,,
3382,3.15,,,107,290.93,104.55,284.64,,,,,,,,,,,,
3383,3.15,,,107.01,290.96,104.56,284.67,,,,,,,,,,,,
3384,3.15,,,107.02,290.98,104.57,284.7,,,,,,,,,,,,
3385,3.15,,,107.03,291.01,104.58,284.72,,,,,,,,,,,,
3386,3.15,,,107.04,291.03,104.59,284.75,,,,,,,,,,,,
3387,3.15,,,107.05,291.06,104.6,284.77,,,,,,,,,,,,
3388,3.15,,,107.06,291.08,104.61,284.8,,,,,,,,,,,,
3389,3.15,,,107.07,291.11,104.62,284.82,,,,,,,,,,,,
3390,3.14,,,107.08,291.14,104.63,284.85,,,,,,,,,,,,
3391,3.14,,,107.09,291.16,104.64,284.88,,,,,,,,,,,,
3392,3.14,,,107.1,291.19,104.65,284.9,,,,,,,,,,,,
3393,3.14,,,107.11,291.21,104.66,284.93,,,,,,,,,,,,
3394,3.14,,,107.12,291.24,104.67,284.95,,,,,,,,,,,,
3395,3.14,,,107.13,291.26,104.68,284.98,,,,,,,,,,,,
3396,3.14,,,107.14,291.29,104.69,285,,,,,,,,,,,,
3397,3.14,,,107.15,291.32,104.7,285.03,,,,,,,,,,,,
3398,3.14,,,107.16,291.34,104.71,285.06,,,,,,,,,,,,
3399,3.14,,,107.17,291.37,104.72,285.08,,,,,,,,,,,,
3400,3.14,,,107.18,291.39,104.73,285.11,,,,,,,,,,,,
3401,3.14,,,107.19,291.42,104.74,285.13,,,,,,,,,,,,
3402,3.14,,,107.2,291.44,104.75,285.16,,,,,,,,,,,,
3403,3.13,,,107.21,291.47,104.76,285.18,,,,,,,,,,,,
3404,3.13,,,107.22,291.5,104.77,285.21,,,,,,,,,,,,
3405,3.13,,,107.23,291.52,104.78,285.23,,,,,,,,,,,,
3406,3.13,,,107.24,291.55,104.79,285.26,,,,,,,,,,,,
3407,3.13,,,107.25,291.57,104.8,285.29,,,,,,,,,,,,
3408,3.13,,,107.26,291.6,104.81,285.31,,,,,,,,,,,,
3409,3.13,,,107.27,291.62,104.82,285.34,,,,,,,,,,,,
3410,3.13,,,107.28,291.65,104.83,285.36,,,,,,,,,,,,
3411,3.13,,,107.29,291.68,104.84,285.39,,,,,,,,,,,,
3412,3.13,,,107.3,291.7,104.85,285.41,,,,,,,,,,,,
3413,3.13,,,107.31,291.73,104.86,285.44,,,,,,,,,,,,
3414,3.13,,,107.32,291.75,104.87,285.47,,,,,,,,,,,,
3415,3.13,,,107.33,291.78,104.88,285.49,,,,,,,,,,,,
3416,3.12,,,107.34,291.8,104.89,285.52,,,,,,,,,,,,
3417,3.12,,,107.35,291.83,104.9,285.54,,,,,,,,,,,,
3418,3.12,,,107.36,291.86,104.91,285.57,,,,,,,,,,,,
3419,3.12,,,107.37,291.88,104.92,285.59,,,,,,,,,,,,
3420,3.12,,,107.38,291.91,104.93,285.62,,,,,,,,,,,,
3421,3.12,,,107.39,291.93,104.94,285.64,,,,,,,,,,,,
3422,3.12,,,107.4,291.96,104.95,285.67,,,,,,,,,,,,
3423,3.12,,,107.41,291.98,104.96,285.7,,,,,,,,,,,,
3424,3.12,,,107.42,292.01,104.97,285.72,,,,,,,,,,,,
3425,3.12,,,107.43,292.04,104.98,285.75,,,,,,,,,,,,
3426,3.12,,,107.44,292.06,104.99,285.77,,,,,,,,,,,,
3427,3.12,,,107.45,292.09,105,285.8,,,,,,,,,,,,
3428,3.12,,,107.46,292.11,105.01,285.82,,,,,,,,,,,,
3429,3.12,,,107.47,292.14,105.02,285.85,,,,,,,,,,,,
3430,3.11,,,107.48,292.16,105.03,285.88,,,,,,,,,,,,
3431,3.11,,,107.49,292.19,105.04,285.9,,,,,,,,,,,,
3432,3.11,,,107.5,292.21,105.05,285.93,,,,,,,,,,,,
3433,3.11,,,107.51,292.24,105.06,285.95,,,,,,,,,,,,
3434,3.11,,,107.52,292.27,105.07,285.98,,,,,,,,,,,,
3435,3.11,,,107.53,292.29,105.08,286,,,,,,,,,,,,
3436,3.11,,,107.54,292.32,105.09,286.03,,,,,,,,,,,,
3437,3.11,,,107.55,292.34,105.1,286.06,,,,,,,,,,,,
3438,3.11,,,107.56,292.37,105.11,286.08,,,,,,,,,,,,
3439,3.11,,,107.57,292.39,105.12,286.11,,,,,,,,,,,,
3440,3.11,,,107.58,292.42,105.13,286.13,,,,,,,,,,,,
3441,3.11,,,107.59,292.45,105.14,286.16,,,,,,,,,,,,
3442,3.11,,,107.6,292.47,105.15,286.18,,,,,,,,,,,,
3443,3.1,,,107.61,292.5,105.16,286.21,,,,,,,,,,,,
3444,3.1,,,107.62,292.52,105.17,286.23,,,,,,,,,,,,
3445,3.1,,,107.63,292.55,105.18,286.26,,,,,,,,,,,,
3446,3.1,,,107.64,292.57,105.19,286.29,,,,,,,,,,,,
3447,3.1,,,107.65,292.6,105.2,286.31,,,,,,,,,,,,
3448,3.1,,,107.66,292.63,105.21,286.34,,,,,,,,,,,,
3449,3.1,,,107.67,292.65,105.22,286.36,,,,,,,,,,,,
3450,3.1,,,107.68,292.68,105.23,286.39,,,,,,,,,,,,
3451,3.1,,,107.69,292.7,105.24,286.41,,,,,,,,,,,,
3452,3.1,,,107.7,292.73,105.25,286.44,,,,,,,,,,,,
3453,3.1,,,107.71,292.75,105.26,286.47,,,,,,,,,,,,
3454,3.1,,,107.72,292.78,105.27,286.49,,,,,,,,,,,,
3455,3.1,,,107.73,292.81,105.28,286.52,,,,,,,,,,,,
3456,3.1,,,107.74,292.83,105.29,286.54,,,,,,,,,,,,
3457,3.09,,,107.75,292.86,105.3,286.57,,,,,,,,,,,,
3458,3.09,,,107.76,292.88,105.31,286.59,,,,,,,,,,,,
3459,3.09,,,107.77,292.91,105.32,286.62,,,,,,,,,,,,
3460,3.09,,,107.78,292.93,105.33,286.65,,,,,,,,,,,,
3461,3.09,,,107.79,292.96,105.34,286.67,,,,,,,,,,,,
3462,3.09,,,107.8,292.99,105.35,286.7,,,,,,,,,,,,
3463,3.09,,,107.81,293.01,105.36,286.72,,,,,,,,,,,,
3464,3.09,,,107.82,293.04,105.37,286.75,,,,,,,,,,,,
3465,3.09,,,107.83,293.06,105.38,286.77,,,,,,,,,,,,
3466,3.09,,,107.84,293.09,105.39,286.8,,,,,,,,,,,,
3467,3.09,,,107.85,293.11,105.4,286.82,,,,,,,,,,,,
3468,3.09,,,107.86,293.14,105.41,286.85,,,,,,,,,,,,
3469,3.09,,,107.87,293.17,105.42,286.88,,,,,,,,,,,,
3470,3.08,,,107.88,293.19,105.43,286.9,,,,,,,,,,,,
3471,3.08,,,107.89,293.22,105.44,286.93,,,,,,,,,,,,
3472,3.08,,,107.9,293.24,105.45,286.95,,,,,,,,,,,,
3473,3.08,,,107.91,293.27,105.46,286.98,,,,,,,,,,,,
3474,3.08,,,107.92,293.29,105.47,287,,,,,,,,,,,,
3475,3.08,,,107.93,293.32,105.48,287.03,,,,,,,,,,,,
3476,3.08,,,107.94,293.34,105.49,287.06,,,,,,,,,,,,
3477,3.08,,,107.95,293.37,105.5,287.08,,,,,,,,,,,,
3478,3.08,,,107.96,293.4,105.51,287.11,,,,,,,,,,,,
3479,3.08,,,107.97,293.42,105.52,287.13,,,,,,,,,,,,
3480,3.08,,,107.98,293.45,105.53,287.16,,,,,,,,,,,,
3481,3.08,,,107.99,293.47,105.54,287.18,,,,,,,,,,,,
3482,3.08,,,108,293.5,105.55,287.21,,,,,,,,,,,,
3483,3.08,,,108.01,293.52,105.56,287.24,,,,,,,,,,,,
3484,3.07,,,108.02,293.55,105.57,287.26,,,,,,,,,,,,
3485,3.07,,,108.03,293.58,105.58,287.29,,,,,,,,,,,,
3486,3.07,,,108.04,293.6,105.59,287.31,,,,,,,,,,,,
3487,3.07,,,108.05,293.63,105.6,287.34,,,,,,,,,,,,
3488,3.07,,,108.06,293.65,105.61,287.36,,,,,,,,,,,,
3489,3.07,,,108.07,293.68,105.62,287.39,,,,,,,,,,,,
3490,3.07,,,108.08,293.7,105.63,287.41,,,,,,,,,,,,
3491,3.07,,,108.09,293.73,105.64,287.44,,,,,,,,,,,,
3492,3.07,,,108.1,293.76,105.65,287.47,,,,,,,,,,,,
3493,3.07,,,108.11,293.78,105.66,287.49,,,,,,,,,,,,
3494,3.07,,,108.12,293.81,105.67,287.52,,,,,,,,,,,,
3495,3.07,,,108.13,293.83,105.68,287.54,,,,,,,,,,,,
3496,3.07,,,108.14,293.86,105.69,287.57,,,,,,,,,,,,
3497,3.07,,,108.15,293.88,105.7,287.59,,,,,,,,,,,,
3498,3.06,,,108.16,293.91,105.71,287.62,,,,,,,,,,,,
3499,3.06,,,108.17,293.94,105.72,287.65,,,,,,,,,,,,
3500,3.06,,,108.18,293.96,105.73,287.67,,,,,,,,,,,,
3501,3.06,,,108.19,293.99,105.74,287.7,,,,,,,,,,,,
3502,3.06,,,108.2,294.01,105.75,287.72,,,,,,,,,,,,
3503,3.06,,,108.21,294.04,105.76,287.75,,,,,,,,,,,,
3504,3.06,,,108.22,294.06,105.77,287.77,,,,,,,,,,,,
3505,3.06,,,108.23,294.09,105.78,287.8,,,,,,,,,,,,
3506,3.06,,,108.24,294.12,105.79,287.83,,,,,,,,,,,,
3507,3.06,,,108.25,294.14,105.8,287.85,,,,,,,,,,,,
3508,3.06,,,108.26,294.17,105.81,287.88,,,,,,,,,,,,
3509,3.06,,,108.27,294.19,105.82,287.9,,,,,,,,,,,,
3510,3.06,,,108.28,294.22,105.83,287.93,,,,,,,,,,,,
3511,3.06,,,108.29,294.24,105.84,287.95,,,,,,,,,,,,
3512,3.05,,,108.3,294.27,105.85,287.98,,,,,,,,,,,,
3513,3.05,,,108.31,294.3,105.86,288,,,,,,,,,,,,
3514,3.05,,,108.32,294.32,105.87,288.03,,,,,,,,,,,,
3515,3.05,,,108.33,294.35,105.88,288.06,,,,,,,,,,,,
3516,3.05,,,108.34,294.37,105.89,288.08,,,,,,,,,,,,
3517,3.05,,,108.35,294.4,105.9,288.11,,,,,,,,,,,,
3518,3.05,,,108.36,294.42,105.91,288.13,,,,,,,,,,,,
3519,3.05,,,108.37,294.45,105.92,288.16,,,,,,,,,,,,
3520,3.05,,,108.38,294.48,105.93,288.18,,,,,,,,,,,,
3521,3.05,,,108.39,294.5,105.94,288.21,,,,,,,,,,,,
3522,3.05,,,108.4,294.53,105.95,288.24,,,,,,,,,,,,
3523,3.05,,,108.41,294.55,105.96,288.26,,,,,,,,,,,,
3524,3.05,,,108.42,294.58,105.97,288.29,,,,,,,,,,,,
3525,3.05,,,108.43,294.6,105.98,288.31,,,,,,,,,,,,
3526,3.04,,,108.44,294.63,105.99,288.34,,,,,,,,,,,,
3527,3.04,,,108.45,294.66,106,288.36,,,,,,,,,,,,
3528,3.04,,,108.46,294.68,106.01,288.39,,,,,,,,,,,,
3529,3.04,,,108.47,294.71,106.02,288.42,,,,,,,,,,,,
3530,3.04,,,108.48,294.73,106.03,288.44,,,,,,,,,,,,
3531,3.04,,,108.49,294.76,106.04,288.47,,,,,,,,,,,,
3532,3.04,,,108.5,294.78,106.05,288.49,,,,,,,,,,,,
3533,3.04,,,108.51,294.81,106.06,288.52,,,,,,,,,,,,
3534,3.04,,,108.52,294.83,106.07,288.54,,,,,,,,,,,,
3535,3.04,,,108.53,294.86,106.08,288.57,,,,,,,,,,,,
3536,3.04,,,108.54,294.89,106.09,288.6,,,,,,,,,,,,
3537,3.04,,,108.55,294.91,106.1,288.62,,,,,,,,,,,,
3538,3.04,,,108.56,294.94,106.11,288.65,,,,,,,,,,,,
3539,3.04,,,108.57,294.96,106.12,288.67,,,,,,,,,,,,
3540,3.03,,,108.58,294.99,106.13,288.7,,,,,,,,,,,,
3541,3.03,,,108.59,295.01,106.14,288.72,,,,,,,,,,,,
3542,3.03,,,108.6,295.04,106.15,288.75,,,,,,,,,,,,
3543,3.03,,,108.61,295.07,106.16,288.77,,,,,,,,,,,,
3544,3.03,,,108.62,295.09,106.17,288.8,,,,,,,,,,,,
3545,3.03,,,108.63,295.12,106.18,288.83,,,,,,,,,,,,
3546,3.03,,,108.64,295.14,106.19,288.85,,,,,,,,,,,,
3547,3.03,,,108.65,295.17,106.2,288.88,,,,,,,,,,,,
3548,3.03,,,108.66,295.19,106.21,288.9,,,,,,,,,,,,
3549,3.03,,,108.67,295.22,106.22,288.93,,,,,,,,,,,,
3550,3.03,,,108.68,295.25,106.23,288.95,,,,,,,,,,,,
3551,3.03,,,108.69,295.27,106.24,288.98,,,,,,,,,,,,
3552,3.03,,,108.7,295.3,106.25,289.01,,,,,,,,,,,,
3553,3.03,,,108.71,295.32,106.26,289.03,,,,,,,,,,,,
3554,3.03,,,108.72,295.35,106.27,289.06,,,,,,,,,,,,
3555,3.02,,,108.73,295.37,106.28,289.08,,,,,,,,,,,,
3556,3.02,,,108.74,295.4,106.29,289.11,,,,,,,,,,,,
3557,3.02,,,108.75,295.43,106.3,289.13,,,,,,,,,,,,
3558,3.02,,,108.76,295.45,106.31,289.16,,,,,,,,,,,,
3559,3.02,,,108.77,295.48,106.32,289.19,,,,,,,,,,,,
3560,3.02,,,108.78,295.5,106.33,289.21,,,,,,,,,,,,
3561,3.02,,,108.79,295.53,106.34,289.24,,,,,,,,,,,,
3562,3.02,,,108.8,295.55,106.35,289.26,,,,,,,,,,,,
3563,3.02,,,108.81,295.58,106.36,289.29,,,,,,,,,,,,
3564,3.02,,,108.82,295.61,106.37,289.31,,,,,,,,,,,,
3565,3.02,,,108.83,295.63,106.38,289.34,,,,,,,,,,,,
3566,3.02,,,108.84,295.66,106.39,289.36,,,,,,,,,,,,
3567,3.02,,,108.85,295.68,106.4,289.39,,,,,,,,,,,,
3568,3.02,,,108.86,295.71,106.41,289.42,,,,,,,,,,,,
3569,3.01,,,108.87,295.73,106.42,289.44,,,,,,,,,,,,
3570,3.01,,,108.88,295.76,106.43,289.47,,,,,,,,,,,,
3571,3.01,,,108.89,295.79,106.44,289.49,,,,,,,,,,,,
3572,3.01,,,108.9,295.81,106.45,289.52,,,,,,,,,,,,
3573,3.01,,,108.91,295.84,106.46,289.54,,,,,,,,,,,,
3574,3.01,,,108.92,295.86,106.47,289.57,,,,,,,,,,,,
3575,3.01,,,108.93,295.89,106.48,289.6,,,,,,,,,,,,
3576,3.01,,,108.94,295.91,106.49,289.62,,,,,,,,,,,,
3577,3.01,,,108.95,295.94,106.5,289.65,,,,,,,,,,,,
3578,3.01,,,108.96,295.97,106.51,289.67,,,,,,,,,,,,
3579,3.01,,,108.97,295.99,106.52,289.7,,,,,,,,,,,,
3580,3.01,,,108.98,296.02,106.53,289.72,,,,,,,,,,,,
3581,3.01,,,108.99,296.04,106.54,289.75,,,,,,,,,,,,
3582,3.01,,,109,296.07,106.55,289.78,,,,,,,,,,,,
3583,3.01,,,109.01,296.09,106.56,289.8,,,,,,,,,,,,
3584,3,,,109.02,296.12,106.57,289.83,,,,,,,,,,,,
3585,3,,,109.03,296.15,106.58,289.85,,,,,,,,,,,,
3586,3,,,109.04,296.17,106.59,289.88,,,,,,,,,,,,
3587,3,,,109.05,296.2,106.6,289.9,,,,,,,,,,,,
3588,3,,,109.06,296.22,106.61,289.93,,,,,,,,,,,,
3589,3,,,109.07,296.25,106.62,289.96,,,,,,,,,,,,
3590,3,,,109.08,296.27,106.63,289.98,,,,,,,,,,,,
3591,3,,,109.09,296.3,106.64,290.01,,,,,,,,,,,,
3592,3,,,109.1,296.33,106.65,290.03,,,,,,,,,,,,
3593,3,,,109.11,296.35,106.66,290.06,,,,,,,,,,,,
3594,3,,,109.12,296.38,106.67,290.08,,,,,,,,,,,,
3595,3,,,109.13,296.4,106.68,290.11,,,,,,,,,,,,
3596,3,,,109.14,296.43,106.69,290.14,,,,,,,,,,,,
3597,3,,,109.15,296.45,106.7,290.16,,,,,,,,,,,,
3598,3,,,109.16,296.48,106.71,290.19,,,,,,,,,,,,
3599,2.99,,,109.17,296.51,106.72,290.21,,,,,,,,,,,,
3600,2.99,,,109.18,296.53,106.73,290.24,,,,,,,,,,,,
3601,2.99,,,109.19,296.56,106.74,290.26,,,,,,,,,,,,
3602,2.99,,,109.2,296.58,106.75,290.29,,,,,,,,,,,,
3603,2.99,,,109.21,296.61,106.76,290.31,,,,,,,,,,,,
3604,2.99,,,109.22,296.63,106.77,290.34,,,,,,,,,,,,
3605,2.99,,,109.23,296.66,106.78,290.37,,,,,,,,,,,,
3606,2.99,,,109.24,296.69,106.79,290.39,,,,,,,,,,,,
3607,2.99,,,109.25,296.71,106.8,290.42,,,,,,,,,,,,
3608,2.99,,,109.26,296.74,106.81,290.44,,,,,,,,,,,,
3609,2.99,,,109.27,296.76,106.82,290.47,,,,,,,,,,,,
3610,2.99,,,109.28,296.79,106.83,290.49,,,,,,,,,,,,
3611,2.99,,,109.29,296.81,106.84,290.52,,,,,,,,,,,,
3612,2.99,,,109.3,296.84,106.85,290.55,,,,,,,,,,,,
3613,2.99,,,109.31,296.87,106.86,290.57,,,,,,,,,,,,
3614,2.98,,,109.32,296.89,106.87,290.6,,,,,,,,,,,,
3615,2.98,,,109.33,296.92,106.88,290.62,,,,,,,,,,,,
3616,2.98,,,109.34,296.94,106.89,290.65,,,,,,,,,,,,
3617,2.98,,,109.35,296.97,106.9,290.67,,,,,,,,,,,,
3618,2.98,,,109.36,296.99,106.91,290.7,,,,,,,,,,,,
3619,2.98,,,109.37,297.02,106.92,290.73,,,,,,,,,,,,
3620,2.98,,,109.38,297.05,106.93,290.75,,,,,,,,,,,,
3621,2.98,,,109.39,297.07,106.94,290.78,,,,,,,,,,,,
3622,2.98,,,109.4,297.1,106.95,290.8,,,,,,,,,,,,
3623,2.98,,,109.41,297.12,106.96,290.83,,,,,,,,,,,,
3624,2.98,,,109.42,297.15,106.97,290.85,,,,,,,,,,,,
3625,2.98,,,109.43,297.17,106.98,290.88,,,,,,,,,,,,
3626,2.98,,,109.44,297.2,106.99,290.91,,,,,,,,,,,,
3627,2.98,,,109.45,297.23,107,290.93,,,,,,,,,,,,
3628,2.98,,,109.46,297.25,107.01,290.96,,,,,,,,,,,,
3629,2.97,,,109.47,297.28,107.02,290.98,,,,,,,,,,,,
3630,2.97,,,109.48,297.3,107.03,291.01,,,,,,,,,,,,
3631,2.97,,,109.49,297.33,107.04,291.03,,,,,,,,,,,,
3632,2.97,,,109.5,297.35,107.05,291.06,,,,,,,,,,,,
3633,2.97,,,109.51,297.38,107.06,291.08,,,,,,,,,,,,
3634,2.97,,,109.52,297.41,107.07,291.11,,,,,,,,,,,,
3635,2.97,,,109.53,297.43,107.08,291.14,,,,,,,,,,,,
3636,2.97,,,109.54,297.46,107.09,291.16,,,,,,,,,,,,
3637,2.97,,,109.55,297.48,107.1,291.19,,,,,,,,,,,,
3638,2.97,,,109.56,297.51,107.11,291.21,,,,,,,,,,,,
3639,2.97,,,109.57,297.53,107.12,291.24,,,,,,,,,,,,
3640,2.97,,,109.58,297.56,107.13,291.26,,,,,,,,,,,,
3641,2.97,,,109.59,297.59,107.14,291.29,,,,,,,,,,,,
3642,2.97,,,109.6,297.61,107.15,291.32,,,,,,,,,,,,
3643,2.97,,,109.61,297.64,107.16,291.34,,,,,,,,,,,,
3644,2.96,,,109.62,297.66,107.17,291.37,,,,,,,,,,,,
3645,2.96,,,109.63,297.69,107.18,291.39,,,,,,,,,,,,
3646,2.96,,,109.64,297.71,107.19,291.42,,,,,,,,,,,,
3647,2.96,,,109.65,297.74,107.2,291.44,,,,,,,,,,,,
3648,2.96,,,109.66,297.77,107.21,291.47,,,,,,,,,,,,
3649,2.96,,,109.67,297.79,107.22,291.5,,,,,,,,,,,,
3650,2.96,,,110.7,300.44,107.23,291.52,,,,,,,,,,,,
3651,2.96,,,,,107.24,291.55,,,,,,,,,,,,
3652,2.96,,,,,107.25,291.57,,,,,,,,,,,,
3653,2.96,,,,,107.26,291.6,,,,,,,,,,,,
3654,2.96,,,,,107.27,291.62,,,,,,,,,,,,
3655,2.96,,,,,107.28,291.65,,,,,,,,,,,,
3656,2.96,,,,,107.29,291.68,,,,,,,,,,,,
3657,2.96,,,,,107.3,291.7,,,,,,,,,,,,
3658,2.96,,,,,107.31,291.73,,,,,,,,,,,,
3659,2.96,,,,,107.32,291.75,,,,,,,,,,,,
3660,2.95,,,,,107.33,291.78,,,,,,,,,,,,
3661,2.95,,,,,107.34,291.8,,,,,,,,,,,,
3662,2.95,,,,,107.35,291.83,,,,,,,,,,,,
3663,2.95,,,,,107.36,291.86,,,,,,,,,,,,
3664,2.95,,,,,107.37,291.88,,,,,,,,,,,,
3665,2.95,,,,,107.38,291.91,,,,,,,,,,,,
3666,2.95,,,,,107.39,291.93,,,,,,,,,,,,
3667,2.95,,,,,107.4,291.96,,,,,,,,,,,,
3668,2.95,,,,,107.41,291.98,,,,,,,,,,,,
3669,2.95,,,,,107.42,292.01,,,,,,,,,,,,
3670,2.95,,,,,107.43,292.04,,,,,,,,,,,,
3671,2.95,,,,,107.44,292.06,,,,,,,,,,,,
3672,2.95,,,,,107.45,292.09,,,,,,,,,,,,
3673,2.95,,,,,107.46,292.11,,,,,,,,,,,,
3674,2.95,,,,,107.47,292.14,,,,,,,,,,,,
3675,2.94,,,,,107.48,292.16,,,,,,,,,,,,
3676,2.94,,,,,107.49,292.19,,,,,,,,,,,,
3677,2.94,,,,,107.5,292.21,,,,,,,,,,,,
3678,2.94,,,,,107.51,292.24,,,,,,,,,,,,
3679,2.94,,,,,107.52,292.27,,,,,,,,,,,,
3680,2.94,,,,,107.53,292.29,,,,,,,,,,,,
3681,2.94,,,,,107.54,292.32,,,,,,,,,,,,
3682,2.94,,,,,107.55,292.34,,,,,,,,,,,,
3683,2.94,,,,,107.56,292.37,,,,,,,,,,,,
3684,2.94,,,,,107.57,292.39,,,,,,,,,,,,
3685,2.94,,,,,107.58,292.42,,,,,,,,,,,,
3686,2.94,,,,,107.59,292.45,,,,,,,,,,,,
3687,2.94,,,,,107.6,292.47,,,,,,,,,,,,
3688,2.94,,,,,107.61,292.5,,,,,,,,,,,,
3689,2.94,,,,,107.62,292.52,,,,,,,,,,,,
3690,2.94,,,,,107.63,292.55,,,,,,,,,,,,
3691,2.93,,,,,107.64,292.57,,,,,,,,,,,,
3692,2.93,,,,,107.65,292.6,,,,,,,,,,,,
3693,2.93,,,,,107.66,292.63,,,,,,,,,,,,
3694,2.93,,,,,107.67,292.65,,,,,,,,,,,,
3695,2.93,,,,,107.68,292.68,,,,,,,,,,,,
3696,2.93,,,,,107.69,292.7,,,,,,,,,,,,
3697,2.93,,,,,107.7,292.73,,,,,,,,,,,,
3698,2.93,,,,,107.71,292.75,,,,,,,,,,,,
3699,2.93,,,,,107.72,292.78,,,,,,,,,,,,
3700,2.93,,,,,107.73,292.81,,,,,,,,,,,,
3701,2.93,,,,,107.74,292.83,,,,,,,,,,,,
3702,2.93,,,,,107.75,292.86,,,,,,,,,,,,
3703,2.93,,,,,107.76,292.88,,,,,,,,,,,,
3704,2.93,,,,,107.77,292.91,,,,,,,,,,,,
3705,2.93,,,,,107.78,292.93,,,,,,,,,,,,
3706,2.93,,,,,107.79,292.96,,,,,,,,,,,,
3707,2.92,,,,,107.8,292.99,,,,,,,,,,,,
3708,2.92,,,,,107.81,293.01,,,,,,,,,,,,
3709,2.92,,,,,107.82,293.04,,,,,,,,,,,,
3710,2.92,,,,,107.83,293.06,,,,,,,,,,,,
3711,2.92,,,,,107.84,293.09,,,,,,,,,,,,
3712,2.92,,,,,107.85,293.11,,,,,,,,,,,,
3713,2.92,,,,,107.86,293.14,,,,,,,,,,,,
3714,2.92,,,,,107.87,293.17,,,,,,,,,,,,
3715,2.92,,,,,107.88,293.19,,,,,,,,,,,,
3716,2.92,,,,,107.89,293.22,,,,,,,,,,,,
3717,2.92,,,,,107.9,293.24,,,,,,,,,,,,
3718,2.92,,,,,107.91,293.27,,,,,,,,,,,,
3719,2.92,,,,,107.92,293.29,,,,,,,,,,,,
3720,2.92,,,,,107.93,293.32,,,,,,,,,,,,
3721,2.92,,,,,107.94,293.34,,,,,,,,,,,,
3722,2.92,,,,,107.95,293.37,,,,,,,,,,,,
3723,2.91,,,,,107.96,293.4,,,,,,,,,,,,
3724,2.91,,,,,107.97,293.42,,,,,,,,,,,,
3725,2.91,,,,,107.98,293.45,,,,,,,,,,,,
3726,2.91,,,,,107.99,293.47,,,,,,,,,,,,
3727,2.91,,,,,108,293.5,,,,,,,,,,,,
3728,2.91,,,,,108.01,293.52,,,,,,,,,,,,
3729,2.91,,,,,108.02,293.55,,,,,,,,,,,,
3730,2.91,,,,,108.03,293.58,,,,,,,,,,,,
3731,2.91,,,,,108.04,293.6,,,,,,,,,,,,
3732,2.91,,,,,108.05,293.63,,,,,,,,,,,,
3733,2.91,,,,,108.06,293.65,,,,,,,,,,,,
3734,2.91,,,,,108.07,293.68,,,,,,,,,,,,
3735,2.91,,,,,108.08,293.7,,,,,,,,,,,,
3736,2.91,,,,,108.09,293.73,,,,,,,,,,,,
3738,2.91,,,,,108.1,293.76,,,,,,,,,,,,
3740,2.9,,,,,108.11,293.78,,,,,,,,,,,,
3741,2.9,,,,,108.12,293.81,,,,,,,,,,,,
3742,2.9,,,,,108.13,293.83,,,,,,,,,,,,
3744,2.9,,,,,108.14,293.86,,,,,,,,,,,,
3746,2.9,,,,,108.15,293.88,,,,,,,,,,,,
3748,2.9,,,,,108.16,293.91,,,,,,,,,,,,
3749,2.9,,,,,108.17,293.94,,,,,,,,,,,,
3752,2.9,,,,,108.18,293.96,,,,,,,,,,,,
,,,,,,108.19,293.99,,,,,,,,,,,,
,,,,,,108.2,294.01,,,,,,,,,,,,
,,,,,,108.21,294.04,,,,,,,,,,,,
,,,,,,108.22,294.06,,,,,,,,,,,,
,,,,,,108.23,294.09,,,,,,,,,,,,
,,,,,,108.24,294.12,,,,,,,,,,,,
,,,,,,108.25,294.14,,,,,,,,,,,,
,,,,,,108.26,294.17,,,,,,,,,,,,
,,,,,,108.27,294.19,,,,,,,,,,,,
,,,,,,108.28,294.22,,,,,,,,,,,,
,,,,,,108.29,294.24,,,,,,,,,,,,
,,,,,,108.3,294.27,,,,,,,,,,,,
,,,,,,108.31,294.3,,,,,,,,,,,,
,,,,,,108.32,294.32,,,,,,,,,,,,
,,,,,,108.33,294.35,,,,,,,,,,,,
,,,,,,108.34,294.37,,,,,,,,,,,,
,,,,,,108.35,294.4,,,,,,,,,,,,
,,,,,,108.36,294.42,,,,,,,,,,,,
,,,,,,108.37,294.45,,,,,,,,,,,,
,,,,,,108.38,294.48,,,,,,,,,,,,
,,,,,,108.39,294.5,,,,,,,,,,,,
,,,,,,108.4,294.53,,,,,,,,,,,,
,,,,,,108.41,294.55,,,,,,,,,,,,
,,,,,,108.42,294.58,,,,,,,,,,,,
,,,,,,108.43,294.6,,,,,,,,,,,,
,,,,,,108.44,294.63,,,,,,,,,,,,
,,,,,,108.45,294.66,,,,,,,,,,,,
,,,,,,108.46,294.68,,,,,,,,,,,,
,,,,,,108.47,294.71,,,,,,,,,,,,
,,,,,,108.48,294.73,,,,,,,,,,,,
,,,,,,108.49,294.76,,,,,,,,,,,,
,,,,,,108.5,294.78,,,,,,,,,,,,
,,,,,,108.51,294.81,,,,,,,,,,,,
,,,,,,108.52,294.83,,,,,,,,,,,,
,,,,,,108.53,294.86,,,,,,,,,,,,
,,,,,,108.54,294.89,,,,,,,,,,,,
,,,,,,108.55,294.91,,,,,,,,,,,,
,,,,,,108.56,294.94,,,,,,,,,,,,
,,,,,,108.57,294.96,,,,,,,,,,,,
,,,,,,108.58,294.99,,,,,,,,,,,,
,,,,,,108.59,295.01,,,,,,,,,,,,
,,,,,,108.6,295.04,,,,,,,,,,,,
,,,,,,108.61,295.07,,,,,,,,,,,,
,,,,,,108.62,295.09,,,,,,,,,,,,
,,,,,,108.63,295.12,,,,,,,,,,,,
,,,,,,108.64,295.14,,,,,,,,,,,,
,,,,,,108.65,295.17,,,,,,,,,,,,
,,,,,,108.66,295.19,,,,,,,,,,,,
,,,,,,108.67,295.22,,,,,,,,,,,,
,,,,,,108.68,295.25,,,,,,,,,,,,
,,,,,,108.69,295.27,,,,,,,,,,,,
,,,,,,108.7,295.3,,,,,,,,,,,,
,,,,,,108.71,295.32,,,,,,,,,,,,
,,,,,,108.72,295.35,,,,,,,,,,,,
,,,,,,108.73,295.37,,,,,,,,,,,,
,,,,,,108.74,295.4,,,,,,,,,,,,
,,,,,,108.75,295.43,,,,,,,,,,,,
,,,,,,108.76,295.45,,,,,,,,,,,,
,,,,,,108.77,295.48,,,,,,,,,,,,
,,,,,,108.78,295.5,,,,,,,,,,,,
,,,,,,108.79,295.53,,,,,,,,,,,,
,,,,,,108.8,295.55,,,,,,,,,,,,
,,,,,,108.81,295.58,,,,,,,,,,,,
,,,,,,108.82,295.61,,,,,,,,,,,,
,,,,,,108.83,295.63,,,,,,,,,,,,
,,,,,,108.84,295.66,,,,,,,,,,,,
,,,,,,108.85,295.68,,,,,,,,,,,,
,,,,,,108.86,295.71,,,,,,,,,,,,
,,,,,,108.87,295.73,,,,,,,,,,,,
,,,,,,108.88,295.76,,,,,,,,,,,,
,,,,,,108.89,295.79,,,,,,,,,,,,
,,,,,,108.9,295.81,,,,,,,,,,,,
,,,,,,108.91,295.84,,,,,,,,,,,,
,,,,,,108.92,295.86,,,,,,,,,,,,
,,,,,,108.93,295.89,,,,,,,,,,,,
,,,,,,108.94,295.91,,,,,,,,,,,,
,,,,,,108.95,295.94,,,,,,,,,,,,
,,,,,,108.96,295.97,,,,,,,,,,,,
,,,,,,108.97,295.99,,,,,,,,,,,,
,,,,,,108.98,296.02,,,,,,,,,,,,
,,,,,,108.99,296.04,,,,,,,,,,,,
,,,,,,109,296.07,,,,,,,,,,,,
,,,,,,109.01,296.09,,,,,,,,,,,,
,,,,,,109.02,296.12,,,,,,,,,,,,
,,,,,,109.03,296.15,,,,,,,,,,,,
,,,,,,109.04,296.17,,,,,,,,,,,,
,,,,,,109.05,296.2,,,,,,,,,,,,
,,,,,,109.06,296.22,,,,,,,,,,,,
,,,,,,109.07,296.25,,,,,,,,,,,,
,,,,,,109.08,296.27,,,,,,,,,,,,
,,,,,,109.09,296.3,,,,,,,,,,,,
,,,,,,109.1,296.33,,,,,,,,,,,,
,,,,,,109.11,296.35,,,,,,,,,,,,
,,,,,,109.12,296.38,,,,,,,,,,,,
,,,,,,109.13,296.4,,,,,,,,,,,,
,,,,,,109.14,296.43,,,,,,,,,,,,
,,,,,,109.15,296.45,,,,,,,,,,,,
,,,,,,109.16,296.48,,,,,,,,,,,,
,,,,,,109.17,296.51,,,,,,,,,,,,
,,,,,,109.18,296.53,,,,,,,,,,,,
,,,,,,109.19,296.56,,,,,,,,,,,,
,,,,,,109.2,296.58,,,,,,,,,,,,
,,,,,,109.21,296.61,,,,,,,,,,,,
,,,,,,109.22,296.63,,,,,,,,,,,,
,,,,,,109.23,296.66,,,,,,,,,,,,
,,,,,,109.24,296.69,,,,,,,,,,,,
,,,,,,109.25,296.71,,,,,,,,,,,,
,,,,,,109.26,296.74,,,,,,,,,,,,
,,,,,,109.27,296.76,,,,,,,,,,,,
,,,,,,109.28,296.79,,,,,,,,,,,,
,,,,,,109.29,296.81,,,,,,,,,,,,
,,,,,,109.3,296.84,,,,,,,,,,,,
,,,,,,109.31,296.87,,,,,,,,,,,,
,,,,,,109.32,296.89,,,,,,,,,,,,
,,,,,,109.33,296.92,,,,,,,,,,,,
,,,,,,109.34,296.94,,,,,,,,,,,,
,,,,,,109.35,296.97,,,,,,,,,,,,
,,,,,,109.36,296.99,,,,,,,,,,,,
,,,,,,109.37,297.02,,,,,,,,,,,,
,,,,,,109.38,297.05,,,,,,,,,,,,
,,,,,,109.39,297.07,,,,,,,,,,,,
,,,,,,109.4,297.1,,,,,,,,,,,,
,,,,,,109.41,297.12,,,,,,,,,,,,
,,,,,,109.42,297.15,,,,,,,,,,,,
,,,,,,109.43,297.17,,,,,,,,,,,,
,,,,,,109.44,297.2,,,,,,,,,,,,
,,,,,,109.45,297.23,,,,,,,,,,,,
,,,,,,109.46,297.25,,,,,,,,,,,,
,,,,,,109.47,297.28,,,,,,,,,,,,
,,,,,,109.48,297.3,,,,,,,,,,,,
,,,,,,109.49,297.33,,,,,,,,,,,,
,,,,,,109.5,297.35,,,,,,,,,,,,
,,,,,,109.51,297.38,,,,,,,,,,,,
,,,,,,109.52,297.41,,,,,,,,,,,,
,,,,,,109.53,297.43,,,,,,,,,,,,
,,,,,,109.54,297.46,,,,,,,,,,,,
,,,,,,109.55,297.48,,,,,,,,,,,,
,,,,,,109.56,297.51,,,,,,,,,,,,
,,,,,,109.57,297.53,,,,,,,,,,,,
,,,,,,109.58,297.56,,,,,,,,,,,,
,,,,,,109.59,297.59,,,,,,,,,,,,